Title: A.

----

Age: 21

----

Sex: male

----

Datedeparture: 2015-04-01

----

Datearrival: 2017-07-01

----

Jobdeparture: driver

----

Jobarrival: Looking for work as a mechanic

----

Departureplace: Ziguinchor

----

Departurecountry: SN

----

Reasondeparture: «I left on my own in April 2017, when I was 21. I had left school and was working as a driver. In my area, Casamance, the situation is difficult, with constant rebellion, so I decided to leave.»

----

Departurelat: 12.56194

----

Departurelon: -16.28389

----

Legs:

- 
  place: 'Banjul	'
  country: GM
  lat: 13.45604
  lon: -16.59689
  transport: truck
  durationdays: ""
  durationhours: 5
  staydays: 730
  stayhours: ""
  comments: >
    «I stayed here for two years and worked
    as a mechanic, then I left for Mali
    thanks to a lift in a lorry.»
  geojsonleg: '{"type":"FeatureCollection","bbox":[-16.67662,12.562016,-16.225581,13.469401],"features":[{"bbox":[-16.67662,12.562016,-16.225581,13.469401],"type":"Feature","properties":{"segments":[{"distance":151829.9,"duration":7531,"steps":[{"distance":101.5,"duration":24.4,"type":11,"instruction":"Head east","name":"-","way_points":[0,2]},{"distance":40.4,"duration":14.6,"type":0,"instruction":"Turn left onto KH-04","name":"KH-04","way_points":[2,3]},{"distance":42.8,"duration":10.3,"type":1,"instruction":"Turn right onto BS-16","name":"BS-16","way_points":[3,4]},{"distance":252.2,"duration":30.3,"type":0,"instruction":"Turn left onto DJ-01","name":"DJ-01","way_points":[4,9]},{"distance":606.6,"duration":36.4,"type":1,"instruction":"Turn right onto Rue Insa Ndiaye, BS-02","name":"Rue Insa Ndiaye, BS-02","way_points":[9,14]},{"distance":1528.7,"duration":101.8,"type":0,"instruction":"Turn left onto Avenue Djiniabo Bassene","name":"Avenue Djiniabo Bassene","way_points":[14,45]},{"distance":717.7,"duration":68,"type":1,"instruction":"Turn right onto Avenue Ousmane A. Gu\u00e8ye","name":"Avenue Ousmane A. Gu\u00e8ye","way_points":[45,56]},{"distance":396.9,"duration":31.7,"type":1,"instruction":"Turn right onto Route Santhiaba, SO-12","name":"Route Santhiaba, SO-12","way_points":[56,62]},{"distance":478.1,"duration":20.2,"type":0,"instruction":"Turn left onto N 4","name":"N 4","way_points":[62,69]},{"distance":29375.9,"duration":1403.6,"type":7,"instruction":"Enter the roundabout and take the 2nd exit onto N 4","name":"N 4","exit_number":2,"way_points":[69,252]},{"distance":1373.6,"duration":109.9,"type":0,"instruction":"Turn left","name":"-","way_points":[252,265]},{"distance":573.8,"duration":45.9,"type":1,"instruction":"Turn right","name":"-","way_points":[265,279]},{"distance":38,"duration":1.6,"type":1,"instruction":"Turn right","name":"-","way_points":[279,282]},{"distance":519,"duration":46.5,"type":7,"instruction":"Enter the roundabout and take the 4th exit","name":"-","exit_number":4,"way_points":[282,300]},{"distance":76913.7,"duration":3918.6,"type":7,"instruction":"Enter the roundabout and take the 2nd exit","name":"-","exit_number":2,"way_points":[300,808]},{"distance":38152.8,"duration":1615.7,"type":2,"instruction":"Turn sharp left onto South Bank Road","name":"South Bank Road","way_points":[808,1288]},{"distance":718.1,"duration":51.7,"type":1,"instruction":"Turn right onto Kankujereh Road","name":"Kankujereh Road","way_points":[1288,1301]},{"distance":0,"duration":0,"type":10,"instruction":"Arrive at Kankujereh Road, on the right","name":"-","way_points":[1301,1301]}]}],"way_points":[0,1301],"summary":{"distance":151829.9,"duration":7531}},"geometry":{"coordinates":[[-16.283891,12.562016],[-16.283425,12.562021],[-16.282956,12.562026],[-16.282961,12.56239],[-16.282567,12.562395],[-16.282564,12.562921],[-16.282567,12.563132],[-16.282569,12.563219],[-16.282575,12.563883],[-16.282575,12.564663],[-16.281386,12.564656],[-16.280223,12.564652],[-16.279065,12.56466],[-16.277948,12.564655],[-16.276985,12.564648],[-16.276983,12.565146],[-16.276981,12.565397],[-16.277007,12.566164],[-16.27704,12.566904],[-16.277064,12.567237],[-16.277113,12.567678],[-16.277166,12.56801],[-16.277313,12.569194],[-16.277404,12.5697],[-16.277419,12.570099],[-16.277392,12.570353],[-16.27731,12.570698],[-16.277206,12.571017],[-16.277022,12.571482],[-16.276838,12.571779],[-16.276524,12.572236],[-16.276347,12.572489],[-16.275949,12.572998],[-16.275585,12.573503],[-16.2754,12.57376],[-16.27496,12.574359],[-16.274878,12.574527],[-16.274845,12.57466],[-16.27477,12.575161],[-16.274766,12.575286],[-16.27477,12.575626],[-16.274775,12.576028],[-16.274779,12.576391],[-16.274784,12.576819],[-16.274788,12.577173],[-16.274794,12.577649],[-16.274034,12.578018],[-16.273482,12.578283],[-16.272405,12.57879],[-16.272151,12.578908],[-16.272096,12.578932],[-16.271444,12.579224],[-16.270809,12.579527],[-16.270457,12.57974],[-16.270144,12.579977],[-16.269613,12.580446],[-16.26914,12.580898],[-16.268687,12.580382],[-16.268219,12.579858],[-16.267783,12.579358],[-16.267327,12.578845],[-16.266865,12.57831],[-16.26676,12.578188],[-16.265475,12.579282],[-16.265157,12.579581],[-16.265019,12.579736],[-16.264783,12.580113],[-16.264268,12.581239],[-16.264158,12.581384],[-16.264088,12.58151],[-16.264072,12.581511],[-16.264059,12.581513],[-16.264014,12.58153],[-16.263951,12.581601],[-16.26394,12.581652],[-16.263949,12.581704],[-16.263975,12.58175],[-16.264027,12.582055],[-16.263979,12.582185],[-16.263914,12.582338],[-16.263309,12.584038],[-16.262815,12.58536],[-16.262736,12.585605],[-16.262695,12.585771],[-16.262668,12.586002],[-16.262657,12.586544],[-16.262668,12.587528],[-16.262649,12.589162],[-16.262647,12.592457],[-16.262668,12.59304],[-16.26272,12.593268],[-16.262776,12.593437],[-16.262916,12.593715],[-16.263051,12.593899],[-16.26325,12.594089],[-16.263383,12.594194],[-16.263554,12.594306],[-16.267617,12.596288],[-16.269412,12.597176],[-16.272445,12.598645],[-16.272751,12.598823],[-16.272976,12.598993],[-16.273258,12.59926],[-16.273493,12.599589],[-16.273678,12.599948],[-16.275251,12.604221],[-16.276643,12.608058],[-16.277287,12.609907],[-16.277991,12.611852],[-16.27883,12.614417],[-16.279209,12.615729],[-16.279387,12.616428],[-16.279572,12.617299],[-16.279712,12.618147],[-16.279825,12.619468],[-16.279909,12.620929],[-16.280262,12.62426],[-16.28041,12.625873],[-16.280787,12.629324],[-16.280795,12.62956],[-16.280777,12.629755],[-16.280676,12.630136],[-16.28062,12.630293],[-16.280439,12.630619],[-16.278643,12.632914],[-16.276756,12.635294],[-16.276178,12.636058],[-16.274008,12.638824],[-16.273668,12.639316],[-16.272645,12.640935],[-16.271886,12.642171],[-16.271523,12.642691],[-16.271316,12.642894],[-16.271033,12.643094],[-16.269917,12.643725],[-16.269563,12.643943],[-16.269119,12.644258],[-16.267848,12.645229],[-16.267355,12.645584],[-16.266939,12.645863],[-16.266708,12.64605],[-16.266592,12.646166],[-16.266323,12.646485],[-16.266216,12.646661],[-16.26599,12.647261],[-16.265539,12.648959],[-16.265016,12.650726],[-16.264371,12.652411],[-16.263757,12.653846],[-16.263504,12.654515],[-16.263263,12.655452],[-16.262888,12.657894],[-16.262627,12.660037],[-16.262394,12.661762],[-16.26222,12.662924],[-16.261981,12.665703],[-16.26193,12.666001],[-16.261826,12.666308],[-16.261568,12.666883],[-16.261415,12.667113],[-16.261292,12.667268],[-16.260912,12.667693],[-16.260663,12.667921],[-16.26042,12.668108],[-16.260177,12.668258],[-16.259885,12.668404],[-16.259543,12.668537],[-16.25913,12.668634],[-16.258701,12.668714],[-16.244598,12.670785],[-16.243216,12.671005],[-16.230238,12.672901],[-16.22987,12.672982],[-16.229141,12.67327],[-16.228754,12.673465],[-16.228534,12.673598],[-16.228138,12.673889],[-16.22771,12.6743],[-16.226888,12.675041],[-16.226655,12.675294],[-16.226332,12.675711],[-16.226105,12.676084],[-16.225974,12.676345],[-16.225821,12.676738],[-16.225665,12.67726],[-16.22561,12.67765],[-16.225581,12.678265],[-16.225608,12.678662],[-16.226344,12.683918],[-16.226918,12.688257],[-16.227552,12.692892],[-16.227861,12.694949],[-16.228657,12.700781],[-16.228807,12.701959],[-16.229875,12.709209],[-16.230339,12.712207],[-16.230717,12.71497],[-16.231067,12.717266],[-16.231624,12.721077],[-16.231951,12.723089],[-16.232198,12.724896],[-16.234159,12.737941],[-16.234405,12.739722],[-16.234897,12.743027],[-16.23506,12.744278],[-16.23617,12.751644],[-16.237031,12.757451],[-16.23718,12.758549],[-16.237519,12.760167],[-16.238396,12.76321],[-16.239405,12.766979],[-16.241022,12.772478],[-16.241191,12.773066],[-16.241647,12.774788],[-16.242237,12.776807],[-16.242962,12.779475],[-16.243149,12.78023],[-16.243282,12.780877],[-16.243293,12.78094],[-16.243365,12.781384],[-16.243437,12.781982],[-16.243475,12.782613],[-16.243487,12.783556],[-16.243372,12.785107],[-16.243269,12.78568],[-16.243031,12.786612],[-16.242872,12.78708],[-16.242742,12.787376],[-16.242702,12.787467],[-16.24248,12.787982],[-16.241941,12.788842],[-16.241397,12.789592],[-16.240837,12.790238],[-16.240726,12.790353],[-16.239736,12.791312],[-16.239379,12.791577],[-16.238875,12.791941],[-16.238293,12.792336],[-16.237738,12.792676],[-16.237146,12.793002],[-16.236306,12.7934],[-16.235711,12.793658],[-16.235124,12.793912],[-16.234841,12.794035],[-16.234076,12.794366],[-16.232677,12.794972],[-16.232211,12.795174],[-16.2321,12.795223],[-16.231722,12.795386],[-16.231555,12.795459],[-16.230947,12.795722],[-16.230694,12.795832],[-16.230311,12.795997],[-16.230602,12.796647],[-16.231017,12.797578],[-16.231425,12.798494],[-16.231846,12.799441],[-16.232246,12.800339],[-16.232667,12.801285],[-16.233097,12.80225],[-16.233507,12.803171],[-16.23393,12.804122],[-16.234345,12.805054],[-16.234765,12.805995],[-16.235199,12.806969],[-16.235358,12.807327],[-16.235135,12.807674],[-16.234931,12.807955],[-16.234631,12.808325],[-16.23446,12.808488],[-16.234296,12.80864],[-16.234077,12.808842],[-16.233766,12.809151],[-16.233658,12.809245],[-16.233311,12.809561],[-16.232958,12.809929],[-16.232565,12.810316],[-16.232187,12.810681],[-16.23185,12.811038],[-16.231787,12.811115],[-16.23167,12.811122],[-16.231566,12.811152],[-16.231456,12.81121],[-16.231418,12.81121],[-16.231353,12.81123],[-16.231315,12.811261],[-16.231279,12.81135],[-16.231281,12.811379],[-16.231289,12.811408],[-16.231299,12.811428],[-16.231327,12.811463],[-16.231383,12.811495],[-16.231407,12.8115],[-16.231451,12.811622],[-16.231552,12.811749],[-16.231761,12.812323],[-16.232049,12.813071],[-16.232344,12.813894],[-16.232812,12.815182],[-16.232802,12.815238],[-16.232894,12.815432],[-16.232903,12.815455],[-16.23295,12.815482],[-16.232992,12.815472],[-16.233224,12.815437],[-16.233336,12.815471],[-16.233627,12.81553],[-16.234036,12.815645],[-16.234758,12.815803],[-16.235344,12.815956],[-16.236256,12.816215],[-16.236766,12.816385],[-16.237962,12.81684],[-16.23967,12.817521],[-16.241618,12.818274],[-16.244528,12.819437],[-16.244977,12.819645],[-16.245418,12.819888],[-16.245853,12.820152],[-16.24641,12.820548],[-16.24708,12.82111],[-16.247551,12.821555],[-16.247949,12.822003],[-16.249144,12.823285],[-16.249328,12.823492],[-16.251473,12.825819],[-16.254745,12.829419],[-16.255536,12.830209],[-16.256189,12.830733],[-16.256936,12.831195],[-16.257786,12.831642],[-16.259231,12.832357],[-16.264257,12.834807],[-16.266422,12.83585],[-16.267442,12.83632],[-16.268345,12.836685],[-16.269848,12.837225],[-16.27485,12.838875],[-16.278283,12.84004],[-16.279959,12.840673],[-16.283096,12.842009],[-16.284281,12.842651],[-16.284572,12.842845],[-16.286268,12.843935],[-16.287003,12.84432],[-16.288766,12.845131],[-16.291918,12.846544],[-16.293547,12.847311],[-16.294149,12.847533],[-16.294634,12.847642],[-16.296191,12.847885],[-16.296484,12.847951],[-16.29714,12.848178],[-16.298334,12.848693],[-16.30609,12.852113],[-16.306584,12.852343],[-16.307263,12.852735],[-16.307542,12.852912],[-16.307854,12.853136],[-16.308501,12.853632],[-16.314059,12.859143],[-16.314367,12.859474],[-16.314647,12.85981],[-16.315085,12.860388],[-16.315532,12.861092],[-16.315739,12.861505],[-16.319117,12.868542],[-16.320629,12.871841],[-16.321226,12.872839],[-16.321695,12.873574],[-16.323591,12.876379],[-16.325698,12.87941],[-16.331283,12.887513],[-16.331532,12.887847],[-16.33193,12.888341],[-16.332569,12.888977],[-16.333199,12.889498],[-16.33374,12.889889],[-16.33426,12.890204],[-16.336398,12.891302],[-16.336844,12.891535],[-16.339284,12.892739],[-16.340826,12.893473],[-16.342324,12.894213],[-16.343843,12.894975],[-16.344002,12.895057],[-16.344119,12.895116],[-16.344236,12.895174],[-16.345251,12.895656],[-16.345902,12.89598],[-16.346291,12.896153],[-16.346334,12.896171],[-16.346575,12.896273],[-16.347006,12.896408],[-16.347318,12.896489],[-16.347947,12.896638],[-16.348253,12.896694],[-16.348684,12.896744],[-16.348949,12.896756],[-16.349373,12.896775],[-16.3496,12.896768],[-16.350014,12.896746],[-16.35127,12.89664],[-16.35333,12.896558],[-16.353776,12.896581],[-16.354201,12.896625],[-16.354641,12.896721],[-16.357047,12.897448],[-16.357673,12.897639],[-16.358219,12.897782],[-16.36922,12.901082],[-16.372236,12.901965],[-16.372939,12.90217],[-16.374651,12.902621],[-16.379452,12.904079],[-16.387563,12.906231],[-16.391764,12.907343],[-16.39267,12.907552],[-16.394312,12.907967],[-16.394767,12.908047],[-16.395234,12.908107],[-16.396189,12.908151],[-16.396982,12.908136],[-16.399613,12.908082],[-16.402001,12.90803],[-16.404927,12.907955],[-16.415992,12.907721],[-16.416421,12.907741],[-16.416947,12.90779],[-16.417628,12.907899],[-16.418117,12.907996],[-16.418943,12.90824],[-16.419958,12.908632],[-16.422657,12.909688],[-16.425577,12.910792],[-16.427498,12.911543],[-16.429728,12.912393],[-16.430609,12.912774],[-16.431109,12.913009],[-16.432309,12.91364],[-16.432999,12.91406],[-16.433408,12.914349],[-16.433683,12.914596],[-16.434029,12.914934],[-16.434926,12.91609],[-16.43509,12.916352],[-16.43527,12.916672],[-16.436048,12.918399],[-16.436596,12.919546],[-16.436918,12.920153],[-16.437447,12.921251],[-16.438083,12.922465],[-16.438783,12.923852],[-16.440992,12.927862],[-16.4412,12.928202],[-16.441542,12.928715],[-16.44176,12.928989],[-16.442105,12.929387],[-16.44277,12.930111],[-16.443775,12.931166],[-16.444968,12.932498],[-16.446854,12.934549],[-16.447803,12.935696],[-16.448256,12.936179],[-16.449056,12.936914],[-16.451563,12.939153],[-16.452798,12.940332],[-16.453569,12.941133],[-16.454652,12.942296],[-16.455861,12.943562],[-16.456434,12.944171],[-16.456961,12.944727],[-16.457535,12.945331],[-16.457996,12.945847],[-16.45867,12.946567],[-16.459019,12.946932],[-16.459233,12.947132],[-16.459815,12.947753],[-16.460316,12.948392],[-16.460772,12.949081],[-16.46112,12.949633],[-16.462339,12.951488],[-16.462606,12.951918],[-16.462826,12.952202],[-16.463381,12.952832],[-16.463858,12.953241],[-16.464607,12.953764],[-16.468538,12.956317],[-16.47046,12.957546],[-16.472233,12.958705],[-16.474341,12.960047],[-16.476401,12.961386],[-16.477024,12.961808],[-16.478114,12.962613],[-16.479044,12.96334],[-16.480133,12.964175],[-16.482425,12.965931],[-16.484213,12.967322],[-16.484718,12.967746],[-16.485244,12.968131],[-16.485964,12.968541],[-16.486566,12.968797],[-16.487091,12.968946],[-16.487647,12.96907],[-16.487886,12.969112],[-16.491758,12.969722],[-16.495395,12.970341],[-16.499601,12.971004],[-16.501702,12.971315],[-16.509318,12.972565],[-16.510079,12.972693],[-16.511441,12.972913],[-16.512627,12.973158],[-16.513702,12.973494],[-16.514597,12.973846],[-16.518562,12.975574],[-16.519835,12.976159],[-16.520799,12.976638],[-16.521233,12.976883],[-16.521462,12.977013],[-16.52243,12.977663],[-16.523367,12.978402],[-16.524346,12.979188],[-16.52521,12.979863],[-16.526142,12.980599],[-16.527166,12.981378],[-16.527772,12.98181],[-16.528617,12.982351],[-16.530933,12.983687],[-16.532741,12.984706],[-16.533734,12.985329],[-16.534551,12.985791],[-16.536373,12.986875],[-16.544096,12.991384],[-16.545066,12.991981],[-16.546596,12.992862],[-16.547127,12.99319],[-16.54783,12.993592],[-16.548715,12.99413],[-16.5496,12.994631],[-16.550018,12.994886],[-16.550521,12.995254],[-16.550738,12.995458],[-16.551102,12.995889],[-16.551433,12.996328],[-16.551629,12.996716],[-16.551723,12.99696],[-16.551806,12.997232],[-16.552361,12.999203],[-16.552647,13.000409],[-16.553962,13.004973],[-16.554423,13.006573],[-16.554556,13.006926],[-16.55468,13.007206],[-16.554816,13.007431],[-16.555037,13.007759],[-16.555518,13.00834],[-16.556596,13.009615],[-16.557167,13.010216],[-16.558354,13.011406],[-16.559079,13.012104],[-16.559776,13.012812],[-16.560106,13.013167],[-16.560477,13.013528],[-16.560908,13.013914],[-16.561311,13.01424],[-16.562526,13.015175],[-16.564169,13.016398],[-16.567923,13.019262],[-16.571597,13.022091],[-16.571968,13.02241],[-16.572278,13.022698],[-16.572551,13.022988],[-16.573725,13.024319],[-16.57403,13.024662],[-16.574825,13.025527],[-16.575106,13.025859],[-16.575495,13.026162],[-16.575831,13.026369],[-16.578722,13.027927],[-16.579647,13.028517],[-16.58029,13.02896],[-16.581441,13.02971],[-16.58254,13.030366],[-16.583659,13.030971],[-16.58426,13.031252],[-16.584692,13.031428],[-16.585075,13.031566],[-16.588521,13.032543],[-16.588794,13.032686],[-16.589028,13.032864],[-16.58925,13.033091],[-16.591678,13.036292],[-16.593285,13.038334],[-16.594673,13.040131],[-16.595003,13.040514],[-16.595307,13.04083],[-16.595465,13.040971],[-16.596324,13.041615],[-16.59726,13.042318],[-16.597726,13.042667],[-16.59792,13.042832],[-16.598001,13.042928],[-16.598084,13.043072],[-16.598126,13.043234],[-16.598095,13.043449],[-16.598105,13.043523],[-16.598062,13.043654],[-16.597844,13.044224],[-16.597741,13.044545],[-16.597679,13.044871],[-16.597649,13.045331],[-16.597658,13.045586],[-16.597662,13.046331],[-16.597663,13.046632],[-16.597635,13.046932],[-16.597583,13.04743],[-16.597461,13.048265],[-16.597283,13.049612],[-16.597151,13.050334],[-16.597106,13.050733],[-16.597031,13.051087],[-16.596981,13.051467],[-16.596768,13.052726],[-16.596579,13.053822],[-16.5965,13.054279],[-16.596375,13.054981],[-16.596364,13.055067],[-16.596127,13.056506],[-16.595932,13.05796],[-16.595703,13.059316],[-16.595632,13.059944],[-16.595612,13.060689],[-16.595719,13.067264],[-16.595712,13.068838],[-16.595598,13.069813],[-16.595166,13.072087],[-16.594599,13.075225],[-16.594399,13.076081],[-16.594112,13.076938],[-16.593853,13.077498],[-16.593416,13.078165],[-16.592233,13.079851],[-16.589798,13.083119],[-16.589245,13.083765],[-16.588558,13.084379],[-16.587058,13.085593],[-16.585024,13.08727],[-16.584399,13.087858],[-16.583917,13.088438],[-16.583552,13.088961],[-16.583114,13.089777],[-16.582934,13.090293],[-16.582747,13.090974],[-16.582539,13.092499],[-16.581556,13.100398],[-16.581175,13.103041],[-16.580986,13.104771],[-16.58075,13.106695],[-16.580496,13.10861],[-16.580397,13.109114],[-16.580257,13.109659],[-16.579974,13.110641],[-16.579517,13.112029],[-16.579089,13.113505],[-16.577684,13.117993],[-16.577165,13.11983],[-16.577009,13.120555],[-16.57645,13.125544],[-16.576384,13.126252],[-16.575979,13.129748],[-16.575774,13.133103],[-16.575644,13.135541],[-16.575598,13.136141],[-16.575543,13.137353],[-16.575445,13.139004],[-16.575426,13.139996],[-16.575428,13.140315],[-16.575489,13.140875],[-16.575684,13.141913],[-16.575829,13.142391],[-16.576242,13.143539],[-16.576533,13.144345],[-16.576564,13.144466],[-16.576785,13.145331],[-16.577151,13.146734],[-16.577548,13.148117],[-16.577666,13.148654],[-16.577764,13.149125],[-16.578061,13.150374],[-16.578255,13.151515],[-16.578307,13.152023],[-16.578341,13.15258],[-16.578323,13.153024],[-16.578275,13.153584],[-16.57814,13.154315],[-16.577867,13.156124],[-16.576666,13.163542],[-16.576533,13.16482],[-16.576522,13.164908],[-16.576335,13.166459],[-16.576099,13.169316],[-16.57588,13.171646],[-16.575822,13.172352],[-16.57566,13.173827],[-16.575659,13.173853],[-16.575625,13.174328],[-16.575543,13.175297],[-16.575521,13.175507],[-16.575492,13.176046],[-16.575499,13.17658],[-16.575536,13.177127],[-16.575637,13.178418],[-16.575798,13.180284],[-16.575855,13.180853],[-16.575889,13.181051],[-16.57601,13.181591],[-16.576199,13.182265],[-16.576247,13.182409],[-16.576303,13.182575],[-16.576745,13.183641],[-16.577532,13.185491],[-16.578063,13.186727],[-16.578127,13.186875],[-16.578672,13.188143],[-16.579039,13.188993],[-16.579111,13.189161],[-16.57941,13.189855],[-16.57955,13.190184],[-16.580225,13.191771],[-16.581326,13.194358],[-16.581501,13.194765],[-16.581692,13.195212],[-16.58183,13.195534],[-16.582031,13.196006],[-16.582545,13.197207],[-16.58287,13.197968],[-16.583256,13.198848],[-16.58367,13.199841],[-16.584042,13.200711],[-16.584474,13.201696],[-16.585107,13.203225],[-16.58524,13.203579],[-16.585313,13.203799],[-16.585637,13.20502],[-16.586292,13.207504],[-16.586515,13.208312],[-16.586789,13.20932],[-16.586927,13.209828],[-16.58725,13.210972],[-16.587613,13.212347],[-16.587644,13.212462],[-16.587764,13.212937],[-16.587985,13.213711],[-16.588308,13.214735],[-16.589195,13.217221],[-16.589531,13.218246],[-16.590203,13.220118],[-16.590623,13.221352],[-16.590749,13.221738],[-16.590921,13.222416],[-16.590986,13.222727],[-16.591101,13.223395],[-16.591239,13.224533],[-16.591334,13.225531],[-16.591559,13.227327],[-16.591698,13.228525],[-16.591846,13.229904],[-16.591937,13.230609],[-16.592136,13.232406],[-16.592295,13.233753],[-16.592822,13.238337],[-16.592994,13.239646],[-16.593119,13.240872],[-16.593855,13.24741],[-16.593947,13.248529],[-16.593963,13.249346],[-16.59388,13.253272],[-16.593877,13.253442],[-16.593863,13.254251],[-16.593853,13.254856],[-16.593864,13.255098],[-16.593899,13.255341],[-16.594002,13.255792],[-16.594346,13.256873],[-16.594642,13.257791],[-16.595006,13.258914],[-16.595129,13.259304],[-16.595288,13.259782],[-16.595457,13.260359],[-16.595568,13.26084],[-16.595667,13.261537],[-16.595695,13.261971],[-16.595696,13.262305],[-16.595644,13.263052],[-16.595321,13.266157],[-16.595212,13.267189],[-16.59504,13.26877],[-16.594981,13.269143],[-16.594879,13.269595],[-16.594746,13.270111],[-16.593719,13.273125],[-16.593277,13.274445],[-16.592663,13.276256],[-16.59205,13.278076],[-16.591901,13.278719],[-16.591829,13.279517],[-16.591815,13.279868],[-16.591777,13.280774],[-16.592869,13.280501],[-16.593096,13.280446],[-16.593717,13.280257],[-16.594898,13.280057],[-16.595249,13.280018],[-16.596049,13.279978],[-16.596512,13.279995],[-16.596924,13.280036],[-16.597354,13.28011],[-16.597739,13.280197],[-16.598319,13.280359],[-16.598873,13.280581],[-16.599387,13.280826],[-16.599826,13.281093],[-16.600352,13.281475],[-16.600747,13.28179],[-16.601656,13.282654],[-16.602077,13.283081],[-16.603219,13.284185],[-16.603448,13.284392],[-16.603843,13.284694],[-16.603966,13.284785],[-16.604592,13.285137],[-16.60493,13.285307],[-16.605083,13.285389],[-16.605682,13.285617],[-16.605985,13.285716],[-16.606282,13.285797],[-16.607004,13.28593],[-16.607342,13.285967],[-16.609074,13.286113],[-16.610248,13.286234],[-16.610749,13.286272],[-16.61179,13.286368],[-16.612565,13.286421],[-16.612905,13.286418],[-16.613183,13.286409],[-16.614628,13.286271],[-16.616081,13.286133],[-16.617106,13.286002],[-16.618229,13.285795],[-16.618785,13.285684],[-16.619364,13.285523],[-16.620085,13.285256],[-16.620225,13.285202],[-16.620815,13.284955],[-16.62135,13.284724],[-16.621596,13.284628],[-16.622242,13.284309],[-16.62289,13.283943],[-16.623041,13.28386],[-16.62313,13.283813],[-16.62369,13.283522],[-16.623973,13.283393],[-16.624258,13.283284],[-16.624927,13.283066],[-16.625464,13.282908],[-16.626955,13.282418],[-16.62793,13.282066],[-16.629132,13.28161],[-16.629495,13.281469],[-16.630585,13.281047],[-16.631699,13.280567],[-16.631906,13.280473],[-16.632546,13.28017],[-16.632767,13.280066],[-16.633041,13.279941],[-16.633928,13.27953],[-16.634547,13.27924],[-16.635266,13.278897],[-16.635301,13.278879],[-16.635894,13.278604],[-16.636239,13.278477],[-16.636805,13.278314],[-16.637162,13.278238],[-16.637241,13.278221],[-16.637429,13.278186],[-16.637785,13.278138],[-16.637853,13.278131],[-16.638432,13.278112],[-16.638844,13.278121],[-16.639458,13.278174],[-16.640096,13.27824],[-16.640391,13.27828],[-16.641516,13.278407],[-16.64226,13.278483],[-16.643019,13.278568],[-16.643629,13.278645],[-16.643893,13.278676],[-16.644486,13.278743],[-16.644919,13.278787],[-16.645457,13.278847],[-16.645967,13.278902],[-16.647595,13.279076],[-16.648049,13.279119],[-16.648279,13.279143],[-16.648387,13.279156],[-16.649432,13.279269],[-16.650404,13.27937],[-16.651225,13.279508],[-16.651849,13.279717],[-16.652386,13.279943],[-16.652604,13.280085],[-16.652774,13.280197],[-16.652992,13.280353],[-16.653023,13.280369],[-16.653331,13.280615],[-16.653414,13.28069],[-16.653888,13.281208],[-16.654046,13.281398],[-16.654206,13.281637],[-16.654486,13.282128],[-16.654537,13.282237],[-16.654697,13.282581],[-16.654706,13.282602],[-16.654766,13.282741],[-16.654945,13.283171],[-16.655154,13.283647],[-16.655185,13.283718],[-16.655519,13.284504],[-16.656198,13.286039],[-16.656387,13.286486],[-16.656484,13.286709],[-16.656841,13.287577],[-16.657308,13.288594],[-16.657388,13.28879],[-16.657561,13.289179],[-16.657968,13.29022],[-16.658519,13.291623],[-16.658756,13.292119],[-16.65905,13.292649],[-16.659841,13.293851],[-16.660582,13.294985],[-16.661101,13.295871],[-16.661333,13.296393],[-16.661516,13.296887],[-16.661681,13.297455],[-16.661861,13.298257],[-16.662085,13.299552],[-16.662645,13.303612],[-16.662703,13.304295],[-16.662725,13.305105],[-16.662734,13.305995],[-16.662739,13.306558],[-16.662733,13.307188],[-16.662719,13.307579],[-16.662711,13.307741],[-16.662667,13.308324],[-16.662617,13.308953],[-16.662603,13.309115],[-16.662538,13.309959],[-16.662531,13.310131],[-16.662499,13.310647],[-16.662504,13.311048],[-16.662534,13.311385],[-16.662654,13.312177],[-16.662677,13.312281],[-16.662844,13.313225],[-16.662916,13.313631],[-16.66306,13.314101],[-16.663095,13.314182],[-16.663322,13.314631],[-16.663359,13.3147],[-16.663719,13.31528],[-16.6639,13.31556],[-16.66435,13.316339],[-16.664928,13.317391],[-16.665154,13.31782],[-16.665312,13.318217],[-16.665655,13.319415],[-16.665762,13.320049],[-16.665863,13.320658],[-16.665978,13.321216],[-16.666036,13.32144],[-16.666199,13.32198],[-16.666247,13.322137],[-16.666589,13.323389],[-16.666899,13.324228],[-16.667108,13.324655],[-16.667293,13.32501],[-16.667506,13.325473],[-16.667683,13.325879],[-16.667864,13.326384],[-16.667966,13.326665],[-16.668017,13.326875],[-16.668078,13.327429],[-16.668134,13.328446],[-16.668152,13.328737],[-16.668171,13.328981],[-16.668257,13.329488],[-16.668399,13.330278],[-16.668418,13.330384],[-16.668568,13.331038],[-16.668764,13.331745],[-16.668953,13.332525],[-16.669046,13.332874],[-16.669102,13.333066],[-16.669177,13.333505],[-16.669214,13.3338],[-16.669275,13.33423],[-16.669348,13.33485],[-16.669371,13.335069],[-16.669486,13.335839],[-16.669584,13.336667],[-16.669589,13.336707],[-16.669642,13.337354],[-16.669677,13.337779],[-16.669715,13.338215],[-16.669722,13.338293],[-16.669771,13.338995],[-16.669786,13.339235],[-16.669798,13.339551],[-16.669811,13.339931],[-16.669844,13.340469],[-16.669848,13.340532],[-16.669886,13.341174],[-16.669896,13.341421],[-16.669905,13.341664],[-16.6699,13.342109],[-16.669857,13.342861],[-16.669834,13.343092],[-16.669826,13.343174],[-16.669813,13.343281],[-16.669779,13.343613],[-16.669727,13.34398],[-16.669698,13.34419],[-16.669677,13.344337],[-16.669625,13.344474],[-16.669448,13.345713],[-16.669312,13.346645],[-16.669137,13.347745],[-16.669078,13.347989],[-16.668962,13.348353],[-16.668827,13.348704],[-16.668714,13.348935],[-16.668568,13.349186],[-16.668373,13.349475],[-16.667386,13.350824],[-16.666878,13.351541],[-16.665429,13.353512],[-16.665369,13.353595],[-16.664194,13.355236],[-16.663023,13.35684],[-16.662199,13.357971],[-16.658625,13.362883],[-16.657036,13.365073],[-16.656097,13.366312],[-16.655724,13.366817],[-16.655664,13.36689],[-16.655396,13.367236],[-16.655232,13.367453],[-16.654021,13.369042],[-16.653627,13.369547],[-16.653379,13.369868],[-16.653127,13.370192],[-16.652852,13.370547],[-16.652143,13.371466],[-16.651516,13.372275],[-16.650331,13.373755],[-16.649683,13.374569],[-16.649521,13.37478],[-16.649037,13.375387],[-16.648484,13.376192],[-16.648255,13.376488],[-16.64775,13.377142],[-16.646126,13.379245],[-16.645675,13.379818],[-16.645516,13.380028],[-16.645049,13.380635],[-16.644553,13.381285],[-16.644327,13.381614],[-16.644047,13.382126],[-16.643999,13.382258],[-16.643855,13.382684],[-16.643844,13.382743],[-16.643707,13.383319],[-16.643562,13.383944],[-16.643372,13.384772],[-16.643082,13.38603],[-16.642884,13.38691],[-16.642732,13.387517],[-16.642624,13.388128],[-16.642537,13.388761],[-16.642479,13.389505],[-16.642473,13.389785],[-16.642485,13.390197],[-16.642525,13.390717],[-16.642571,13.39107],[-16.642772,13.392059],[-16.642996,13.392765],[-16.643288,13.393507],[-16.643462,13.393875],[-16.643588,13.394105],[-16.643958,13.394698],[-16.644151,13.394975],[-16.644362,13.395276],[-16.644667,13.395706],[-16.645338,13.396537],[-16.645592,13.396795],[-16.645953,13.397098],[-16.646416,13.397416],[-16.646623,13.397534],[-16.64892,13.398737],[-16.649427,13.399009],[-16.650622,13.399625],[-16.652268,13.400485],[-16.653201,13.400948],[-16.65429,13.40142],[-16.654952,13.401675],[-16.655615,13.401887],[-16.656464,13.402114],[-16.657325,13.402294],[-16.658989,13.402584],[-16.660768,13.402913],[-16.661154,13.402993],[-16.661517,13.403098],[-16.661849,13.403216],[-16.662173,13.403368],[-16.662511,13.403567],[-16.663042,13.403944],[-16.663464,13.404333],[-16.66395,13.40486],[-16.66462,13.405588],[-16.665627,13.406632],[-16.665733,13.406741],[-16.666069,13.407069],[-16.667247,13.408233],[-16.667751,13.408731],[-16.668611,13.40963],[-16.668825,13.409809],[-16.669437,13.410457],[-16.669648,13.410687],[-16.669936,13.411049],[-16.67018,13.411366],[-16.670404,13.411672],[-16.670468,13.411772],[-16.67064,13.412047],[-16.670899,13.412476],[-16.671192,13.413003],[-16.671604,13.413915],[-16.671965,13.414726],[-16.672609,13.416197],[-16.672767,13.41659],[-16.672873,13.416852],[-16.672926,13.416984],[-16.673113,13.417515],[-16.673272,13.418026],[-16.673511,13.418824],[-16.673634,13.419312],[-16.67365,13.41938],[-16.673779,13.41995],[-16.673921,13.420753],[-16.674043,13.421676],[-16.6741,13.422403],[-16.674132,13.422954],[-16.67415,13.423548],[-16.674148,13.424243],[-16.674143,13.425181],[-16.674142,13.426201],[-16.67419,13.426898],[-16.674235,13.427201],[-16.674325,13.427716],[-16.674409,13.428067],[-16.674619,13.428944],[-16.674729,13.429397],[-16.675445,13.432344],[-16.675482,13.432491],[-16.675617,13.433051],[-16.675756,13.433642],[-16.675947,13.434436],[-16.676046,13.434861],[-16.676155,13.435336],[-16.676286,13.435873],[-16.676482,13.436726],[-16.676561,13.437231],[-16.676604,13.437687],[-16.67662,13.438466],[-16.676614,13.43875],[-16.676587,13.439071],[-16.676509,13.439646],[-16.676382,13.440258],[-16.676307,13.44055],[-16.676034,13.441422],[-16.676,13.441532],[-16.675752,13.442292],[-16.67542,13.443352],[-16.675344,13.443571],[-16.675152,13.444202],[-16.675073,13.44443],[-16.674941,13.444814],[-16.674916,13.444879],[-16.67471,13.445361],[-16.674571,13.445605],[-16.674439,13.445786],[-16.673879,13.446472],[-16.672916,13.447396],[-16.672456,13.447817],[-16.671084,13.449105],[-16.669665,13.450413],[-16.668125,13.451871],[-16.663971,13.455714],[-16.662325,13.457225],[-16.661675,13.457819],[-16.66071,13.458713],[-16.659736,13.459594],[-16.659208,13.460128],[-16.658952,13.460389],[-16.658797,13.460578],[-16.658405,13.461159],[-16.658032,13.461812],[-16.657386,13.463092],[-16.657221,13.463376],[-16.656896,13.463856],[-16.656823,13.463946],[-16.656435,13.464383],[-16.656181,13.464638],[-16.655916,13.464861],[-16.655632,13.465053],[-16.655283,13.465251],[-16.654923,13.465433],[-16.654516,13.465606],[-16.654014,13.465772],[-16.651433,13.466437],[-16.651339,13.466464],[-16.65114,13.466515],[-16.650433,13.466692],[-16.649366,13.466958],[-16.644471,13.468149],[-16.640752,13.469077],[-16.640439,13.469137],[-16.639206,13.469268],[-16.638754,13.469281],[-16.637867,13.469255],[-16.636996,13.469164],[-16.636281,13.469055],[-16.634531,13.46874],[-16.632419,13.468377],[-16.630118,13.468005],[-16.629617,13.467939],[-16.629039,13.467885],[-16.627073,13.467737],[-16.626428,13.467701],[-16.625999,13.467706],[-16.62537,13.46777],[-16.624858,13.467868],[-16.624249,13.468023],[-16.623911,13.468135],[-16.622904,13.468449],[-16.62214,13.468618],[-16.621816,13.468716],[-16.621004,13.468893],[-16.619314,13.469263],[-16.618854,13.469338],[-16.618161,13.469395],[-16.617692,13.469401],[-16.617021,13.46937],[-16.6153,13.469255],[-16.61482,13.469195],[-16.614166,13.469061],[-16.613534,13.468886],[-16.612952,13.468672],[-16.612398,13.468402],[-16.611779,13.468064],[-16.610132,13.467043],[-16.609116,13.466426],[-16.608823,13.46627],[-16.608331,13.466048],[-16.607899,13.465887],[-16.607346,13.46572],[-16.606073,13.465444],[-16.605243,13.46524],[-16.603521,13.464771],[-16.603168,13.464684],[-16.602639,13.464581],[-16.601279,13.464441],[-16.599501,13.464234],[-16.598518,13.464123],[-16.597649,13.464022],[-16.597401,13.463997],[-16.596349,13.463822],[-16.596392,13.463589],[-16.596614,13.462369],[-16.596646,13.462117],[-16.596662,13.461828],[-16.596665,13.46149],[-16.596625,13.46117],[-16.596523,13.460747],[-16.596444,13.460515],[-16.596345,13.460265],[-16.596228,13.460038],[-16.596045,13.459746],[-16.595775,13.459422],[-16.594538,13.458058]],"type":"LineString"}}],"metadata":{"attribution":"openrouteservice.org | OpenStreetMap contributors","service":"routing","timestamp":1774989814169,"query":{"coordinates":[[-16.28389,12.56194],[-16.59689,13.45604]],"profile":"driving-car","profileName":"driving-car","format":"json"},"engine":{"version":"9.5.0","build_date":"2025-10-31T12:33:09Z","graph_date":"2026-03-29T16:23:36Z","osm_date":"2026-03-23T01:00:02Z"}}}'
  geojsonuse: 'true'
  id: "0"
- 
  place: Bamako
  country: ML
  lat: 12.644549634767
  lon: -8.00648767
  transport: truck
  durationdays: 5
  durationhours: ""
  staydays: 2
  stayhours: ""
  comments: «I left by bus for Algiers.»
  geojsonleg: |
    {"type":"FeatureCollection","bbox":[-16.596665,12.644531,-7.930117,14.71156],"features":[{"bbox":[-16.596665,12.644531,-7.930117,14.71156],"type":"Feature","properties":{"segments":[{"distance":1248012.2,"duration":71367.1,"steps":[{"distance":718.1,"duration":51.7,"type":11,"instruction":"Head northwest on Kankujereh Road","name":"Kankujereh Road","way_points":[0,13]},{"distance":1505.7,"duration":63.8,"type":1,"instruction":"Turn right onto Banjul - Serrekunda Highway","name":"Banjul - Serrekunda Highway","way_points":[13,29]},{"distance":1229.3,"duration":53.6,"type":7,"instruction":"Enter the roundabout and take the 2nd exit onto Independence Drive","name":"Independence Drive","exit_number":2,"way_points":[29,55]},{"distance":909.7,"duration":39.1,"type":7,"instruction":"Enter the roundabout and take the 2nd exit onto Daniel Goddard Street","name":"Daniel Goddard Street","exit_number":2,"way_points":[55,67]},{"distance":5677.2,"duration":3601.1,"type":0,"instruction":"Turn left onto Cherno Adama Bah Street","name":"Cherno Adama Bah Street","way_points":[67,91]},{"distance":2637.2,"duration":118.6,"type":1,"instruction":"Turn right onto Trans-West African Coastal Highway","name":"Trans-West African Coastal Highway","way_points":[91,154]},{"distance":106990,"duration":4531.2,"type":1,"instruction":"Turn right onto North Bank Road","name":"North Bank Road","way_points":[154,736]},{"distance":363.2,"duration":21.9,"type":5,"instruction":"Turn slight right onto Trans-Gambia Highway","name":"Trans-Gambia Highway","way_points":[736,749]},{"distance":79280.2,"duration":3357.6,"type":7,"instruction":"Enter the roundabout and take the 3rd exit onto North Bank Road","name":"North Bank Road","exit_number":3,"way_points":[749,1161]},{"distance":18783.1,"duration":1244.9,"type":0,"instruction":"Turn left","name":"-","way_points":[1161,1381]},{"distance":5316,"duration":640.8,"type":6,"instruction":"Continue straight","name":"-","way_points":[1381,1492]},{"distance":595.2,"duration":71.4,"type":0,"instruction":"Turn left","name":"-","way_points":[1492,1513]},{"distance":991.8,"duration":119,"type":0,"instruction":"Turn left","name":"-","way_points":[1513,1534]},{"distance":657.3,"duration":78.9,"type":13,"instruction":"Keep right","name":"-","way_points":[1534,1543]},{"distance":134183.2,"duration":6136.8,"type":5,"instruction":"Turn slight right onto N 1","name":"N 1","way_points":[1543,2083]},{"distance":173583.8,"duration":8149.9,"type":7,"instruction":"Enter the roundabout and take the 2nd exit onto N 1","name":"N 1","exit_number":2,"way_points":[2083,2965]},{"distance":3645.9,"duration":437.5,"type":0,"instruction":"Turn left","name":"-","way_points":[2965,3045]},{"distance":1611.8,"duration":193.4,"type":13,"instruction":"Keep right","name":"-","way_points":[3045,3072]},{"distance":726,"duration":87.1,"type":1,"instruction":"Turn right","name":"-","way_points":[3072,3088]},{"distance":940.4,"duration":112.8,"type":12,"instruction":"Keep left","name":"-","way_points":[3088,3108]},{"distance":934.5,"duration":42,"type":6,"instruction":"Continue straight onto N 2","name":"N 2","way_points":[3108,3129]},{"distance":90962.8,"duration":6990.1,"type":0,"instruction":"Turn left","name":"-","way_points":[3129,3784]},{"distance":1881.1,"duration":124.9,"type":1,"instruction":"Turn right onto Route de Contournement de Kayes, RN1","name":"Route de Contournement de Kayes, RN1","way_points":[3784,3792]},{"distance":6812.9,"duration":395.6,"type":7,"instruction":"Enter the roundabout and take the 2nd exit onto Route de Contournement de Kayes, RN1","name":"Route de Contournement de Kayes, RN1","exit_number":2,"way_points":[3792,3847]},{"distance":882.2,"duration":105.9,"type":0,"instruction":"Turn left","name":"-","way_points":[3847,3861]},{"distance":169.9,"duration":17.9,"type":1,"instruction":"Turn right","name":"-","way_points":[3861,3872]},{"distance":2968,"duration":216.9,"type":13,"instruction":"Keep right onto Route de l'A\u00e9roport","name":"Route de l'A\u00e9roport","way_points":[3872,3876]},{"distance":209.5,"duration":11.6,"type":1,"instruction":"Turn right onto Kayes - Nioro - Goumbou, RN23","name":"Kayes - Nioro - Goumbou, RN23","way_points":[3876,3877]},{"distance":262722.8,"duration":14693.3,"type":0,"instruction":"Turn left onto RN1","name":"RN1","way_points":[3877,5342]},{"distance":89.2,"duration":9.5,"type":7,"instruction":"Enter the roundabout and take the 2nd exit onto RN3","name":"RN3","exit_number":2,"way_points":[5342,5349]},{"distance":321477.2,"duration":18356.7,"type":6,"instruction":"Continue straight onto Mauritanie - Gogui - Nioro du Sahel - Di\u00e9ma - Bamako, RN3","name":"Mauritanie - Gogui - Nioro du Sahel - Di\u00e9ma - Bamako, RN3","way_points":[5349,7130]},{"distance":4045.9,"duration":265.7,"type":7,"instruction":"Enter the roundabout and take the 1st exit onto Mauritanie - Gogui - Nioro du Sahel - Di\u00e9ma - Bamako, RN3","name":"Mauritanie - Gogui - Nioro du Sahel - Di\u00e9ma - Bamako, RN3","exit_number":1,"way_points":[7130,7198]},{"distance":1622.7,"duration":113.7,"type":7,"instruction":"Enter the roundabout and take the 2nd exit onto Rue Kon\u00e9 Bourama, RN3","name":"Rue Kon\u00e9 Bourama, RN3","exit_number":2,"way_points":[7198,7235]},{"distance":1095.1,"duration":81.1,"type":7,"instruction":"Enter the roundabout and take the 1st exit onto Rue 10, RR9","name":"Rue 10, RR9","exit_number":1,"way_points":[7235,7253]},{"distance":10669.7,"duration":707.5,"type":13,"instruction":"Keep right onto RR9","name":"RR9","way_points":[7253,7453]},{"distance":564,"duration":54.3,"type":7,"instruction":"Enter the roundabout and take the 2nd exit","name":"-","exit_number":2,"way_points":[7453,7470]},{"distance":53.6,"duration":5.5,"type":1,"instruction":"Turn right onto Rue 377","name":"Rue 377","way_points":[7470,7471]},{"distance":345.7,"duration":24.9,"type":1,"instruction":"Turn right onto Rue Abdoul Dramani","name":"Rue Abdoul Dramani","way_points":[7471,7475]},{"distance":160,"duration":38.4,"type":2,"instruction":"Turn sharp left onto Rue de Dakar","name":"Rue de Dakar","way_points":[7475,7477]},{"distance":0,"duration":0,"type":10,"instruction":"Arrive at Rue de Dakar, on the left","name":"-","way_points":[7477,7477]}]}],"extras":{"roadaccessrestrictions":{"values":[[0,3861,0],[3861,3869,16],[3869,7477,0]],"summary":[{"value":0,"distance":1247877.6,"amount":99.99},{"value":16,"distance":134.6,"amount":0.01}]}},"warnings":[{"code":1,"message":"There may be restrictions on some roads"}],"way_points":[0,7477],"summary":{"distance":1248012.2,"duration":71367.1}},"geometry":{"coordinates":[[-16.594538,13.458058],[-16.595775,13.459422],[-16.596045,13.459746],[-16.596228,13.460038],[-16.596345,13.460265],[-16.596444,13.460515],[-16.596523,13.460747],[-16.596625,13.46117],[-16.596665,13.46149],[-16.596662,13.461828],[-16.596646,13.462117],[-16.596614,13.462369],[-16.596392,13.463589],[-16.596349,13.463822],[-16.59599,13.463763],[-16.591634,13.463041],[-16.590708,13.462869],[-16.589746,13.462627],[-16.58938,13.462484],[-16.587934,13.462055],[-16.587288,13.461888],[-16.586929,13.461817],[-16.585834,13.461644],[-16.585206,13.461562],[-16.584613,13.461427],[-16.584408,13.461353],[-16.584093,13.461212],[-16.583606,13.460936],[-16.583169,13.460666],[-16.582961,13.460508],[-16.582932,13.460436],[-16.582853,13.460382],[-16.582757,13.460384],[-16.582724,13.460401],[-16.582689,13.460378],[-16.582664,13.460367],[-16.582598,13.460347],[-16.582529,13.460294],[-16.582438,13.460237],[-16.581693,13.459757],[-16.581259,13.459433],[-16.581179,13.459376],[-16.580847,13.459167],[-16.579872,13.458474],[-16.578494,13.457509],[-16.578357,13.457409],[-16.577819,13.457035],[-16.57778,13.457008],[-16.576989,13.456446],[-16.57678,13.456272],[-16.576489,13.455984],[-16.576131,13.4555],[-16.575321,13.454358],[-16.574923,13.45378],[-16.574742,13.453511],[-16.574595,13.453319],[-16.574549,13.453265],[-16.574528,13.453257],[-16.574475,13.452968],[-16.574543,13.452319],[-16.574683,13.45093],[-16.574839,13.449535],[-16.574984,13.448174],[-16.575029,13.44775],[-16.575062,13.447449],[-16.575098,13.447088],[-16.575137,13.446748],[-16.575298,13.445213],[-16.574803,13.44515],[-16.573782,13.445025],[-16.573502,13.44501],[-16.573462,13.445049],[-16.573161,13.44589],[-16.573055,13.445972],[-16.572385,13.446485],[-16.572339,13.446514],[-16.572281,13.446528],[-16.5722,13.446532],[-16.572105,13.446535],[-16.571508,13.446634],[-16.571079,13.446783],[-16.570746,13.446939],[-16.570405,13.447208],[-16.569913,13.447722],[-16.548988,13.481892],[-16.548391,13.482545],[-16.547288,13.483484],[-16.546534,13.484056],[-16.546142,13.484363],[-16.545966,13.484524],[-16.545784,13.484701],[-16.545306,13.485098],[-16.544775,13.484567],[-16.544687,13.484472],[-16.544576,13.484334],[-16.54454,13.484273],[-16.544454,13.484105],[-16.544388,13.483901],[-16.544359,13.483735],[-16.54429,13.483293],[-16.544255,13.482908],[-16.544235,13.482815],[-16.544161,13.48264],[-16.544046,13.482488],[-16.543798,13.48224],[-16.543545,13.481983],[-16.543231,13.481658],[-16.543097,13.481532],[-16.542911,13.481423],[-16.542706,13.481357],[-16.542598,13.481346],[-16.542427,13.48136],[-16.542203,13.481419],[-16.541495,13.481684],[-16.540902,13.481903],[-16.540431,13.482081],[-16.539909,13.482263],[-16.539639,13.482349],[-16.539342,13.482434],[-16.538939,13.482552],[-16.538721,13.482615],[-16.538271,13.482726],[-16.537585,13.482874],[-16.536879,13.483004],[-16.536401,13.483072],[-16.535302,13.483209],[-16.534796,13.483277],[-16.534641,13.48333],[-16.534482,13.483415],[-16.534272,13.483587],[-16.534005,13.483845],[-16.533657,13.484189],[-16.533528,13.484308],[-16.533208,13.484609],[-16.532913,13.484886],[-16.532687,13.485098],[-16.532235,13.485497],[-16.532056,13.485625],[-16.5319,13.485724],[-16.531733,13.485812],[-16.531571,13.485893],[-16.531171,13.486075],[-16.530366,13.486431],[-16.53022,13.486492],[-16.52963,13.486744],[-16.528966,13.487095],[-16.528627,13.487296],[-16.528544,13.487349],[-16.528385,13.487448],[-16.527832,13.48779],[-16.527225,13.488158],[-16.526595,13.488553],[-16.526244,13.488764],[-16.526021,13.488905],[-16.525414,13.489279],[-16.525157,13.488944],[-16.524992,13.4887],[-16.524636,13.488147],[-16.52415,13.487411],[-16.523697,13.486693],[-16.523206,13.485936],[-16.522687,13.485145],[-16.522257,13.484509],[-16.52212,13.484332],[-16.521744,13.483905],[-16.521339,13.483513],[-16.521002,13.483239],[-16.520378,13.482799],[-16.519741,13.482466],[-16.519429,13.482326],[-16.518859,13.482111],[-16.518109,13.481925],[-16.517989,13.481898],[-16.517711,13.481849],[-16.51711,13.481787],[-16.51679,13.481774],[-16.516084,13.481745],[-16.515801,13.481706],[-16.515708,13.481688],[-16.514776,13.481457],[-16.514373,13.481338],[-16.513899,13.481208],[-16.513565,13.481121],[-16.513131,13.481036],[-16.512916,13.480996],[-16.512472,13.480946],[-16.512276,13.480932],[-16.511847,13.480919],[-16.511544,13.48093],[-16.511154,13.480964],[-16.510712,13.481031],[-16.509992,13.481163],[-16.50928,13.48128],[-16.508913,13.481335],[-16.508194,13.481404],[-16.507928,13.481425],[-16.506852,13.481505],[-16.506077,13.481569],[-16.505856,13.481588],[-16.505325,13.481632],[-16.504698,13.481684],[-16.503502,13.481766],[-16.502915,13.481784],[-16.502296,13.481761],[-16.501606,13.481694],[-16.5012,13.481628],[-16.500359,13.481434],[-16.500078,13.481339],[-16.498993,13.480913],[-16.497987,13.480504],[-16.496046,13.479715],[-16.494979,13.479427],[-16.494426,13.479321],[-16.494259,13.47929],[-16.493664,13.479235],[-16.493131,13.479209],[-16.49231,13.479204],[-16.491116,13.479264],[-16.49024,13.479308],[-16.489624,13.479362],[-16.489278,13.479424],[-16.488402,13.479648],[-16.487812,13.479873],[-16.486419,13.480485],[-16.485756,13.480748],[-16.485351,13.480869],[-16.484992,13.480955],[-16.484621,13.481023],[-16.480327,13.481646],[-16.479223,13.481783],[-16.477313,13.482049],[-16.477076,13.482082],[-16.476996,13.482092],[-16.476575,13.482148],[-16.475977,13.482254],[-16.475632,13.482334],[-16.475465,13.482375],[-16.475146,13.482468],[-16.474718,13.482617],[-16.473882,13.48296],[-16.473206,13.483334],[-16.472651,13.483665],[-16.468145,13.486463],[-16.467879,13.486614],[-16.467584,13.486758],[-16.467268,13.486885],[-16.466785,13.487031],[-16.466265,13.487128],[-16.464617,13.48723],[-16.463989,13.487299],[-16.463611,13.487376],[-16.46329,13.487469],[-16.462942,13.48759],[-16.462391,13.487821],[-16.462191,13.487928],[-16.461891,13.488108],[-16.4616,13.488305],[-16.46143,13.488448],[-16.46045,13.489307],[-16.459754,13.489912],[-16.459349,13.490239],[-16.45906,13.490432],[-16.458562,13.490703],[-16.458506,13.490725],[-16.456352,13.491534],[-16.455079,13.492],[-16.454612,13.492155],[-16.454074,13.492306],[-16.453235,13.492482],[-16.450458,13.492888],[-16.446482,13.493491],[-16.446083,13.493563],[-16.444966,13.493807],[-16.444213,13.494009],[-16.443298,13.494301],[-16.442557,13.494594],[-16.441863,13.494899],[-16.440632,13.49551],[-16.438938,13.496388],[-16.438335,13.496674],[-16.437341,13.49712],[-16.436121,13.497565],[-16.434331,13.498117],[-16.431941,13.498815],[-16.42943,13.499544],[-16.428396,13.499913],[-16.427945,13.500097],[-16.427237,13.50042],[-16.426137,13.501004],[-16.425283,13.501497],[-16.420845,13.504164],[-16.419724,13.504823],[-16.418578,13.505619],[-16.417859,13.506179],[-16.417313,13.506626],[-16.416628,13.507224],[-16.413008,13.510462],[-16.412259,13.511186],[-16.410884,13.512657],[-16.406649,13.517786],[-16.405837,13.518723],[-16.405471,13.519088],[-16.405119,13.519418],[-16.404553,13.519858],[-16.403999,13.520247],[-16.403423,13.520588],[-16.402756,13.520898],[-16.401843,13.521272],[-16.400973,13.521532],[-16.400474,13.521645],[-16.399678,13.521781],[-16.398951,13.521843],[-16.398519,13.521859],[-16.391561,13.521921],[-16.391357,13.521922],[-16.390872,13.521925],[-16.390158,13.521928],[-16.38961,13.521931],[-16.387945,13.521957],[-16.387484,13.521965],[-16.38581,13.521986],[-16.38337,13.521995],[-16.382691,13.521971],[-16.374229,13.521407],[-16.373642,13.521386],[-16.373163,13.52139],[-16.372736,13.521412],[-16.369436,13.521806],[-16.364169,13.522465],[-16.363354,13.522621],[-16.362374,13.522887],[-16.362042,13.522993],[-16.36136,13.523257],[-16.360837,13.523487],[-16.360299,13.523762],[-16.359506,13.524209],[-16.359116,13.524462],[-16.358506,13.524855],[-16.358313,13.524984],[-16.357249,13.52562],[-16.357096,13.525696],[-16.356891,13.525798],[-16.356549,13.525951],[-16.356049,13.526131],[-16.355597,13.526273],[-16.349817,13.52744],[-16.349145,13.527583],[-16.348764,13.527689],[-16.348037,13.527939],[-16.345785,13.528842],[-16.344867,13.529197],[-16.344412,13.529358],[-16.339254,13.530783],[-16.337615,13.531273],[-16.33705,13.531473],[-16.332609,13.533198],[-16.332059,13.533412],[-16.330707,13.533902],[-16.330323,13.534018],[-16.329073,13.534335],[-16.328604,13.534429],[-16.327953,13.534533],[-16.326798,13.534676],[-16.324526,13.535002],[-16.322977,13.535219],[-16.321517,13.535406],[-16.321104,13.535463],[-16.32061,13.535545],[-16.319665,13.535731],[-16.319162,13.535854],[-16.31799,13.536216],[-16.316696,13.536688],[-16.315686,13.537081],[-16.314789,13.537426],[-16.311751,13.538604],[-16.310445,13.539102],[-16.309661,13.539358],[-16.309357,13.539427],[-16.308923,13.539499],[-16.308289,13.539578],[-16.307888,13.539602],[-16.307524,13.539602],[-16.306742,13.539546],[-16.306372,13.539493],[-16.305915,13.539402],[-16.305155,13.539181],[-16.304572,13.538936],[-16.304285,13.538789],[-16.299825,13.536333],[-16.299217,13.536027],[-16.298293,13.535628],[-16.297339,13.535289],[-16.29233,13.533607],[-16.291877,13.533496],[-16.291249,13.533376],[-16.290944,13.533332],[-16.290403,13.533296],[-16.288952,13.533243],[-16.288854,13.533239],[-16.284802,13.533127],[-16.284554,13.533118],[-16.282958,13.533068],[-16.280798,13.533012],[-16.28014,13.532994],[-16.279967,13.532997],[-16.279568,13.533004],[-16.278631,13.532997],[-16.27652,13.53294],[-16.275565,13.532966],[-16.272265,13.533216],[-16.263493,13.533938],[-16.262225,13.533962],[-16.260888,13.533906],[-16.256944,13.533577],[-16.251885,13.533165],[-16.251806,13.533158],[-16.25066,13.533061],[-16.250028,13.53303],[-16.248746,13.532901],[-16.246036,13.53269],[-16.244177,13.532543],[-16.244093,13.532538],[-16.243618,13.532503],[-16.24274,13.532431],[-16.241332,13.532389],[-16.240511,13.53241],[-16.239472,13.532498],[-16.238658,13.532601],[-16.23833,13.532657],[-16.237817,13.532744],[-16.236305,13.53305],[-16.235205,13.533245],[-16.234557,13.533324],[-16.23374,13.533395],[-16.228028,13.534001],[-16.226862,13.5341],[-16.226611,13.534118],[-16.226035,13.534126],[-16.224529,13.53407],[-16.22315,13.534041],[-16.221151,13.533991],[-16.220798,13.533986],[-16.220385,13.53397],[-16.219685,13.533956],[-16.217876,13.533901],[-16.217245,13.53386],[-16.206529,13.532904],[-16.204795,13.532739],[-16.200891,13.532393],[-16.196054,13.531953],[-16.181036,13.530406],[-16.180206,13.530338],[-16.179974,13.530341],[-16.179248,13.530314],[-16.17805,13.53027],[-16.177165,13.530238],[-16.177043,13.530233],[-16.176793,13.530224],[-16.175715,13.53019],[-16.161125,13.529677],[-16.160607,13.529675],[-16.160016,13.529719],[-16.159466,13.529795],[-16.153342,13.53089],[-16.15301,13.53095],[-16.152474,13.531048],[-16.152217,13.531092],[-16.14516,13.532369],[-16.144819,13.532417],[-16.144561,13.532436],[-16.144117,13.532418],[-16.142493,13.532198],[-16.141979,13.532103],[-16.140262,13.531727],[-16.140016,13.531679],[-16.139604,13.531634],[-16.139325,13.531632],[-16.136589,13.53177],[-16.135471,13.531822],[-16.135064,13.531844],[-16.134575,13.531847],[-16.134478,13.531836],[-16.134355,13.531812],[-16.133709,13.531624],[-16.133003,13.531402],[-16.129051,13.530163],[-16.124486,13.528703],[-16.12404,13.528519],[-16.123439,13.528205],[-16.122438,13.527596],[-16.120959,13.526658],[-16.1203,13.526151],[-16.118723,13.524858],[-16.117973,13.524308],[-16.117682,13.524124],[-16.117074,13.523786],[-16.115711,13.52311],[-16.11492,13.522737],[-16.114516,13.522548],[-16.113044,13.521946],[-16.112566,13.521726],[-16.112267,13.521563],[-16.111995,13.521374],[-16.11167,13.521122],[-16.111394,13.52086],[-16.111239,13.520691],[-16.110939,13.520283],[-16.110679,13.519808],[-16.110491,13.519339],[-16.110362,13.51899],[-16.109898,13.517593],[-16.10977,13.517131],[-16.109285,13.515157],[-16.109089,13.514444],[-16.108987,13.514123],[-16.10871,13.513359],[-16.108025,13.511773],[-16.107157,13.509859],[-16.107007,13.509606],[-16.10685,13.509393],[-16.106632,13.509147],[-16.10635,13.508865],[-16.104971,13.507576],[-16.104066,13.506702],[-16.103564,13.506178],[-16.103242,13.505735],[-16.102565,13.504682],[-16.101678,13.503236],[-16.10076,13.501768],[-16.099121,13.499059],[-16.098726,13.498375],[-16.098531,13.498096],[-16.098171,13.497692],[-16.097973,13.49752],[-16.097439,13.497122],[-16.097278,13.497015],[-16.0966,13.496698],[-16.096257,13.496582],[-16.095953,13.496499],[-16.095294,13.496345],[-16.093577,13.495884],[-16.093407,13.495836],[-16.093131,13.495771],[-16.09281,13.495699],[-16.091749,13.495423],[-16.09145,13.49535],[-16.090733,13.495173],[-16.090614,13.495144],[-16.090133,13.495054],[-16.089954,13.495036],[-16.089324,13.495012],[-16.088869,13.495028],[-16.088472,13.495078],[-16.08812,13.495149],[-16.087617,13.49529],[-16.08719,13.495443],[-16.086866,13.495589],[-16.086641,13.495703],[-16.08618,13.49599],[-16.085635,13.496392],[-16.084903,13.496962],[-16.084316,13.497421],[-16.080771,13.500178],[-16.076866,13.503215],[-16.073598,13.505763],[-16.070931,13.507836],[-16.069062,13.509304],[-16.067245,13.510721],[-16.06684,13.511026],[-16.058253,13.5177],[-16.054026,13.520988],[-16.052692,13.522014],[-16.052303,13.522295],[-16.051866,13.522601],[-16.051302,13.522947],[-16.050296,13.523464],[-16.049751,13.523696],[-16.049134,13.52393],[-16.048657,13.524115],[-16.048135,13.524277],[-16.04754,13.524438],[-16.047086,13.524535],[-16.045787,13.524729],[-16.044894,13.524799],[-16.041898,13.525035],[-16.031193,13.525848],[-16.030407,13.525903],[-16.030139,13.525924],[-16.028324,13.526064],[-16.027957,13.526096],[-16.024596,13.526348],[-16.023702,13.526403],[-16.02153,13.526574],[-16.015137,13.527045],[-16.005958,13.52775],[-16.00278,13.528005],[-16.00216,13.528084],[-16.001279,13.528252],[-16.000698,13.528397],[-15.999331,13.528818],[-15.991478,13.531587],[-15.983331,13.534454],[-15.976215,13.536966],[-15.973179,13.538037],[-15.971592,13.538602],[-15.971529,13.538624],[-15.970165,13.539096],[-15.966415,13.54042],[-15.964778,13.540993],[-15.947927,13.54693],[-15.945885,13.547656],[-15.935731,13.551206],[-15.93133,13.552769],[-15.925142,13.554935],[-15.923959,13.555295],[-15.922117,13.555817],[-15.921685,13.555939],[-15.918434,13.556864],[-15.916439,13.557419],[-15.91423,13.558066],[-15.913989,13.558134],[-15.912478,13.558569],[-15.912261,13.558622],[-15.908812,13.559606],[-15.907155,13.560082],[-15.902253,13.56147],[-15.884518,13.566533],[-15.875917,13.568998],[-15.868688,13.571055],[-15.866935,13.571564],[-15.865946,13.571848],[-15.864602,13.5722],[-15.863788,13.572371],[-15.862662,13.572502],[-15.861955,13.572545],[-15.861445,13.572559],[-15.860658,13.572538],[-15.859905,13.572474],[-15.85945,13.572419],[-15.859066,13.572361],[-15.85855,13.572261],[-15.85768,13.572052],[-15.855867,13.571514],[-15.852789,13.570633],[-15.849449,13.569636],[-15.844662,13.568235],[-15.838092,13.5663],[-15.835783,13.565621],[-15.832367,13.56461],[-15.832059,13.564538],[-15.831275,13.564396],[-15.830345,13.564251],[-15.829374,13.564191],[-15.828305,13.564174],[-15.827733,13.564204],[-15.82704,13.564279],[-15.811304,13.566555],[-15.808827,13.566923],[-15.806313,13.567282],[-15.804907,13.567492],[-15.795896,13.568812],[-15.795669,13.568845],[-15.794127,13.569067],[-15.793348,13.569179],[-15.791797,13.56939],[-15.79144,13.569424],[-15.790806,13.569456],[-15.789849,13.569456],[-15.78926,13.569428],[-15.782035,13.568793],[-15.763369,13.567183],[-15.757188,13.566633],[-15.753285,13.566314],[-15.752591,13.566252],[-15.751834,13.566187],[-15.750601,13.566084],[-15.750254,13.566056],[-15.749331,13.565972],[-15.749222,13.565962],[-15.748633,13.565904],[-15.747823,13.565786],[-15.745181,13.565205],[-15.74382,13.564908],[-15.729689,13.561677],[-15.722484,13.560031],[-15.719755,13.559407],[-15.719317,13.559317],[-15.718826,13.559239],[-15.718104,13.559143],[-15.717605,13.5591],[-15.717024,13.559076],[-15.715785,13.559078],[-15.712018,13.559135],[-15.703249,13.559264],[-15.70133,13.55929],[-15.700713,13.559306],[-15.698146,13.559341],[-15.69783,13.559346],[-15.687685,13.55951],[-15.686139,13.559528],[-15.67889,13.559643],[-15.674364,13.559707],[-15.672957,13.559733],[-15.666509,13.559832],[-15.656239,13.559991],[-15.65556,13.560025],[-15.654843,13.560104],[-15.653897,13.560261],[-15.653073,13.56046],[-15.644848,13.562824],[-15.643702,13.563157],[-15.639187,13.564466],[-15.633261,13.566178],[-15.629563,13.56725],[-15.627877,13.567764],[-15.626766,13.568054],[-15.617976,13.570586],[-15.616514,13.571002],[-15.613693,13.571817],[-15.613089,13.571996],[-15.609599,13.573011],[-15.608311,13.573381],[-15.607513,13.573614],[-15.606802,13.573794],[-15.605905,13.573949],[-15.605332,13.574019],[-15.60464,13.574076],[-15.604411,13.574081],[-15.603695,13.574089],[-15.603151,13.574076],[-15.602249,13.573999],[-15.601386,13.57389],[-15.600579,13.573788],[-15.600396,13.573766],[-15.600035,13.573717],[-15.598999,13.573574],[-15.598332,13.573487],[-15.598031,13.573216],[-15.597765,13.572966],[-15.597591,13.57281],[-15.597489,13.572721],[-15.59734,13.572589],[-15.59703,13.57246],[-15.596865,13.572373],[-15.596731,13.572281],[-15.596616,13.572178],[-15.596231,13.571618],[-15.596042,13.571423],[-15.595985,13.57133],[-15.595931,13.571274],[-15.595927,13.571249],[-15.595886,13.57122],[-15.59584,13.57124],[-15.595831,13.571264],[-15.595835,13.571289],[-15.595651,13.571401],[-15.595547,13.571445],[-15.594361,13.57171],[-15.593964,13.571801],[-15.593648,13.571875],[-15.592728,13.57208],[-15.592087,13.572217],[-15.591137,13.572417],[-15.589967,13.572626],[-15.58947,13.57269],[-15.589205,13.572723],[-15.588689,13.572785],[-15.588151,13.572831],[-15.587955,13.572839],[-15.587121,13.572891],[-15.586331,13.572925],[-15.585175,13.572997],[-15.584277,13.573055],[-15.577841,13.573409],[-15.576888,13.573456],[-15.576086,13.5735],[-15.575602,13.573531],[-15.574631,13.573573],[-15.574067,13.573613],[-15.572942,13.573644],[-15.572519,13.573638],[-15.571555,13.573584],[-15.570682,13.573497],[-15.569876,13.57337],[-15.569337,13.573264],[-15.568749,13.573127],[-15.568057,13.57293],[-15.566985,13.572565],[-15.562807,13.570888],[-15.562684,13.570836],[-15.557421,13.568728],[-15.555664,13.568024],[-15.545264,13.563818],[-15.54008,13.561738],[-15.538587,13.561188],[-15.53746,13.560858],[-15.536772,13.560679],[-15.535992,13.560511],[-15.535524,13.560418],[-15.534762,13.56029],[-15.533759,13.560164],[-15.533199,13.560108],[-15.529525,13.559919],[-15.510731,13.558968],[-15.51013,13.558931],[-15.505714,13.558707],[-15.500598,13.55845],[-15.500166,13.558429],[-15.483845,13.557602],[-15.48298,13.557591],[-15.4822,13.557635],[-15.481825,13.557669],[-15.481291,13.557741],[-15.480671,13.557853],[-15.480239,13.557957],[-15.479651,13.558125],[-15.479066,13.558319],[-15.4785,13.558548],[-15.478041,13.558751],[-15.477395,13.559074],[-15.4769,13.559352],[-15.476227,13.559786],[-15.475824,13.560082],[-15.475044,13.560695],[-15.474666,13.561096],[-15.47409,13.561671],[-15.473838,13.561923],[-15.472758,13.563148],[-15.46112,13.575734],[-15.4592,13.577788],[-15.459177,13.577813],[-15.456478,13.580742],[-15.451435,13.586185],[-15.450078,13.5877],[-15.449546,13.588342],[-15.448879,13.589222],[-15.448443,13.589831],[-15.447781,13.590832],[-15.447084,13.592015],[-15.445363,13.595106],[-15.445177,13.595457],[-15.444709,13.596282],[-15.444617,13.59645],[-15.444086,13.597332],[-15.443438,13.598499],[-15.443317,13.598774],[-15.442662,13.59995],[-15.442307,13.600609],[-15.438699,13.607069],[-15.437031,13.610071],[-15.42866,13.625101],[-15.423815,13.633804],[-15.423093,13.635151],[-15.422835,13.63568],[-15.42246,13.636515],[-15.422137,13.637316],[-15.421584,13.638953],[-15.419344,13.645854],[-15.418867,13.647227],[-15.418531,13.648082],[-15.418182,13.648872],[-15.41785,13.649529],[-15.417356,13.650385],[-15.416788,13.651276],[-15.416732,13.65136],[-15.416379,13.651852],[-15.415771,13.652616],[-15.415724,13.652673],[-15.412881,13.655832],[-15.40917,13.659927],[-15.409006,13.660101],[-15.408605,13.660565],[-15.406212,13.663216],[-15.40598,13.663469],[-15.404688,13.664894],[-15.404055,13.665612],[-15.403464,13.666255],[-15.402256,13.66759],[-15.402019,13.667848],[-15.401036,13.668974],[-15.400124,13.670018],[-15.398207,13.672202],[-15.397234,13.673299],[-15.396662,13.673967],[-15.396308,13.674356],[-15.396144,13.674542],[-15.395776,13.674954],[-15.395135,13.67559],[-15.394563,13.67609],[-15.394338,13.676267],[-15.393826,13.676655],[-15.393365,13.676976],[-15.392613,13.677439],[-15.391745,13.677892],[-15.391131,13.678186],[-15.373896,13.686126],[-15.373432,13.686354],[-15.372868,13.686647],[-15.372062,13.687114],[-15.371332,13.687584],[-15.370722,13.688013],[-15.369701,13.688825],[-15.369286,13.689186],[-15.368474,13.689971],[-15.36595,13.692548],[-15.365556,13.692917],[-15.36471,13.69365],[-15.363739,13.694385],[-15.363313,13.694683],[-15.362581,13.695138],[-15.362032,13.695458],[-15.361563,13.695707],[-15.359238,13.696818],[-15.357531,13.697625],[-15.356528,13.698101],[-15.356265,13.698226],[-15.354488,13.699018],[-15.353384,13.699468],[-15.352251,13.699895],[-15.35216,13.699928],[-15.349957,13.700674],[-15.349918,13.700687],[-15.349174,13.700943],[-15.349125,13.700959],[-15.348104,13.701302],[-15.348038,13.701322],[-15.347007,13.701676],[-15.346943,13.7017],[-15.346546,13.701832],[-15.346507,13.701845],[-15.345943,13.702032],[-15.345888,13.702053],[-15.345273,13.702265],[-15.345219,13.702282],[-15.345021,13.702352],[-15.344973,13.702369],[-15.344202,13.702628],[-15.344153,13.702645],[-15.339164,13.704332],[-15.337107,13.705028],[-15.336336,13.705298],[-15.335235,13.705675],[-15.334586,13.705882],[-15.333453,13.706276],[-15.3317,13.706874],[-15.331031,13.707088],[-15.330168,13.70737],[-15.328627,13.707876],[-15.328043,13.708038],[-15.326715,13.708362],[-15.325282,13.708645],[-15.324444,13.708771],[-15.323354,13.708891],[-15.322091,13.708986],[-15.321601,13.709037],[-15.317956,13.709095],[-15.312059,13.709236],[-15.308709,13.709344],[-15.30779,13.709403],[-15.307108,13.709456],[-15.30268,13.709901],[-15.296265,13.710578],[-15.295709,13.710635],[-15.294929,13.710736],[-15.294156,13.710877],[-15.293032,13.711106],[-15.292298,13.711286],[-15.291544,13.711499],[-15.290643,13.71179],[-15.289695,13.712136],[-15.288711,13.712556],[-15.287539,13.713113],[-15.28036,13.716774],[-15.278597,13.717651],[-15.275982,13.718987],[-15.274253,13.719866],[-15.27288,13.720558],[-15.272714,13.720642],[-15.271865,13.721072],[-15.265779,13.724154],[-15.264646,13.724748],[-15.262987,13.725677],[-15.262284,13.726107],[-15.260885,13.727005],[-15.259411,13.728029],[-15.258167,13.728957],[-15.244269,13.740079],[-15.241966,13.741905],[-15.241538,13.742237],[-15.241006,13.742623],[-15.240861,13.742718],[-15.240235,13.743128],[-15.239383,13.743628],[-15.239313,13.743665],[-15.238508,13.744078],[-15.237458,13.744548],[-15.236401,13.744946],[-15.235868,13.745115],[-15.235336,13.745273],[-15.234671,13.745444],[-15.233956,13.745597],[-15.233405,13.745698],[-15.232344,13.74585],[-15.232157,13.74586],[-15.231708,13.7459],[-15.230872,13.745942],[-15.230449,13.745953],[-15.229632,13.745943],[-15.221927,13.745579],[-15.217019,13.745343],[-15.216821,13.745336],[-15.213424,13.745183],[-15.212965,13.745158],[-15.212627,13.745149],[-15.212077,13.745143],[-15.21108,13.745176],[-15.210377,13.745218],[-15.209623,13.7453],[-15.208812,13.745409],[-15.208386,13.745476],[-15.207938,13.745555],[-15.207405,13.74567],[-15.206343,13.745959],[-15.20533,13.746278],[-15.204935,13.74646],[-15.204323,13.746718],[-15.202895,13.747437],[-15.202203,13.747834],[-15.201487,13.748285],[-15.199162,13.749842],[-15.191885,13.754722],[-15.185492,13.759011],[-15.183826,13.760128],[-15.181898,13.761383],[-15.180137,13.762439],[-15.179499,13.762793],[-15.177508,13.763815],[-15.175432,13.764835],[-15.173114,13.765948],[-15.173017,13.765996],[-15.171143,13.766923],[-15.169293,13.767836],[-15.16798,13.768604],[-15.167302,13.769028],[-15.16675,13.769397],[-15.165888,13.770023],[-15.165072,13.770641],[-15.159561,13.774935],[-15.155897,13.777755],[-15.154486,13.778845],[-15.153376,13.779718],[-15.152028,13.780749],[-15.151525,13.781161],[-15.150045,13.782309],[-15.149631,13.782637],[-15.148222,13.78374],[-15.148123,13.783821],[-15.146702,13.78483],[-15.146625,13.784879],[-15.146147,13.785177],[-15.145418,13.785571],[-15.144956,13.785797],[-15.144258,13.786102],[-15.143846,13.786265],[-15.143096,13.786527],[-15.139835,13.787555],[-15.134769,13.789158],[-15.133326,13.789597],[-15.132837,13.789725],[-15.1323,13.789843],[-15.131722,13.78995],[-15.130639,13.790071],[-15.129965,13.790109],[-15.129392,13.790118],[-15.128776,13.790095],[-15.127909,13.790027],[-15.127196,13.789926],[-15.126123,13.789704],[-15.125568,13.789556],[-15.124476,13.789196],[-15.119621,13.787465],[-15.119174,13.787305],[-15.118781,13.787164],[-15.116364,13.786307],[-15.112371,13.784901],[-15.111855,13.784738],[-15.111392,13.784611],[-15.110574,13.78441],[-15.109876,13.784268],[-15.109192,13.78415],[-15.108308,13.784042],[-15.107667,13.78399],[-15.106507,13.783959],[-15.105748,13.783976],[-15.105097,13.784011],[-15.103796,13.78415],[-15.103239,13.784239],[-15.102614,13.784359],[-15.101523,13.784624],[-15.100238,13.785019],[-15.09878,13.785605],[-15.096819,13.78641],[-15.091669,13.788548],[-15.090152,13.789176],[-15.088016,13.790057],[-15.087207,13.790366],[-15.086241,13.790692],[-15.085913,13.790811],[-15.08481,13.791115],[-15.084256,13.791244],[-15.082922,13.791506],[-15.082012,13.79164],[-15.081046,13.791744],[-15.079482,13.791822],[-15.077871,13.791793],[-15.077094,13.791733],[-15.075567,13.791602],[-15.070097,13.791085],[-15.069072,13.790988],[-15.066286,13.790724],[-15.051259,13.789295],[-15.048782,13.789061],[-15.043687,13.788573],[-15.040427,13.788261],[-15.034548,13.787702],[-15.032998,13.787555],[-15.029362,13.787193],[-15.023696,13.786671],[-15.021418,13.786449],[-15.015048,13.785845],[-15.014052,13.785755],[-15.013965,13.785744],[-15.008818,13.785241],[-15.006881,13.785062],[-15.00642,13.785008],[-15.00548,13.784922],[-15.005221,13.7849],[-15.004895,13.784867],[-15.000914,13.784488],[-15.000523,13.784447],[-15.000142,13.784406],[-14.999679,13.784366],[-14.999005,13.784304],[-14.996931,13.784091],[-14.996818,13.784084],[-14.995451,13.783964],[-14.991924,13.783619],[-14.991061,13.783513],[-14.990669,13.78345],[-14.989112,13.783118],[-14.98525,13.782245],[-14.983325,13.781799],[-14.982852,13.781701],[-14.981951,13.781477],[-14.980782,13.781204],[-14.978906,13.780791],[-14.974356,13.779766],[-14.973556,13.779593],[-14.969413,13.77863],[-14.967387,13.778163],[-14.967212,13.778126],[-14.966208,13.77788],[-14.965578,13.778953],[-14.965476,13.779154],[-14.965415,13.779312],[-14.965413,13.779532],[-14.965482,13.779841],[-14.965499,13.780066],[-14.96547,13.780457],[-14.965397,13.780931],[-14.965397,13.781103],[-14.965472,13.781342],[-14.965596,13.781631],[-14.965596,13.781814],[-14.965448,13.782069],[-14.965125,13.782509],[-14.964842,13.782973],[-14.964541,13.783342],[-14.963894,13.784007],[-14.963424,13.784646],[-14.963203,13.785079],[-14.963129,13.785257],[-14.962492,13.786317],[-14.962181,13.786913],[-14.961875,13.787333],[-14.96135,13.787937],[-14.961151,13.788204],[-14.960801,13.788596],[-14.960555,13.788955],[-14.960398,13.789268],[-14.960317,13.789487],[-14.96026,13.789651],[-14.960137,13.790234],[-14.960091,13.790498],[-14.959837,13.791371],[-14.959559,13.792043],[-14.959193,13.792804],[-14.958536,13.79462],[-14.958409,13.79487],[-14.958305,13.795199],[-14.958205,13.795455],[-14.95799,13.795852],[-14.957763,13.796127],[-14.957435,13.796459],[-14.95648,13.797886],[-14.95629,13.798123],[-14.955807,13.798652],[-14.954823,13.799514],[-14.954431,13.799806],[-14.954021,13.800155],[-14.953752,13.80046],[-14.953245,13.801277],[-14.952736,13.801918],[-14.952296,13.802304],[-14.951955,13.802627],[-14.951719,13.802885],[-14.951074,13.80345],[-14.950829,13.803622],[-14.950505,13.803919],[-14.950376,13.804023],[-14.950193,13.804273],[-14.95015,13.804533],[-14.950054,13.804711],[-14.949893,13.804856],[-14.949721,13.805096],[-14.949181,13.805552],[-14.949035,13.805834],[-14.948956,13.805907],[-14.948646,13.8062],[-14.94768,13.807356],[-14.947278,13.807968],[-14.946217,13.809332],[-14.943518,13.812314],[-14.942443,13.813846],[-14.941568,13.815276],[-14.939002,13.820612],[-14.937696,13.824095],[-14.937162,13.826631],[-14.937033,13.827495],[-14.936925,13.827859],[-14.936853,13.828289],[-14.93662,13.829323],[-14.936445,13.830093],[-14.936396,13.83031],[-14.936253,13.830793],[-14.936027,13.831558],[-14.935951,13.831777],[-14.935875,13.831892],[-14.935775,13.832003],[-14.933808,13.833943],[-14.932916,13.834738],[-14.932705,13.834945],[-14.93245,13.835098],[-14.931855,13.835341],[-14.929226,13.836509],[-14.926134,13.837924],[-14.926037,13.837965],[-14.925367,13.838377],[-14.924417,13.838835],[-14.9242,13.838973],[-14.923987,13.839186],[-14.923894,13.839307],[-14.923798,13.839492],[-14.923714,13.839716],[-14.923623,13.840252],[-14.923581,13.841107],[-14.92357,13.841778],[-14.923483,13.84221],[-14.923076,13.843935],[-14.922759,13.845179],[-14.922579,13.845592],[-14.921825,13.84682],[-14.92128,13.847833],[-14.920555,13.849426],[-14.919922,13.850628],[-14.918776,13.852914],[-14.917972,13.854575],[-14.917642,13.855224],[-14.917403,13.855654],[-14.916971,13.856528],[-14.916595,13.857277],[-14.91654,13.857385],[-14.916397,13.857669],[-14.916086,13.858291],[-14.915807,13.858924],[-14.915669,13.859135],[-14.91551,13.859377],[-14.914986,13.860179],[-14.914576,13.860852],[-14.914008,13.861799],[-14.913772,13.86225],[-14.913436,13.862567],[-14.913315,13.862769],[-14.913244,13.863054],[-14.913192,13.863203],[-14.91286,13.863765],[-14.912138,13.864986],[-14.911612,13.86596],[-14.911339,13.866424],[-14.911113,13.866705],[-14.910569,13.866494],[-14.910314,13.866437],[-14.90992,13.866401],[-14.90896,13.866466],[-14.90853,13.86652],[-14.90834,13.866565],[-14.907737,13.866814],[-14.904727,13.868528],[-14.90399,13.868976],[-14.901683,13.870203],[-14.901187,13.870424],[-14.901087,13.870458],[-14.900366,13.870614],[-14.899585,13.870838],[-14.897853,13.871437],[-14.895984,13.87199],[-14.895581,13.872148],[-14.895362,13.872256],[-14.895113,13.872438],[-14.894576,13.87264],[-14.894527,13.872648],[-14.894325,13.872606],[-14.894154,13.872623],[-14.893663,13.872735],[-14.893366,13.87286],[-14.892927,13.872959],[-14.892402,13.873213],[-14.891895,13.873583],[-14.891461,13.874006],[-14.8912,13.874343],[-14.890868,13.874838],[-14.890195,13.875934],[-14.889361,13.877353],[-14.888832,13.87822],[-14.887872,13.879733],[-14.886992,13.881165],[-14.886847,13.881397],[-14.886212,13.88237],[-14.886119,13.882451],[-14.885981,13.88272],[-14.885905,13.882834],[-14.885662,13.883143],[-14.885517,13.883354],[-14.884793,13.8845],[-14.884587,13.884776],[-14.884146,13.885214],[-14.883828,13.885612],[-14.88369,13.885868],[-14.883479,13.88617],[-14.883183,13.886487],[-14.882288,13.887357],[-14.881878,13.88782],[-14.880989,13.888615],[-14.880836,13.888729],[-14.880654,13.888886],[-14.880543,13.889004],[-14.880223,13.889273],[-14.878708,13.89062],[-14.876953,13.892283],[-14.876567,13.892606],[-14.876481,13.892697],[-14.876256,13.892994],[-14.875976,13.893252],[-14.875802,13.893374],[-14.875463,13.893686],[-14.874925,13.894188],[-14.874142,13.895017],[-14.87389,13.895327],[-14.873015,13.896499],[-14.871862,13.89817],[-14.871616,13.898493],[-14.871083,13.89927],[-14.870891,13.899615],[-14.870529,13.900102],[-14.869652,13.901612],[-14.869384,13.902013],[-14.869184,13.902271],[-14.869146,13.90233],[-14.868271,13.903737],[-14.86786,13.90432],[-14.866825,13.905632],[-14.866492,13.90602],[-14.866219,13.90633],[-14.866171,13.906403],[-14.866149,13.906481],[-14.866138,13.906595],[-14.866149,13.906721],[-14.866305,13.907486],[-14.866305,13.907569],[-14.866138,13.907898],[-14.866074,13.908059],[-14.86602,13.90822],[-14.86594,13.908653],[-14.86587,13.90947],[-14.865752,13.909741],[-14.865731,13.909866],[-14.865747,13.910137],[-14.865725,13.910272],[-14.865613,13.91072],[-14.865521,13.910944],[-14.865468,13.911168],[-14.865452,13.911298],[-14.865478,13.91149],[-14.865521,13.912568],[-14.865602,13.913068],[-14.865731,13.913422],[-14.865843,13.913795],[-14.865865,13.91388],[-14.865861,13.913968],[-14.865784,13.914333],[-14.865779,13.914458],[-14.865811,13.914792],[-14.865886,13.91499],[-14.865977,13.91537],[-14.866224,13.916515],[-14.866278,13.916677],[-14.866385,13.916843],[-14.866455,13.916875],[-14.866659,13.916895],[-14.866692,13.91699],[-14.866803,13.917301],[-14.866922,13.918051],[-14.866921,13.91815],[-14.866718,13.919447],[-14.866616,13.920249],[-14.866503,13.920759],[-14.866369,13.921139],[-14.866074,13.921717],[-14.865967,13.921873],[-14.865934,13.921967],[-14.86594,13.922212],[-14.865919,13.9223],[-14.865618,13.923279],[-14.865607,13.923497],[-14.865629,13.923893],[-14.865591,13.924315],[-14.865591,13.924466],[-14.865693,13.925861],[-14.865698,13.92596],[-14.865677,13.926064],[-14.865655,13.926158],[-14.865527,13.926356],[-14.8655,13.926611],[-14.865463,13.926679],[-14.864824,13.927345],[-14.864685,13.927642],[-14.864556,13.928382],[-14.864508,13.928501],[-14.864158,13.929036],[-14.863971,13.929402],[-14.863904,13.929556],[-14.863631,13.930357],[-14.863531,13.930532],[-14.862914,13.931365],[-14.862762,13.931688],[-14.862394,13.932229],[-14.862027,13.933033],[-14.861815,13.933385],[-14.861739,13.933776],[-14.861573,13.934025],[-14.86138,13.934267],[-14.861015,13.934645],[-14.860597,13.935288],[-14.860428,13.935504],[-14.860404,13.935658],[-14.860369,13.935728],[-14.860136,13.936064],[-14.860044,13.936267],[-14.859899,13.936894],[-14.859833,13.937074],[-14.859585,13.937444],[-14.859433,13.937745],[-14.859184,13.938159],[-14.858722,13.938854],[-14.858362,13.939459],[-14.857703,13.940682],[-14.856933,13.941658],[-14.856509,13.942436],[-14.856367,13.942668],[-14.856109,13.942934],[-14.854752,13.944094],[-14.854487,13.944337],[-14.85395,13.944941],[-14.853076,13.94606],[-14.852722,13.946424],[-14.852483,13.94674],[-14.852216,13.947095],[-14.851942,13.94746],[-14.851821,13.947645],[-14.851665,13.947799],[-14.851468,13.947959],[-14.851193,13.948184],[-14.850967,13.94834],[-14.851075,13.948749],[-14.851102,13.948921],[-14.851118,13.948996],[-14.851161,13.949079],[-14.851158,13.949144],[-14.851123,13.949256],[-14.851091,13.949301],[-14.850844,13.949457],[-14.850753,13.949572],[-14.850702,13.949645],[-14.850418,13.950202],[-14.850316,13.950293],[-14.850061,13.950457],[-14.849895,13.950644],[-14.849852,13.950785],[-14.849892,13.950938],[-14.849873,13.951043],[-14.849412,13.951829],[-14.849294,13.952],[-14.849063,13.952261],[-14.848559,13.952714],[-14.848934,13.95308],[-14.849498,13.953429],[-14.850329,13.953715],[-14.851166,13.954127],[-14.851579,13.954366],[-14.851724,13.954429],[-14.851981,13.954569],[-14.852099,13.954616],[-14.853516,13.955324],[-14.854215,13.955644],[-14.854555,13.955858],[-14.854707,13.956085],[-14.854878,13.956805],[-14.854889,13.956946],[-14.854862,13.957201],[-14.854867,13.957295],[-14.854905,13.957414],[-14.854959,13.957508],[-14.855039,13.957581],[-14.855259,13.957716],[-14.855388,13.957836],[-14.855404,13.95844],[-14.855393,13.958555],[-14.855352,13.958643],[-14.854685,13.960085],[-14.854379,13.96076],[-14.854315,13.960931],[-14.8541,13.961327],[-14.853414,13.96241],[-14.852961,13.963168],[-14.852412,13.963348],[-14.851427,13.96362],[-14.847048,13.964884],[-14.845279,13.96538],[-14.844302,13.965661],[-14.843487,13.965899],[-14.841867,13.96634],[-14.841283,13.966517],[-14.838955,13.96722],[-14.838568,13.967323],[-14.837986,13.967471],[-14.835055,13.968346],[-14.833701,13.968718],[-14.831823,13.969262],[-14.82996,13.969823],[-14.829144,13.970046],[-14.827963,13.970392],[-14.827172,13.97062],[-14.826976,13.970698],[-14.826457,13.970924],[-14.82539,13.971404],[-14.824811,13.971714],[-14.824034,13.972168],[-14.823386,13.972595],[-14.821731,13.973766],[-14.821534,13.973931],[-14.820595,13.974589],[-14.820339,13.974774],[-14.81933,13.975535],[-14.818151,13.976369],[-14.817621,13.976745],[-14.817471,13.97685],[-14.816965,13.977187],[-14.816773,13.977323],[-14.816691,13.977386],[-14.81643,13.977578],[-14.816274,13.977698],[-14.815964,13.977928],[-14.815782,13.97806],[-14.815527,13.978246],[-14.815436,13.978316],[-14.815128,13.978535],[-14.814738,13.978805],[-14.814677,13.978845],[-14.814373,13.979067],[-14.813775,13.97951],[-14.813063,13.97997],[-14.812925,13.980048],[-14.812837,13.980096],[-14.812792,13.980117],[-14.812676,13.980171],[-14.81218,13.98038],[-14.811247,13.980711],[-14.811078,13.980754],[-14.810583,13.98084],[-14.809942,13.980912],[-14.809603,13.980939],[-14.808679,13.981028],[-14.808055,13.981083],[-14.807398,13.981147],[-14.807231,13.981166],[-14.806949,13.981197],[-14.806756,13.981218],[-14.806646,13.981229],[-14.806004,13.98128],[-14.805574,13.981322],[-14.805344,13.981344],[-14.804707,13.981408],[-14.804096,13.981451],[-14.803419,13.981531],[-14.802772,13.98159],[-14.802633,13.981603],[-14.802354,13.981628],[-14.801955,13.981664],[-14.801291,13.981727],[-14.800611,13.98179],[-14.799956,13.981849],[-14.799338,13.98191],[-14.798667,13.981972],[-14.797995,13.982032],[-14.797376,13.982095],[-14.796731,13.98215],[-14.796068,13.98221],[-14.795443,13.982265],[-14.794168,13.982386],[-14.792975,13.982518],[-14.79256,13.982572],[-14.792456,13.982581],[-14.792346,13.982596],[-14.791522,13.982687],[-14.79099,13.98273],[-14.790481,13.982777],[-14.790164,13.982805],[-14.789741,13.982851],[-14.78934,13.982925],[-14.789172,13.982972],[-14.789004,13.983031],[-14.788597,13.983233],[-14.788274,13.983412],[-14.787944,13.983602],[-14.787746,13.98372],[-14.787417,13.983976],[-14.787113,13.98428],[-14.786743,13.984781],[-14.786421,13.9853],[-14.786311,13.985476],[-14.785894,13.986114],[-14.783522,13.990023],[-14.781518,13.993254],[-14.780519,13.994953],[-14.78013,13.995454],[-14.779897,13.995728],[-14.779678,13.995981],[-14.779452,13.996198],[-14.778857,13.996699],[-14.778065,13.997223],[-14.777303,13.997636],[-14.776356,13.997968],[-14.773417,13.999124],[-14.772052,13.999648],[-14.7691,14.000772],[-14.768137,14.001187],[-14.767324,14.001491],[-14.765654,14.002111],[-14.764834,14.002432],[-14.763969,14.002691],[-14.762678,14.003028],[-14.762167,14.003142],[-14.761142,14.003287],[-14.760771,14.003311],[-14.760248,14.003377],[-14.757719,14.003763],[-14.756719,14.003903],[-14.753291,14.004441],[-14.752505,14.004542],[-14.751671,14.004672],[-14.751467,14.004683],[-14.751241,14.004716],[-14.750771,14.00478],[-14.749187,14.005062],[-14.748374,14.005169],[-14.747668,14.005286],[-14.746835,14.0054],[-14.746187,14.005514],[-14.744005,14.00581],[-14.743321,14.005873],[-14.74273,14.005892],[-14.74152,14.005905],[-14.74102,14.005895],[-14.740418,14.005849],[-14.739819,14.005775],[-14.73924,14.0057],[-14.738418,14.005566],[-14.729897,14.003858],[-14.729623,14.003808],[-14.728698,14.003629],[-14.727098,14.003251],[-14.724763,14.002687],[-14.724029,14.002547],[-14.723561,14.002477],[-14.720498,14.002026],[-14.718535,14.001674],[-14.71734,14.0014],[-14.715692,14.000927],[-14.711393,13.999558],[-14.708331,13.998649],[-14.707801,13.998471],[-14.707433,13.998376],[-14.707255,13.998349],[-14.706704,13.998259],[-14.706292,13.998219],[-14.703903,13.998139],[-14.701953,13.998027],[-14.698371,13.99778],[-14.695257,13.997601],[-14.692757,13.997422],[-14.688355,13.997141],[-14.687905,13.997101],[-14.687119,13.997066],[-14.68648,13.997019],[-14.682313,13.99672],[-14.679173,13.996514],[-14.67526,13.996232],[-14.675015,13.996215],[-14.673904,13.996091],[-14.672924,13.996035],[-14.672238,13.995957],[-14.670024,13.995655],[-14.668858,13.995472],[-14.66607,13.995091],[-14.665337,13.99499],[-14.66501,13.994948],[-14.663926,13.994799],[-14.66199,13.994523],[-14.6612,13.994394],[-14.660378,13.994312],[-14.657323,13.993839],[-14.655426,13.993519],[-14.654881,13.993381],[-14.653616,13.993028],[-14.649999,13.991939],[-14.646912,13.990984],[-14.643106,13.989829],[-14.639507,13.988766],[-14.638883,13.988583],[-14.637733,13.988213],[-14.634317,13.987177],[-14.633633,13.987007],[-14.632904,13.986891],[-14.628599,13.986652],[-14.625622,13.986521],[-14.624503,13.9865],[-14.62231,13.986492],[-14.619559,13.986461],[-14.616108,13.986469],[-14.612309,13.986498],[-14.611757,13.986491],[-14.609321,13.986523],[-14.608527,13.986469],[-14.607096,13.986316],[-14.602705,13.985725],[-14.602632,13.985715],[-14.600249,13.985376],[-14.599866,13.98534],[-14.596173,13.984828],[-14.581762,13.982905],[-14.577695,13.98235],[-14.575135,13.98198],[-14.568896,13.981106],[-14.566411,13.980776],[-14.56497,13.980552],[-14.563388,13.980342],[-14.560695,13.979978],[-14.559985,13.979886],[-14.559401,13.979796],[-14.559209,13.979766],[-14.558729,13.9797],[-14.557201,13.979489],[-14.556757,13.979422],[-14.556002,13.979292],[-14.555731,13.979228],[-14.552609,13.978259],[-14.552351,13.978177],[-14.550052,13.977505],[-14.549676,13.977425],[-14.548889,13.977319],[-14.548484,13.977279],[-14.54782,13.97727],[-14.545569,13.977398],[-14.533078,13.978263],[-14.5248,13.978876],[-14.523804,13.978902],[-14.522489,13.97888],[-14.515964,13.978474],[-14.515533,13.978466],[-14.514888,13.978481],[-14.514283,13.978536],[-14.505552,13.979877],[-14.505083,13.979925],[-14.504745,13.979942],[-14.504267,13.97995],[-14.503827,13.97993],[-14.494254,13.979005],[-14.493613,13.978998],[-14.492864,13.979059],[-14.492025,13.979206],[-14.49162,13.9793],[-14.490855,13.979534],[-14.490659,13.979601],[-14.489345,13.980043],[-14.488797,13.980185],[-14.488373,13.980275],[-14.487913,13.980348],[-14.487563,13.980379],[-14.486593,13.980421],[-14.485919,13.980387],[-14.46591,13.978241],[-14.445471,13.976085],[-14.434825,13.974993],[-14.430695,13.97457],[-14.428758,13.974369],[-14.419856,13.973436],[-14.419553,13.973405],[-14.416487,13.973118],[-14.407998,13.972209],[-14.39603,13.970973],[-14.394429,13.970817],[-14.393659,13.970703],[-14.392979,13.970549],[-14.392535,13.970428],[-14.39134,13.97006],[-14.374637,13.964606],[-14.357497,13.95904],[-14.32854,13.949593],[-14.314182,13.944864],[-14.307878,13.942805],[-14.303902,13.941497],[-14.302906,13.94116],[-14.302491,13.941018],[-14.301945,13.940804],[-14.30092,13.940338],[-14.2989,13.939416],[-14.298041,13.939029],[-14.297733,13.93889],[-14.297048,13.938581],[-14.296654,13.938403],[-14.295474,13.937871],[-14.295119,13.93771],[-14.292943,13.936729],[-14.292827,13.936678],[-14.292368,13.936478],[-14.286431,13.933891],[-14.279971,13.931132],[-14.272426,13.927894],[-14.247954,13.917368],[-14.232251,13.910636],[-14.215781,13.903492],[-14.215173,13.90323],[-14.198551,13.896058],[-14.19464,13.894581],[-14.192255,13.893526],[-14.188619,13.891882],[-14.1827,13.889079],[-14.179943,13.887891],[-14.173448,13.885062],[-14.168175,13.882789],[-14.164957,13.881486],[-14.164576,13.881332],[-14.153857,13.876985],[-14.153594,13.876887],[-14.152861,13.876662],[-14.152198,13.876516],[-14.151437,13.876396],[-14.151049,13.876357],[-14.15001,13.876339],[-14.137775,13.876401],[-14.124773,13.876494],[-14.124066,13.876469],[-14.123483,13.876426],[-14.12239,13.876302],[-14.119252,13.875909],[-14.118904,13.875853],[-14.118096,13.875685],[-14.116238,13.875246],[-14.101265,13.871709],[-14.096506,13.870558],[-14.095995,13.870394],[-14.095751,13.87029],[-14.08979,13.867349],[-14.088965,13.867022],[-14.088607,13.866902],[-14.088175,13.866778],[-14.087864,13.866699],[-14.087528,13.866634],[-14.086476,13.866518],[-14.084754,13.866456],[-14.084572,13.866454],[-14.084109,13.866455],[-14.083825,13.866496],[-14.083577,13.866567],[-14.083184,13.866729],[-14.083132,13.866751],[-14.077909,13.869218],[-14.077498,13.869381],[-14.076501,13.869717],[-14.075297,13.870096],[-14.074748,13.870242],[-14.073747,13.870421],[-14.072086,13.870623],[-14.070253,13.870841],[-14.069236,13.870962],[-14.067115,13.871214],[-14.060744,13.871971],[-14.059832,13.872028],[-14.059175,13.872014],[-14.058502,13.871943],[-14.05795,13.871855],[-14.057511,13.871761],[-14.05709,13.871649],[-14.056427,13.871426],[-14.054761,13.870737],[-14.041529,13.865105],[-14.038312,13.863607],[-14.037812,13.863359],[-14.037035,13.862909],[-14.036244,13.862331],[-14.035933,13.86206],[-14.030502,13.857078],[-14.024666,13.851722],[-14.024301,13.851426],[-14.023938,13.851151],[-14.023253,13.850719],[-14.022433,13.850314],[-14.021965,13.850117],[-14.02161,13.849987],[-14.020719,13.849739],[-14.020251,13.849643],[-13.997198,13.845086],[-13.993935,13.844416],[-13.989024,13.843445],[-13.988436,13.843296],[-13.987948,13.843161],[-13.987487,13.843009],[-13.982494,13.841192],[-13.974018,13.838136],[-13.969783,13.836681],[-13.967252,13.835751],[-13.962142,13.833892],[-13.939909,13.825832],[-13.933655,13.823515],[-13.922653,13.819338],[-13.922084,13.819069],[-13.921269,13.818555],[-13.921119,13.818459],[-13.920545,13.818112],[-13.918101,13.816651],[-13.917422,13.816253],[-13.909623,13.811675],[-13.909427,13.811567],[-13.908101,13.810839],[-13.907771,13.810682],[-13.907101,13.81041],[-13.906717,13.810277],[-13.906253,13.810149],[-13.903556,13.809514],[-13.90179,13.809109],[-13.901472,13.809023],[-13.901125,13.8089],[-13.900792,13.808767],[-13.898056,13.8075],[-13.896661,13.806815],[-13.894477,13.80561],[-13.890324,13.803389],[-13.88983,13.803157],[-13.888864,13.802754],[-13.888264,13.802533],[-13.886294,13.801894],[-13.886247,13.801882],[-13.882886,13.800905],[-13.882333,13.800777],[-13.881687,13.800652],[-13.881102,13.80056],[-13.880094,13.800441],[-13.878181,13.800259],[-13.864615,13.798981],[-13.86262,13.798761],[-13.862049,13.798661],[-13.861576,13.798566],[-13.861073,13.798445],[-13.86046,13.798282],[-13.859937,13.798126],[-13.859378,13.797947],[-13.856744,13.797015],[-13.854116,13.795951],[-13.853304,13.795659],[-13.852761,13.795432],[-13.846368,13.793088],[-13.842281,13.791572],[-13.839429,13.790517],[-13.839324,13.790478],[-13.833852,13.788455],[-13.820782,13.783624],[-13.813059,13.780621],[-13.811789,13.780183],[-13.810396,13.779665],[-13.809682,13.779463],[-13.80863,13.779264],[-13.798235,13.777885],[-13.791573,13.776888],[-13.785208,13.775909],[-13.784651,13.775844],[-13.783413,13.775749],[-13.782413,13.775716],[-13.782345,13.775713],[-13.781789,13.775707],[-13.778555,13.775615],[-13.776401,13.775546],[-13.77276,13.77543],[-13.755124,13.774867],[-13.755023,13.774864],[-13.753846,13.774834],[-13.75168,13.774778],[-13.748298,13.774614],[-13.747794,13.774593],[-13.747162,13.774567],[-13.742026,13.774354],[-13.738364,13.774147],[-13.737794,13.774115],[-13.735568,13.774003],[-13.734824,13.773973],[-13.732029,13.773881],[-13.731368,13.773872],[-13.72878,13.773831],[-13.728663,13.773829],[-13.7244,13.773751],[-13.717106,13.773731],[-13.711483,13.773733],[-13.711102,13.773733],[-13.710468,13.773741],[-13.710264,13.773741],[-13.707005,13.773728],[-13.705316,13.7737],[-13.699563,13.773667],[-13.698907,13.77367],[-13.697725,13.773655],[-13.697209,13.773647],[-13.694598,13.773592],[-13.692017,13.773568],[-13.689924,13.773565],[-13.689697,13.773567],[-13.689266,13.77357],[-13.689099,13.773571],[-13.688176,13.77359],[-13.688071,13.773589],[-13.687918,13.77359],[-13.687686,13.773593],[-13.685596,13.773614],[-13.684278,13.773614],[-13.683045,13.773614],[-13.682262,13.773619],[-13.681747,13.773629],[-13.681623,13.773639],[-13.681182,13.773692],[-13.680455,13.773807],[-13.680362,13.773821],[-13.679353,13.77398],[-13.679292,13.77399],[-13.679133,13.774015],[-13.678827,13.774063],[-13.677447,13.774281],[-13.676591,13.774416],[-13.676194,13.774478],[-13.674615,13.774727],[-13.673545,13.774896],[-13.672516,13.775058],[-13.670711,13.775343],[-13.670411,13.77539],[-13.670123,13.775389],[-13.670027,13.77536],[-13.669919,13.77529],[-13.669909,13.775281],[-13.669809,13.775206],[-13.669728,13.775206],[-13.669709,13.775214],[-13.669504,13.775213],[-13.66914,13.775247],[-13.667895,13.775359],[-13.667036,13.775434],[-13.666566,13.775584],[-13.665675,13.775743],[-13.664969,13.775871],[-13.664883,13.775886],[-13.663332,13.776152],[-13.659139,13.77687],[-13.658274,13.777038],[-13.65704,13.777275],[-13.655724,13.77749],[-13.654856,13.777621],[-13.654394,13.77769],[-13.652556,13.777968],[-13.651955,13.778056],[-13.650424,13.77829],[-13.649963,13.77836],[-13.649475,13.778449],[-13.649003,13.778565],[-13.648493,13.778752],[-13.646923,13.779422],[-13.646039,13.779753],[-13.64468,13.780136],[-13.644282,13.780252],[-13.642439,13.780759],[-13.64196,13.780931],[-13.64087,13.781367],[-13.63883,13.782182],[-13.637727,13.7826],[-13.635457,13.783343],[-13.632616,13.784443],[-13.630525,13.785247],[-13.629758,13.78557],[-13.628041,13.786063],[-13.627692,13.786175],[-13.625482,13.787065],[-13.622832,13.788076],[-13.61934,13.789306],[-13.616435,13.790241],[-13.613793,13.791133],[-13.609443,13.792648],[-13.60304,13.795146],[-13.602418,13.795357],[-13.600071,13.796102],[-13.59356,13.79844],[-13.589358,13.799931],[-13.587792,13.800492],[-13.587301,13.800703],[-13.586566,13.801044],[-13.586333,13.801179],[-13.58616,13.801292],[-13.585312,13.801966],[-13.584815,13.802325],[-13.58465,13.80242],[-13.583263,13.803072],[-13.582528,13.803472],[-13.582358,13.803588],[-13.582242,13.803687],[-13.58093,13.805046],[-13.580723,13.805274],[-13.580165,13.805861],[-13.57985,13.806194],[-13.579761,13.806288],[-13.579608,13.806435],[-13.578592,13.807514],[-13.57275,13.813591],[-13.571752,13.814694],[-13.57091,13.815623],[-13.569057,13.81767],[-13.5657,13.821426],[-13.56134,13.825855],[-13.560285,13.826888],[-13.559562,13.827596],[-13.558086,13.829347],[-13.557816,13.829623],[-13.556536,13.830681],[-13.556265,13.830891],[-13.552157,13.833753],[-13.549698,13.835542],[-13.546871,13.837383],[-13.54382,13.839351],[-13.528035,13.849661],[-13.524373,13.852418],[-13.524267,13.852497],[-13.523163,13.853345],[-13.522586,13.853751],[-13.522027,13.854075],[-13.517982,13.856259],[-13.510995,13.860926],[-13.508756,13.862434],[-13.503601,13.86593],[-13.501778,13.867115],[-13.501333,13.867409],[-13.501179,13.867512],[-13.497873,13.869702],[-13.495266,13.871403],[-13.488963,13.875632],[-13.488486,13.875908],[-13.486748,13.876754],[-13.475834,13.882131],[-13.474534,13.882789],[-13.473709,13.883209],[-13.473396,13.883402],[-13.472818,13.883796],[-13.471429,13.884819],[-13.471238,13.884956],[-13.470161,13.885667],[-13.469329,13.886188],[-13.467373,13.887472],[-13.466772,13.887866],[-13.465255,13.888896],[-13.463858,13.889805],[-13.461897,13.890889],[-13.460365,13.891746],[-13.460014,13.891942],[-13.459657,13.892164],[-13.458053,13.893256],[-13.458,13.893294],[-13.45717,13.8939],[-13.456204,13.894594],[-13.454947,13.895491],[-13.45454,13.895731],[-13.454364,13.895835],[-13.453654,13.896248],[-13.45083,13.897894],[-13.44774,13.899953],[-13.440929,13.904502],[-13.439195,13.905664],[-13.43416,13.909338],[-13.429204,13.912962],[-13.416293,13.922363],[-13.415359,13.923029],[-13.412247,13.925018],[-13.410656,13.926059],[-13.4099,13.92663],[-13.408041,13.9281],[-13.407285,13.928658],[-13.407035,13.928803],[-13.405734,13.929462],[-13.405096,13.929748],[-13.394814,13.93403],[-13.38286,13.939004],[-13.375981,13.941919],[-13.374503,13.942582],[-13.370961,13.944385],[-13.370577,13.944554],[-13.370222,13.944683],[-13.36821,13.945277],[-13.367963,13.94537],[-13.358573,13.94928],[-13.351025,13.952468],[-13.340921,13.956711],[-13.340516,13.95689],[-13.339248,13.957404],[-13.330079,13.961252],[-13.326248,13.962892],[-13.318424,13.966176],[-13.317382,13.966593],[-13.316642,13.966856],[-13.31625,13.966959],[-13.315668,13.967069],[-13.31146,13.96773],[-13.291767,13.97063],[-13.289702,13.970946],[-13.288702,13.971099],[-13.288429,13.971158],[-13.284807,13.972068],[-13.284257,13.972159],[-13.282652,13.972347],[-13.282267,13.972426],[-13.281925,13.972518],[-13.27187,13.976943],[-13.270158,13.977709],[-13.26737,13.978957],[-13.263118,13.980932],[-13.259806,13.982691],[-13.25924,13.983053],[-13.258814,13.983376],[-13.257993,13.984096],[-13.257346,13.984505],[-13.256952,13.984706],[-13.256249,13.984943],[-13.253184,13.985849],[-13.25158,13.986372],[-13.250542,13.986787],[-13.249835,13.98707],[-13.248014,13.987855],[-13.244898,13.989214],[-13.244098,13.989583],[-13.224133,13.998757],[-13.222164,13.999677],[-13.218045,14.001608],[-13.217508,14.00186],[-13.217344,14.001957],[-13.217111,14.002124],[-13.216239,14.002878],[-13.215982,14.003063],[-13.215565,14.003322],[-13.215202,14.003484],[-13.214922,14.003565],[-13.214678,14.003656],[-13.213129,14.004052],[-13.212886,14.004102],[-13.212591,14.004193],[-13.211963,14.004462],[-13.208788,14.005866],[-13.205894,14.007221],[-13.199179,14.010327],[-13.19716,14.011278],[-13.192161,14.01355],[-13.191571,14.013784],[-13.191155,14.013919],[-13.185962,14.01553],[-13.185203,14.015793],[-13.184844,14.015962],[-13.184565,14.016129],[-13.183728,14.016725],[-13.183352,14.016967],[-13.182988,14.01717],[-13.182459,14.01743],[-13.178299,14.019263],[-13.175717,14.020071],[-13.173215,14.020548],[-13.171266,14.020982],[-13.170282,14.021234],[-13.168773,14.021686],[-13.168077,14.021882],[-13.167177,14.022153],[-13.166098,14.022492],[-13.165105,14.022786],[-13.164156,14.023084],[-13.164046,14.023124],[-13.163637,14.023259],[-13.163383,14.023315],[-13.162376,14.023535],[-13.162053,14.023583],[-13.161872,14.023595],[-13.161671,14.023607],[-13.161368,14.023599],[-13.161326,14.023597],[-13.161101,14.02359],[-13.160473,14.023556],[-13.160069,14.02356],[-13.159624,14.023599],[-13.159014,14.023728],[-13.157612,14.024169],[-13.156649,14.024471],[-13.151559,14.026072],[-13.129034,14.033014],[-13.101649,14.041396],[-13.091088,14.044664],[-13.08162,14.047588],[-13.050331,14.05723],[-13.049219,14.057583],[-13.048072,14.057947],[-13.043925,14.059264],[-13.040412,14.06038],[-13.038025,14.061046],[-13.03562,14.061755],[-13.033268,14.062598],[-13.031475,14.063076],[-13.029933,14.063522],[-13.017126,14.067461],[-13.00535,14.071114],[-13.002228,14.072055],[-12.996905,14.07376],[-12.996496,14.073891],[-12.98702,14.076769],[-12.973416,14.080954],[-12.966142,14.083207],[-12.961743,14.084633],[-12.961245,14.084826],[-12.959358,14.085638],[-12.957486,14.086465],[-12.956035,14.087131],[-12.949442,14.090093],[-12.944469,14.092348],[-12.935318,14.096441],[-12.934602,14.09675],[-12.93226,14.097776],[-12.931833,14.097975],[-12.931388,14.098139],[-12.930771,14.098309],[-12.927722,14.098944],[-12.926149,14.099471],[-12.921621,14.101371],[-12.9188,14.102611],[-12.917739,14.103077],[-12.917662,14.103111],[-12.91615,14.103765],[-12.912355,14.105394],[-12.909302,14.106596],[-12.906795,14.107645],[-12.903673,14.109013],[-12.902391,14.109623],[-12.901903,14.10987],[-12.896469,14.11284],[-12.890203,14.116305],[-12.879724,14.121947],[-12.872454,14.125798],[-12.859223,14.132757],[-12.853103,14.135928],[-12.852075,14.136505],[-12.851768,14.136702],[-12.85091,14.1373],[-12.850323,14.13777],[-12.849388,14.138593],[-12.848039,14.139984],[-12.847143,14.140841],[-12.846478,14.141406],[-12.845917,14.141845],[-12.84166,14.144896],[-12.83669,14.148223],[-12.835998,14.14874],[-12.834416,14.150038],[-12.832844,14.151276],[-12.831717,14.152087],[-12.830785,14.152729],[-12.830496,14.152943],[-12.829542,14.15376],[-12.828803,14.154348],[-12.828551,14.154517],[-12.828283,14.15467],[-12.824891,14.156488],[-12.824266,14.156795],[-12.823027,14.15731],[-12.821801,14.157747],[-12.815509,14.160218],[-12.814154,14.160738],[-12.806371,14.163558],[-12.805941,14.163765],[-12.804567,14.164605],[-12.804249,14.164758],[-12.803884,14.164904],[-12.799928,14.166222],[-12.799134,14.166493],[-12.798737,14.166654],[-12.798415,14.166805],[-12.798085,14.166987],[-12.79631,14.168014],[-12.795588,14.168396],[-12.795186,14.168581],[-12.793379,14.169346],[-12.792455,14.169673],[-12.788424,14.171002],[-12.784578,14.172443],[-12.78373,14.172781],[-12.783336,14.172976],[-12.782966,14.173187],[-12.782563,14.173449],[-12.782139,14.173769],[-12.780984,14.174726],[-12.779889,14.175631],[-12.779451,14.175916],[-12.779088,14.176089],[-12.778807,14.176186],[-12.778526,14.176258],[-12.778258,14.176304],[-12.777853,14.176327],[-12.775284,14.176201],[-12.774522,14.176141],[-12.773994,14.176068],[-12.773586,14.175988],[-12.77092,14.175293],[-12.768624,14.174776],[-12.767387,14.174547],[-12.767206,14.174527],[-12.766711,14.174471],[-12.766183,14.174448],[-12.765732,14.174482],[-12.763463,14.174825],[-12.763184,14.174914],[-12.762862,14.175049],[-12.762567,14.175215],[-12.761556,14.175863],[-12.761124,14.176183],[-12.76087,14.176427],[-12.759957,14.177438],[-12.759821,14.177592],[-12.759347,14.178148],[-12.759027,14.178395],[-12.758723,14.178603],[-12.757809,14.179535],[-12.756861,14.180517],[-12.756627,14.180707],[-12.75643,14.180849],[-12.756171,14.181001],[-12.755649,14.181216],[-12.75517,14.181343],[-12.746443,14.184381],[-12.746088,14.184492],[-12.745765,14.184572],[-12.74539,14.184632],[-12.745044,14.18466],[-12.744414,14.184654],[-12.743718,14.184561],[-12.735161,14.183209],[-12.734828,14.183145],[-12.734157,14.183062],[-12.733849,14.183049],[-12.733312,14.183078],[-12.732726,14.183169],[-12.724395,14.185195],[-12.72311,14.185516],[-12.722788,14.185596],[-12.722435,14.185683],[-12.721706,14.185863],[-12.721056,14.186027],[-12.720481,14.186163],[-12.720274,14.186194],[-12.719912,14.186268],[-12.719836,14.186282],[-12.719254,14.186403],[-12.718834,14.186512],[-12.718322,14.186724],[-12.717461,14.187142],[-12.716684,14.187508],[-12.716633,14.187536],[-12.714199,14.188665],[-12.713349,14.189095],[-12.713299,14.189125],[-12.712032,14.189721],[-12.709684,14.190822],[-12.709111,14.191114],[-12.708863,14.191269],[-12.705098,14.194009],[-12.703049,14.195538],[-12.700447,14.197327],[-12.696394,14.200057],[-12.692753,14.202519],[-12.69258,14.202658],[-12.692393,14.202846],[-12.692018,14.203361],[-12.690984,14.204862],[-12.690278,14.205803],[-12.68969,14.206348],[-12.688975,14.206852],[-12.687757,14.207355],[-12.686564,14.207748],[-12.68637,14.207778],[-12.68614,14.207842],[-12.685911,14.207933],[-12.685676,14.208047],[-12.685467,14.208184],[-12.685241,14.208355],[-12.685094,14.208476],[-12.68212,14.211321],[-12.681389,14.211939],[-12.681113,14.212148],[-12.680814,14.212337],[-12.67724,14.214293],[-12.674392,14.216076],[-12.673993,14.216307],[-12.673486,14.216554],[-12.671886,14.217261],[-12.671455,14.217475],[-12.670923,14.217789],[-12.668348,14.219736],[-12.667518,14.2203],[-12.66734,14.220404],[-12.667126,14.220506],[-12.663956,14.221856],[-12.663387,14.222119],[-12.663087,14.222285],[-12.660126,14.224123],[-12.658546,14.225127],[-12.658197,14.225317],[-12.654435,14.227105],[-12.651034,14.229106],[-12.650849,14.229204],[-12.650755,14.229261],[-12.648158,14.230743],[-12.647088,14.231375],[-12.646866,14.231486],[-12.646464,14.231654],[-12.645345,14.232097],[-12.644944,14.232309],[-12.642359,14.233998],[-12.641672,14.234432],[-12.640851,14.234905],[-12.638531,14.236052],[-12.636174,14.23724],[-12.635728,14.237466],[-12.635347,14.237705],[-12.634945,14.238023],[-12.634068,14.238787],[-12.633926,14.238892],[-12.632494,14.239632],[-12.632046,14.239884],[-12.631834,14.240069],[-12.631665,14.240297],[-12.63112,14.24116],[-12.630383,14.242416],[-12.627503,14.247308],[-12.62637,14.249426],[-12.626148,14.249789],[-12.625807,14.25023],[-12.625531,14.250543],[-12.624254,14.251752],[-12.62405,14.251916],[-12.623731,14.252121],[-12.623428,14.252292],[-12.62305,14.252472],[-12.620866,14.253323],[-12.619045,14.253951],[-12.618778,14.254013],[-12.618515,14.254055],[-12.616443,14.25416],[-12.616113,14.254185],[-12.615849,14.254225],[-12.615564,14.254286],[-12.613194,14.255038],[-12.609985,14.255504],[-12.609754,14.255555],[-12.607296,14.2563],[-12.606309,14.256599],[-12.60563,14.256739],[-12.601941,14.257232],[-12.600481,14.257437],[-12.600192,14.257494],[-12.598438,14.257902],[-12.592377,14.259261],[-12.58625,14.259891],[-12.585605,14.259947],[-12.585426,14.259951],[-12.585067,14.25993],[-12.581293,14.259574],[-12.580864,14.259561],[-12.580003,14.259623],[-12.579566,14.259691],[-12.579153,14.259787],[-12.575872,14.260721],[-12.575245,14.260889],[-12.574891,14.260947],[-12.57452,14.260954],[-12.574164,14.260931],[-12.573828,14.260871],[-12.571771,14.260128],[-12.571186,14.260008],[-12.570858,14.25999],[-12.570521,14.260006],[-12.570194,14.260054],[-12.569865,14.260133],[-12.568,14.260642],[-12.566334,14.261077],[-12.56268,14.261866],[-12.562587,14.261886],[-12.561292,14.262166],[-12.560986,14.262262],[-12.560594,14.262408],[-12.558761,14.263174],[-12.558508,14.263265],[-12.556748,14.263702],[-12.555037,14.264347],[-12.554546,14.264456],[-12.554137,14.264516],[-12.553317,14.264529],[-12.549836,14.264342],[-12.543412,14.26424],[-12.542826,14.264265],[-12.542302,14.264326],[-12.537803,14.264713],[-12.537482,14.264763],[-12.537158,14.264843],[-12.536742,14.264977],[-12.536295,14.265183],[-12.523245,14.273084],[-12.521901,14.273958],[-12.517607,14.277066],[-12.517183,14.277339],[-12.516848,14.277523],[-12.514372,14.278729],[-12.513371,14.279189],[-12.512838,14.27953],[-12.512154,14.280037],[-12.511829,14.28025],[-12.508707,14.281626],[-12.507285,14.282202],[-12.506752,14.282402],[-12.500175,14.284339],[-12.499862,14.284466],[-12.495732,14.286361],[-12.495264,14.286533],[-12.494821,14.286655],[-12.490621,14.287536],[-12.490361,14.287561],[-12.490063,14.287566],[-12.489588,14.287542],[-12.480614,14.286371],[-12.4782,14.286083],[-12.477854,14.286078],[-12.477517,14.286097],[-12.477158,14.286144],[-12.475083,14.286542],[-12.474458,14.286675],[-12.474093,14.286795],[-12.473795,14.286946],[-12.473431,14.287171],[-12.473152,14.287405],[-12.471576,14.289004],[-12.471334,14.289186],[-12.470974,14.289407],[-12.470636,14.289575],[-12.470224,14.289713],[-12.469005,14.289958],[-12.467468,14.29027],[-12.467104,14.290397],[-12.466245,14.290798],[-12.465845,14.291066],[-12.462603,14.293589],[-12.462098,14.29394],[-12.460953,14.294543],[-12.457363,14.296054],[-12.455623,14.296802],[-12.455189,14.297036],[-12.454778,14.297311],[-12.454237,14.297769],[-12.453912,14.298115],[-12.453612,14.298481],[-12.453381,14.298841],[-12.453164,14.299222],[-12.453073,14.299406],[-12.45293,14.299762],[-12.45267,14.300591],[-12.451933,14.303237],[-12.451858,14.303635],[-12.451782,14.30422],[-12.451758,14.304799],[-12.45176,14.307038],[-12.451784,14.312429],[-12.451938,14.315437],[-12.451946,14.316347],[-12.451887,14.316827],[-12.451782,14.317319],[-12.451627,14.317823],[-12.451546,14.318026],[-12.450876,14.319385],[-12.45035,14.320403],[-12.45005,14.320882],[-12.449661,14.321323],[-12.445713,14.324657],[-12.443039,14.326916],[-12.442639,14.327266],[-12.439506,14.329884],[-12.438181,14.330969],[-12.437974,14.331114],[-12.437737,14.33126],[-12.437246,14.331516],[-12.43676,14.331734],[-12.436311,14.331884],[-12.435887,14.332006],[-12.435473,14.332081],[-12.433133,14.332395],[-12.430236,14.332738],[-12.428029,14.332978],[-12.425623,14.333238],[-12.425394,14.333263],[-12.425124,14.333294],[-12.42481,14.333377],[-12.424717,14.333415],[-12.424459,14.333521],[-12.424164,14.33369],[-12.423907,14.333889],[-12.423677,14.334152],[-12.423456,14.334488],[-12.423241,14.335048],[-12.423044,14.335878],[-12.422876,14.33631],[-12.42203,14.337895],[-12.421288,14.339068],[-12.421053,14.339397],[-12.420732,14.339799],[-12.420408,14.34011],[-12.420056,14.340394],[-12.419627,14.340695],[-12.417968,14.341667],[-12.414057,14.344003],[-12.407356,14.348255],[-12.406677,14.348718],[-12.406182,14.349091],[-12.40585,14.349402],[-12.405573,14.349705],[-12.405353,14.349938],[-12.404616,14.35063],[-12.404475,14.350754],[-12.404311,14.350871],[-12.403116,14.351586],[-12.401109,14.352822],[-12.400461,14.353229],[-12.400236,14.353407],[-12.399187,14.354303],[-12.398909,14.354495],[-12.398628,14.354632],[-12.398384,14.354729],[-12.396915,14.355174],[-12.396567,14.355332],[-12.396274,14.355522],[-12.396041,14.355722],[-12.395837,14.355966],[-12.395684,14.356216],[-12.394339,14.358923],[-12.394099,14.359249],[-12.393899,14.359449],[-12.393639,14.359673],[-12.392642,14.360418],[-12.391999,14.36096],[-12.391693,14.361246],[-12.390299,14.3629],[-12.388815,14.364608],[-12.388576,14.364829],[-12.388262,14.365053],[-12.387916,14.365242],[-12.387629,14.365346],[-12.384231,14.366298],[-12.383102,14.366626],[-12.381262,14.367157],[-12.380964,14.36729],[-12.38064,14.367467],[-12.380363,14.367672],[-12.380202,14.367833],[-12.379993,14.368108],[-12.379808,14.36842],[-12.379671,14.368776],[-12.378995,14.371369],[-12.378711,14.37225],[-12.377981,14.373929],[-12.377858,14.37431],[-12.377649,14.375199],[-12.377587,14.37561],[-12.377547,14.377257],[-12.377445,14.377867],[-12.377306,14.378561],[-12.377153,14.378995],[-12.376986,14.379393],[-12.376774,14.379868],[-12.376608,14.38013],[-12.376404,14.380395],[-12.376112,14.380648],[-12.374972,14.381445],[-12.373202,14.382492],[-12.372944,14.38269],[-12.371303,14.384177],[-12.371013,14.384417],[-12.370713,14.384628],[-12.370351,14.384807],[-12.369962,14.384944],[-12.369569,14.38504],[-12.369195,14.385194],[-12.368921,14.385358],[-12.368336,14.385781],[-12.367912,14.386023],[-12.367518,14.386184],[-12.367216,14.386253],[-12.364833,14.386683],[-12.364073,14.386793],[-12.363837,14.386797],[-12.363606,14.386767],[-12.363016,14.386654],[-12.362713,14.386606],[-12.362517,14.386591],[-12.362044,14.386621],[-12.361784,14.386679],[-12.361619,14.386749],[-12.361173,14.386977],[-12.361,14.387096],[-12.360856,14.38723],[-12.360716,14.387384],[-12.359981,14.388406],[-12.359749,14.388659],[-12.359583,14.388811],[-12.359411,14.388939],[-12.358588,14.389433],[-12.35842,14.389571],[-12.358286,14.389706],[-12.358077,14.38996],[-12.357721,14.390546],[-12.357556,14.390853],[-12.357291,14.391453],[-12.357189,14.391856],[-12.357031,14.392362],[-12.356913,14.392599],[-12.356754,14.392866],[-12.356644,14.392983],[-12.35634,14.393255],[-12.355988,14.393512],[-12.354571,14.39455],[-12.35386,14.395224],[-12.353791,14.395297],[-12.352674,14.396374],[-12.351804,14.397101],[-12.350457,14.398522],[-12.350336,14.398639],[-12.350199,14.398739],[-12.350017,14.398861],[-12.349813,14.398972],[-12.34826,14.399728],[-12.34753,14.400019],[-12.346372,14.400255],[-12.345736,14.400442],[-12.345202,14.400632],[-12.344719,14.400858],[-12.344035,14.401305],[-12.34333,14.401814],[-12.342926,14.402083],[-12.341878,14.402684],[-12.340685,14.403214],[-12.33921,14.403812],[-12.337275,14.404565],[-12.335179,14.405452],[-12.333607,14.406157],[-12.331851,14.407019],[-12.328749,14.408583],[-12.326531,14.409706],[-12.325763,14.410068],[-12.325205,14.410282],[-12.32484,14.4104],[-12.32443,14.41051],[-12.323926,14.410614],[-12.320862,14.411157],[-12.320734,14.411178],[-12.317119,14.411717],[-12.312005,14.412561],[-12.308635,14.413006],[-12.307983,14.413101],[-12.307553,14.41319],[-12.307285,14.41326],[-12.30561,14.413878],[-12.305021,14.414066],[-12.304805,14.414081],[-12.304422,14.41408],[-12.30288,14.413921],[-12.301301,14.413759],[-12.301063,14.413735],[-12.300225,14.413649],[-12.299187,14.413543],[-12.29883,14.413506],[-12.298537,14.413497],[-12.29813,14.413509],[-12.297518,14.41356],[-12.296844,14.413639],[-12.296625,14.413684],[-12.295887,14.413902],[-12.294502,14.414309],[-12.29425,14.414365],[-12.294022,14.414399],[-12.291562,14.414611],[-12.290933,14.414689],[-12.290332,14.414845],[-12.290127,14.414919],[-12.288432,14.415652],[-12.288091,14.415742],[-12.287599,14.415794],[-12.286376,14.415853],[-12.285618,14.415909],[-12.283739,14.41611],[-12.281698,14.416338],[-12.281399,14.416387],[-12.280814,14.416534],[-12.280053,14.416783],[-12.279841,14.41687],[-12.279609,14.416969],[-12.279115,14.41722],[-12.278765,14.417403],[-12.278347,14.417651],[-12.275859,14.419349],[-12.275431,14.419588],[-12.275005,14.419754],[-12.273511,14.420131],[-12.273306,14.42017],[-12.27147,14.420408],[-12.271234,14.420426],[-12.271003,14.420412],[-12.270768,14.420384],[-12.27049,14.420321],[-12.267104,14.419554],[-12.264315,14.419117],[-12.264093,14.419341],[-12.263989,14.419538],[-12.263747,14.420366],[-12.263584,14.420753],[-12.263349,14.421093],[-12.26303,14.421388],[-12.262694,14.421583],[-12.262237,14.421803],[-12.261958,14.42189],[-12.261038,14.422105],[-12.260758,14.42221],[-12.260386,14.422378],[-12.260208,14.422475],[-12.259733,14.422668],[-12.259064,14.422868],[-12.258169,14.423282],[-12.257741,14.423395],[-12.257249,14.423497],[-12.256783,14.423682],[-12.256429,14.423867],[-12.256213,14.424036],[-12.255951,14.424277],[-12.255782,14.424474],[-12.255611,14.424752],[-12.255514,14.425139],[-12.255483,14.425392],[-12.255415,14.42568],[-12.255244,14.426021],[-12.254914,14.426487],[-12.254449,14.427331],[-12.254296,14.42769],[-12.254172,14.428032],[-12.254096,14.428176],[-12.253526,14.428521],[-12.253003,14.428886],[-12.252564,14.429142],[-12.252415,14.429213],[-12.252294,14.429248],[-12.252117,14.429336],[-12.251686,14.429719],[-12.251489,14.429934],[-12.251292,14.430058],[-12.251135,14.430083],[-12.25106,14.430118],[-12.250834,14.430387],[-12.250393,14.43086],[-12.250308,14.430941],[-12.25,14.431127],[-12.248574,14.432564],[-12.248265,14.432841],[-12.248115,14.432938],[-12.247826,14.433043],[-12.247695,14.433159],[-12.247563,14.433384],[-12.247487,14.433482],[-12.246879,14.433981],[-12.246794,14.434115],[-12.246717,14.434331],[-12.246623,14.43442],[-12.246212,14.434714],[-12.24594,14.434927],[-12.245715,14.435196],[-12.245564,14.435402],[-12.245157,14.436056],[-12.244771,14.436585],[-12.244311,14.437058],[-12.243692,14.437602],[-12.243467,14.437852],[-12.243409,14.438014],[-12.243322,14.438347],[-12.243217,14.438563],[-12.243113,14.438733],[-12.242971,14.438948],[-12.24284,14.439091],[-12.242596,14.439305],[-12.242427,14.439493],[-12.242039,14.440111],[-12.241823,14.44038],[-12.241596,14.440711],[-12.241332,14.441142],[-12.240995,14.441409],[-12.240686,14.441622],[-12.23935,14.442464],[-12.238763,14.442765],[-12.238548,14.442907],[-12.238089,14.443254],[-12.237334,14.443633],[-12.236755,14.443969],[-12.236484,14.444183],[-12.236164,14.444586],[-12.236004,14.44471],[-12.235697,14.444869],[-12.23524,14.445063],[-12.234913,14.445249],[-12.234726,14.4454],[-12.234576,14.44557],[-12.234295,14.445819],[-12.232472,14.447081],[-12.232107,14.447356],[-12.231107,14.447968],[-12.230668,14.448252],[-12.230275,14.448527],[-12.23005,14.448795],[-12.229842,14.449073],[-12.229757,14.449225],[-12.22968,14.449459],[-12.229611,14.449766],[-12.229323,14.449853],[-12.229165,14.449869],[-12.228923,14.44992],[-12.228579,14.450015],[-12.227956,14.450225],[-12.227621,14.45032],[-12.226811,14.450627],[-12.226596,14.450733],[-12.225821,14.451184],[-12.22527,14.451548],[-12.22512,14.451673],[-12.224653,14.451974],[-12.224354,14.452133],[-12.224047,14.452247],[-12.22386,14.452371],[-12.223607,14.452576],[-12.223207,14.453048],[-12.223175,14.453155],[-12.22315,14.453391],[-12.223125,14.453446],[-12.222952,14.45361],[-12.2224,14.453984],[-12.221805,14.454337],[-12.221611,14.454405],[-12.221274,14.454453],[-12.221142,14.454493],[-12.220951,14.454579],[-12.220451,14.4548],[-12.219873,14.455098],[-12.218756,14.45574],[-12.21856,14.455839],[-12.218142,14.456027],[-12.217899,14.456091],[-12.217163,14.456242],[-12.216698,14.456333],[-12.216201,14.45643],[-12.215925,14.456482],[-12.215343,14.456591],[-12.21443,14.456763],[-12.214046,14.456835],[-12.213613,14.456916],[-12.213478,14.456942],[-12.21309,14.457014],[-12.212753,14.457074],[-12.212564,14.457113],[-12.212054,14.457209],[-12.211992,14.457221],[-12.211574,14.457308],[-12.211035,14.457403],[-12.210743,14.457425],[-12.210606,14.457363],[-12.21059,14.456944],[-12.210553,14.45611],[-12.210546,14.455699],[-12.210561,14.455062],[-12.210598,14.454875],[-12.210657,14.454494],[-12.209478,14.454274],[-12.208482,14.454153],[-12.207738,14.454035],[-12.20755,14.454023],[-12.207369,14.454026],[-12.206958,14.454079],[-12.206655,14.454173],[-12.206542,14.454219],[-12.206174,14.454444],[-12.20563,14.454928],[-12.204896,14.4557],[-12.20465,14.455923],[-12.204258,14.456228],[-12.203924,14.456531],[-12.203633,14.456763],[-12.203486,14.456854],[-12.203081,14.457032],[-12.202821,14.457092],[-12.202537,14.457126],[-12.202369,14.457133],[-12.20106,14.457218],[-12.200953,14.457235],[-12.200811,14.457267],[-12.200618,14.457322],[-12.200253,14.457464],[-12.200028,14.457556],[-12.199529,14.457744],[-12.198754,14.457931],[-12.19797,14.458034],[-12.196739,14.458216],[-12.19668,14.458229],[-12.196631,14.458236],[-12.196442,14.458264],[-12.196306,14.458284],[-12.195609,14.458387],[-12.194755,14.458509],[-12.193295,14.458722],[-12.192704,14.458842],[-12.192078,14.459055],[-12.191036,14.459536],[-12.189345,14.460497],[-12.186727,14.462011],[-12.186284,14.462303],[-12.185767,14.462691],[-12.184739,14.463608],[-12.184214,14.464123],[-12.18328,14.464983],[-12.182022,14.466145],[-12.18121,14.466857],[-12.180987,14.467049],[-12.179698,14.468136],[-12.175467,14.471231],[-12.174863,14.471687],[-12.174295,14.472184],[-12.174002,14.472492],[-12.173742,14.47281],[-12.173278,14.473467],[-12.172498,14.47451],[-12.172192,14.474957],[-12.171559,14.475881],[-12.171049,14.476627],[-12.170376,14.477561],[-12.168273,14.480588],[-12.16772,14.481337],[-12.167109,14.482072],[-12.166739,14.482478],[-12.16642,14.482772],[-12.165985,14.483127],[-12.165253,14.483674],[-12.16495,14.48388],[-12.164,14.484368],[-12.158193,14.487049],[-12.153239,14.489352],[-12.152199,14.489801],[-12.150983,14.490232],[-12.148848,14.49087],[-12.144356,14.492175],[-12.139839,14.493506],[-12.138136,14.493961],[-12.137143,14.494195],[-12.132932,14.495075],[-12.132358,14.495218],[-12.131784,14.495402],[-12.131256,14.495609],[-12.130389,14.495984],[-12.129164,14.496637],[-12.126385,14.498141],[-12.125288,14.498646],[-12.124218,14.499042],[-12.123217,14.499298],[-12.12219,14.499472],[-12.112952,14.500759],[-12.111957,14.500923],[-12.110949,14.501121],[-12.108969,14.501559],[-12.096151,14.504492],[-12.095108,14.50472],[-12.094073,14.50497],[-12.093549,14.505086],[-12.092938,14.505251],[-12.092083,14.505557],[-12.091637,14.505795],[-12.091202,14.506057],[-12.090478,14.506561],[-12.0897,14.507158],[-12.088434,14.508093],[-12.087866,14.508493],[-12.087469,14.508742],[-12.087045,14.508963],[-12.086195,14.509363],[-12.084741,14.509866],[-12.075766,14.512749],[-12.072118,14.513955],[-12.071201,14.514231],[-12.070289,14.514531],[-12.068507,14.51506],[-12.063707,14.516413],[-12.063251,14.516602],[-12.062766,14.516831],[-12.061828,14.517355],[-12.059579,14.518877],[-12.057876,14.519975],[-12.057323,14.520353],[-12.056381,14.520932],[-12.056001,14.521125],[-12.055719,14.52125],[-12.055207,14.521442],[-12.054641,14.5216],[-12.053453,14.521828],[-12.052667,14.52196],[-12.052136,14.522075],[-12.051507,14.522281],[-12.050571,14.522657],[-12.049878,14.522956],[-12.049226,14.523228],[-12.046243,14.524537],[-12.045084,14.525028],[-12.043486,14.525753],[-12.043164,14.525891],[-12.042565,14.526151],[-12.042122,14.526342],[-12.036525,14.528761],[-12.035443,14.529095],[-12.03499,14.5292],[-12.034148,14.529339],[-12.032838,14.529436],[-12.029483,14.529574],[-12.026972,14.529705],[-12.021208,14.53022],[-12.02047,14.530242],[-12.01242,14.530274],[-12.010768,14.530337],[-12.010083,14.530412],[-12.009076,14.530556],[-12.008446,14.530655],[-12.007467,14.530811],[-12.00722,14.530848],[-12.005918,14.531054],[-12.004279,14.531312],[-12.003715,14.531423],[-12.00278,14.531555],[-12.001224,14.531583],[-12.000517,14.53159],[-11.996455,14.531571],[-11.994967,14.531573],[-11.993857,14.53161],[-11.992741,14.531739],[-11.990689,14.532099],[-11.98629,14.532952],[-11.985668,14.533084],[-11.985109,14.533173],[-11.984072,14.533247],[-11.983779,14.533241],[-11.983481,14.533224],[-11.981403,14.533009],[-11.980677,14.532956],[-11.980174,14.532958],[-11.979679,14.533],[-11.978715,14.533208],[-11.976259,14.533846],[-11.976074,14.533894],[-11.97388,14.534458],[-11.971626,14.535087],[-11.959353,14.538675],[-11.957929,14.539122],[-11.956855,14.539509],[-11.953753,14.540919],[-11.95312,14.54119],[-11.952273,14.541446],[-11.951615,14.541606],[-11.950836,14.541743],[-11.950083,14.541841],[-11.949592,14.541922],[-11.948809,14.542103],[-11.94843,14.542231],[-11.947919,14.542464],[-11.946413,14.543258],[-11.94441,14.544409],[-11.942311,14.545199],[-11.941615,14.545428],[-11.940211,14.545935],[-11.935179,14.547674],[-11.932495,14.548615],[-11.932227,14.548724],[-11.931847,14.548904],[-11.931478,14.549106],[-11.931191,14.549306],[-11.929772,14.550383],[-11.929005,14.550882],[-11.928748,14.551026],[-11.928315,14.551203],[-11.928065,14.551283],[-11.927342,14.551437],[-11.925868,14.551694],[-11.925214,14.551798],[-11.924274,14.551918],[-11.923979,14.55194],[-11.922223,14.551914],[-11.920725,14.551853],[-11.9193,14.551795],[-11.918361,14.551775],[-11.917602,14.551792],[-11.91714,14.55184],[-11.916682,14.551913],[-11.915818,14.552138],[-11.913616,14.553034],[-11.906543,14.556032],[-11.906331,14.556112],[-11.904987,14.556664],[-11.904566,14.5568],[-11.904065,14.556926],[-11.903555,14.557022],[-11.902587,14.557157],[-11.900787,14.557305],[-11.894993,14.557648],[-11.89395,14.557743],[-11.892974,14.557946],[-11.890466,14.558571],[-11.888652,14.558978],[-11.884521,14.559998],[-11.884171,14.560073],[-11.883873,14.560118],[-11.883422,14.560152],[-11.882753,14.560115],[-11.882435,14.560077],[-11.882168,14.560011],[-11.88184,14.559892],[-11.8816,14.559828],[-11.881327,14.559725],[-11.880751,14.559404],[-11.880348,14.559124],[-11.880062,14.558851],[-11.879796,14.558565],[-11.879382,14.558063],[-11.877043,14.554492],[-11.876116,14.552997],[-11.873462,14.548876],[-11.871823,14.546362],[-11.871038,14.545105],[-11.870858,14.544847],[-11.870442,14.544295],[-11.869975,14.543777],[-11.867843,14.54182],[-11.866885,14.540833],[-11.865914,14.539745],[-11.865174,14.538888],[-11.864649,14.538275],[-11.863971,14.537582],[-11.863154,14.53691],[-11.862536,14.536509],[-11.862199,14.536309],[-11.861816,14.536101],[-11.861317,14.535864],[-11.860171,14.535425],[-11.858529,14.534834],[-11.857644,14.534601],[-11.852988,14.533501],[-11.852323,14.533376],[-11.851927,14.533326],[-11.85104,14.53328],[-11.850577,14.533282],[-11.850007,14.533313],[-11.848873,14.533479],[-11.848324,14.533623],[-11.847746,14.533814],[-11.847219,14.53402],[-11.845271,14.534916],[-11.840316,14.53723],[-11.839871,14.537454],[-11.839524,14.537588],[-11.839244,14.53768],[-11.838748,14.537815],[-11.838413,14.537873],[-11.837954,14.537914],[-11.837657,14.537912],[-11.837054,14.537853],[-11.836691,14.537782],[-11.8357,14.537507],[-11.829609,14.535624],[-11.823073,14.533627],[-11.822448,14.533526],[-11.822135,14.533496],[-11.821857,14.533493],[-11.821368,14.533519],[-11.821115,14.533557],[-11.820655,14.533657],[-11.820417,14.533726],[-11.820152,14.533826],[-11.819656,14.534061],[-11.819373,14.53423],[-11.81906,14.534444],[-11.81772,14.535499],[-11.816826,14.536175],[-11.816441,14.536403],[-11.815997,14.536615],[-11.815711,14.536721],[-11.813622,14.537311],[-11.813414,14.537383],[-11.812934,14.537592],[-11.812691,14.537717],[-11.812184,14.538073],[-11.811921,14.538287],[-11.811677,14.53852],[-11.811482,14.538749],[-11.811346,14.538934],[-11.811207,14.539134],[-11.811011,14.53947],[-11.810866,14.539786],[-11.810748,14.540094],[-11.810192,14.541734],[-11.809905,14.54242],[-11.809553,14.543121],[-11.809049,14.543968],[-11.808856,14.544249],[-11.80529,14.549898],[-11.803876,14.552151],[-11.803417,14.552822],[-11.802953,14.553437],[-11.802452,14.554017],[-11.801906,14.554594],[-11.801626,14.55487],[-11.800373,14.556017],[-11.799881,14.556505],[-11.799399,14.557014],[-11.798913,14.55762],[-11.79841,14.558308],[-11.797952,14.55899],[-11.797509,14.559607],[-11.797038,14.560175],[-11.796568,14.560656],[-11.796303,14.560902],[-11.795556,14.561505],[-11.793901,14.562764],[-11.792231,14.564077],[-11.791879,14.564366],[-11.79145,14.564707],[-11.791207,14.564957],[-11.790951,14.565276],[-11.790657,14.565823],[-11.789938,14.567736],[-11.7896,14.568583],[-11.789038,14.570059],[-11.788773,14.570885],[-11.788274,14.572913],[-11.788,14.574111],[-11.787909,14.574394],[-11.787699,14.574828],[-11.787503,14.575125],[-11.787095,14.575545],[-11.786921,14.575685],[-11.786484,14.575956],[-11.784943,14.576799],[-11.784878,14.576835],[-11.783343,14.577668],[-11.78308,14.577799],[-11.782847,14.577902],[-11.782381,14.578067],[-11.782076,14.578157],[-11.781824,14.578211],[-11.781592,14.57825],[-11.781096,14.578289],[-11.780437,14.578281],[-11.778199,14.578089],[-11.777666,14.578062],[-11.777407,14.578067],[-11.776652,14.578129],[-11.776324,14.578158],[-11.776019,14.578206],[-11.775959,14.578217],[-11.774318,14.578471],[-11.771409,14.578887],[-11.771081,14.578905],[-11.770413,14.5789],[-11.769919,14.578815],[-11.769404,14.578686],[-11.769101,14.578581],[-11.768543,14.578324],[-11.768267,14.57816],[-11.767328,14.577468],[-11.7664,14.576733],[-11.763333,14.574388],[-11.762548,14.573768],[-11.761534,14.573016],[-11.760713,14.572467],[-11.760046,14.57205],[-11.759362,14.571669],[-11.751506,14.56745],[-11.750986,14.567172],[-11.750468,14.566922],[-11.7498,14.566697],[-11.749036,14.566549],[-11.748548,14.566519],[-11.745787,14.566528],[-11.745472,14.56653],[-11.742907,14.566524],[-11.740494,14.566627],[-11.738076,14.566798],[-11.737458,14.566804],[-11.736944,14.566788],[-11.736427,14.56675],[-11.735845,14.566691],[-11.735402,14.566606],[-11.734925,14.566492],[-11.734021,14.56624],[-11.733168,14.565928],[-11.732175,14.565535],[-11.731513,14.565294],[-11.722086,14.56172],[-11.721108,14.56139],[-11.720457,14.561199],[-11.718694,14.560815],[-11.717327,14.560533],[-11.716669,14.560382],[-11.716054,14.560204],[-11.715619,14.560054],[-11.714797,14.559717],[-11.71439,14.559508],[-11.713657,14.559073],[-11.713374,14.558886],[-11.713039,14.558644],[-11.711436,14.557389],[-11.710705,14.556899],[-11.710271,14.556648],[-11.709834,14.556416],[-11.709444,14.556227],[-11.709051,14.556061],[-11.695719,14.550769],[-11.689904,14.548473],[-11.689161,14.548195],[-11.688571,14.548023],[-11.688287,14.547957],[-11.687994,14.547908],[-11.685887,14.547753],[-11.68089,14.547514],[-11.67336,14.547164],[-11.66541,14.546924],[-11.665325,14.546923],[-11.664463,14.546869],[-11.663888,14.546808],[-11.661106,14.546229],[-11.660691,14.546146],[-11.657995,14.545585],[-11.657156,14.545334],[-11.656313,14.545006],[-11.655614,14.544654],[-11.654745,14.544171],[-11.654265,14.543841],[-11.653773,14.543471],[-11.651863,14.541963],[-11.651258,14.541457],[-11.649642,14.540228],[-11.649083,14.539828],[-11.646838,14.538302],[-11.644361,14.536663],[-11.643139,14.535835],[-11.638897,14.532805],[-11.637377,14.531709],[-11.635873,14.530599],[-11.633418,14.528846],[-11.631298,14.527435],[-11.629522,14.526265],[-11.628997,14.525933],[-11.62847,14.525561],[-11.625359,14.52314],[-11.625041,14.52292],[-11.624688,14.522715],[-11.624321,14.522529],[-11.623933,14.522368],[-11.623329,14.522183],[-11.622718,14.522066],[-11.620835,14.521878],[-11.620337,14.521842],[-11.619707,14.521762],[-11.619377,14.521704],[-11.618773,14.52155],[-11.614876,14.52044],[-11.61418,14.520257],[-11.61361,14.520142],[-11.613022,14.520066],[-11.612429,14.520014],[-11.611841,14.519999],[-11.609532,14.520071],[-11.604524,14.520257],[-11.603711,14.52027],[-11.602551,14.520302],[-11.602216,14.520294],[-11.601971,14.520279],[-11.601738,14.520246],[-11.60128,14.520157],[-11.600713,14.51997],[-11.600523,14.519886],[-11.600189,14.519727],[-11.599682,14.519418],[-11.599413,14.519202],[-11.598812,14.518577],[-11.598442,14.518056],[-11.597845,14.517055],[-11.595374,14.512663],[-11.595116,14.512129],[-11.594865,14.511508],[-11.594631,14.510953],[-11.59437,14.51041],[-11.594199,14.510067],[-11.594134,14.509898],[-11.593596,14.508851],[-11.592664,14.506972],[-11.591615,14.505173],[-11.591169,14.504315],[-11.589075,14.500025],[-11.588851,14.499608],[-11.588723,14.499411],[-11.588393,14.498964],[-11.58817,14.498732],[-11.587855,14.498438],[-11.587538,14.498166],[-11.586351,14.497248],[-11.584825,14.496052],[-11.579246,14.491761],[-11.57665,14.489744],[-11.575823,14.489134],[-11.575403,14.488853],[-11.574665,14.488419],[-11.572678,14.487555],[-11.572023,14.487316],[-11.57165,14.487181],[-11.571232,14.486987],[-11.570881,14.486805],[-11.570665,14.486674],[-11.570591,14.486624],[-11.570269,14.486403],[-11.569285,14.485612],[-11.568811,14.485188],[-11.568495,14.48489],[-11.568076,14.48449],[-11.567682,14.484159],[-11.567226,14.483839],[-11.56693,14.483628],[-11.565949,14.483048],[-11.564977,14.482427],[-11.561054,14.480007],[-11.560109,14.479398],[-11.559256,14.478903],[-11.55854,14.478602],[-11.558146,14.478491],[-11.557713,14.478402],[-11.55713,14.478338],[-11.556759,14.478317],[-11.556352,14.47833],[-11.555958,14.478366],[-11.555391,14.478446],[-11.554784,14.478528],[-11.55422,14.478603],[-11.553879,14.478629],[-11.553178,14.4786],[-11.552828,14.478565],[-11.551822,14.478412],[-11.551179,14.478283],[-11.550507,14.478157],[-11.545145,14.477211],[-11.542758,14.476765],[-11.541679,14.476652],[-11.541219,14.476632],[-11.540553,14.476568],[-11.539497,14.476517],[-11.538517,14.476414],[-11.537524,14.476371],[-11.537037,14.476351],[-11.535899,14.476368],[-11.534958,14.476439],[-11.529578,14.476739],[-11.528345,14.476743],[-11.527344,14.476685],[-11.526965,14.476653],[-11.525774,14.47651],[-11.524401,14.476237],[-11.519317,14.474901],[-11.519221,14.474861],[-11.518435,14.474664],[-11.516027,14.474017],[-11.509465,14.472274],[-11.509064,14.47217],[-11.508715,14.472057],[-11.507987,14.471773],[-11.50734,14.471471],[-11.50639,14.470883],[-11.506072,14.470648],[-11.505676,14.470327],[-11.505293,14.469981],[-11.503529,14.4683],[-11.501465,14.466329],[-11.500678,14.465617],[-11.500341,14.46535],[-11.500236,14.465268],[-11.499394,14.464628],[-11.496865,14.462754],[-11.494797,14.461258],[-11.493608,14.460384],[-11.492861,14.459937],[-11.492266,14.459626],[-11.491657,14.45937],[-11.491191,14.459195],[-11.490658,14.459038],[-11.489946,14.45885],[-11.489462,14.458724],[-11.489029,14.458615],[-11.488153,14.458395],[-11.487161,14.458119],[-11.486674,14.457994],[-11.486297,14.457906],[-11.486219,14.457888],[-11.483797,14.457242],[-11.483155,14.457065],[-11.482981,14.457029],[-11.480456,14.456369],[-11.47999,14.456249],[-11.479447,14.45611],[-11.479211,14.45605],[-11.478731,14.455931],[-11.477856,14.455672],[-11.477115,14.455485],[-11.476402,14.455321],[-11.475349,14.455074],[-11.474525,14.454858],[-11.474255,14.454788],[-11.474121,14.45475],[-11.473437,14.454612],[-11.473166,14.454461],[-11.473097,14.454403],[-11.473053,14.454392],[-11.472964,14.45441],[-11.472928,14.454437],[-11.472903,14.454473],[-11.472889,14.454557],[-11.472921,14.454629],[-11.472951,14.454655],[-11.472277,14.456589],[-11.471819,14.458015],[-11.471151,14.459953],[-11.469544,14.464653],[-11.46823,14.46836],[-11.467478,14.47053],[-11.467439,14.470598],[-11.467368,14.470675],[-11.467293,14.470734],[-11.467257,14.470807],[-11.467256,14.470866],[-11.467275,14.470922],[-11.467295,14.470948],[-11.467306,14.471137],[-11.467284,14.471298],[-11.467082,14.471902],[-11.466925,14.472282],[-11.466777,14.472567],[-11.466568,14.472925],[-11.466366,14.473194],[-11.466112,14.473479],[-11.465894,14.473692],[-11.465606,14.473939],[-11.465342,14.474123],[-11.464945,14.474375],[-11.464472,14.474598],[-11.464026,14.47475],[-11.46359,14.474858],[-11.463131,14.474944],[-11.462793,14.475008],[-11.460987,14.475351],[-11.456489,14.476184],[-11.454914,14.476476],[-11.454584,14.476537],[-11.452079,14.477002],[-11.45064,14.477269],[-11.450154,14.477359],[-11.450101,14.477369],[-11.447587,14.477837],[-11.443246,14.478648],[-11.439534,14.479337],[-11.4384,14.479547],[-11.434248,14.480314],[-11.433544,14.480401],[-11.432855,14.480442],[-11.432634,14.480427],[-11.432245,14.480401],[-11.431588,14.480323],[-11.431107,14.480232],[-11.430849,14.480153],[-11.430013,14.479936],[-11.429438,14.479698],[-11.428267,14.479102],[-11.426575,14.478242],[-11.424822,14.477326],[-11.424011,14.476903],[-11.421238,14.475488],[-11.416306,14.472963],[-11.415839,14.472747],[-11.415393,14.472603],[-11.414916,14.472475],[-11.414035,14.472316],[-11.409075,14.471509],[-11.408906,14.471782],[-11.408645,14.472573],[-11.408403,14.473199],[-11.408224,14.473457],[-11.4082,14.473806],[-11.40776,14.474516],[-11.407598,14.474731],[-11.407398,14.474942],[-11.406983,14.475228],[-11.405096,14.476253],[-11.404398,14.476408],[-11.403938,14.476594],[-11.403839,14.47667],[-11.40378,14.47685],[-11.403352,14.476759],[-11.403232,14.476756],[-11.403118,14.476785],[-11.403023,14.476839],[-11.402926,14.476917],[-11.402869,14.477017],[-11.40284,14.477114],[-11.402833,14.477225],[-11.402825,14.477424],[-11.402798,14.477494],[-11.40277,14.477528],[-11.402665,14.477604],[-11.402528,14.477656],[-11.392401,14.479221],[-11.375579,14.481821],[-11.375058,14.480006],[-11.374441,14.480277],[-11.373654,14.480535],[-11.372897,14.480691],[-11.372296,14.480763],[-11.371693,14.48077],[-11.37055,14.480717],[-11.368602,14.480386],[-11.365272,14.479724],[-11.364464,14.479563],[-11.363017,14.479267],[-11.360691,14.478746],[-11.35997,14.47851],[-11.359333,14.478267],[-11.358637,14.477751],[-11.358126,14.477262],[-11.357955,14.477081],[-11.357658,14.476681],[-11.356946,14.475543],[-11.356438,14.474794],[-11.356297,14.474623],[-11.35617,14.474469],[-11.355754,14.474104],[-11.354988,14.473546],[-11.354183,14.473233],[-11.3536,14.473066],[-11.353323,14.473026],[-11.352816,14.472953],[-11.352032,14.472935],[-11.351059,14.472822],[-11.35045,14.472683],[-11.349679,14.472377],[-11.349155,14.472122],[-11.348164,14.471294],[-11.347445,14.470606],[-11.344583,14.468133],[-11.343938,14.46762],[-11.343136,14.467071],[-11.342226,14.466634],[-11.341317,14.4663],[-11.34036,14.46605],[-11.339387,14.465893],[-11.3376,14.465867],[-11.33639,14.465873],[-11.336281,14.465873],[-11.333463,14.465922],[-11.333195,14.465926],[-11.326367,14.466017],[-11.324481,14.465969],[-11.323445,14.465899],[-11.32255,14.465783],[-11.32067,14.46548],[-11.318783,14.465033],[-11.313173,14.463533],[-11.309565,14.462563],[-11.30765,14.462133],[-11.305833,14.461831],[-11.3039,14.461667],[-11.302018,14.461599],[-11.300083,14.461717],[-11.294479,14.462258],[-11.293581,14.462411],[-11.292728,14.462727],[-11.291584,14.463157],[-11.29075,14.463327],[-11.290554,14.463328],[-11.289726,14.463294],[-11.288327,14.46315],[-11.288012,14.463115],[-11.287253,14.463048],[-11.286191,14.463012],[-11.285083,14.46324],[-11.28381,14.463608],[-11.281533,14.464267],[-11.280058,14.464648],[-11.279235,14.464979],[-11.278959,14.46509],[-11.271717,14.469983],[-11.271338,14.470198],[-11.270897,14.470468],[-11.268267,14.471633],[-11.25894,14.475554],[-11.258337,14.475771],[-11.2577,14.47595],[-11.254,14.4768],[-11.25035,14.477617],[-11.24665,14.478467],[-11.242967,14.479333],[-11.238142,14.480558],[-11.230399,14.482527],[-11.230325,14.482545],[-11.228417,14.483033],[-11.228016,14.483082],[-11.226997,14.483206],[-11.224617,14.483233],[-11.221754,14.483156],[-11.2171,14.483133],[-11.21513,14.483076],[-11.213971,14.483141],[-11.213138,14.483367],[-11.212205,14.483872],[-11.206767,14.487083],[-11.205195,14.487975],[-11.204297,14.48854],[-11.203683,14.489133],[-11.203026,14.490003],[-11.202629,14.491082],[-11.202483,14.49245],[-11.20242,14.493459],[-11.202361,14.494412],[-11.202332,14.494873],[-11.20225,14.4962],[-11.202119,14.497407],[-11.202095,14.497628],[-11.201673,14.498665],[-11.20105,14.499533],[-11.198033,14.501667],[-11.19577,14.503099],[-11.195714,14.503134],[-11.1884,14.507833],[-11.1821,14.51185],[-11.180745,14.51256],[-11.180334,14.512714],[-11.179773,14.512924],[-11.178633,14.51315],[-11.177088,14.51314],[-11.176005,14.512966],[-11.174917,14.512617],[-11.173993,14.512114],[-11.173456,14.511821],[-11.172625,14.511127],[-11.17219,14.510671],[-11.171867,14.510333],[-11.171219,14.509407],[-11.16765,14.504283],[-11.164276,14.499298],[-11.163317,14.49805],[-11.16237,14.497152],[-11.161376,14.496473],[-11.160167,14.49595],[-11.158815,14.495586],[-11.157622,14.495534],[-11.156383,14.49565],[-11.154961,14.496028],[-11.142033,14.501017],[-11.138583,14.502333],[-11.137105,14.502741],[-11.135926,14.502864],[-11.134717,14.50285],[-11.130883,14.502133],[-11.129516,14.501851],[-11.126556,14.501249],[-11.125863,14.501272],[-11.125208,14.501336],[-11.12465,14.501505],[-11.124103,14.501717],[-11.1236,14.502033],[-11.122679,14.502817],[-11.120933,14.50465],[-11.119555,14.506151],[-11.11951,14.506201],[-11.118167,14.50735],[-11.116766,14.508202],[-11.114683,14.509],[-11.11286,14.509761],[-11.111617,14.510933],[-11.108013,14.515333],[-11.106467,14.5165],[-11.1032,14.51835],[-11.099783,14.52025],[-11.098418,14.52086],[-11.096233,14.521533],[-11.089416,14.523712],[-11.08515,14.525067],[-11.08165,14.52625],[-11.078283,14.528133],[-11.071733,14.531867],[-11.070166,14.53265],[-11.058831,14.534994],[-11.057167,14.535617],[-11.056019,14.536281],[-11.050817,14.5398],[-11.050102,14.540126],[-11.045074,14.542418],[-11.044,14.5431],[-11.043219,14.543777],[-11.042624,14.544432],[-11.04218,14.545253],[-11.04165,14.546033],[-11.041109,14.546775],[-11.040459,14.547475],[-11.03885,14.548483],[-11.034782,14.550541],[-11.032083,14.551883],[-11.025417,14.55525],[-11.024162,14.555818],[-11.021833,14.5563],[-11.020014,14.556333],[-11.01805,14.55625],[-11.014317,14.556133],[-11.01055,14.556117],[-11.006717,14.556683],[-11.003,14.557267],[-10.999515,14.557762],[-10.998342,14.557769],[-10.99716,14.55762],[-10.991967,14.556267],[-10.990115,14.555802],[-10.989458,14.555721],[-10.988829,14.55569],[-10.988236,14.555704],[-10.988027,14.555711],[-10.987559,14.555766],[-10.986947,14.555881],[-10.986416,14.556004],[-10.985781,14.556203],[-10.985088,14.556493],[-10.984051,14.55708],[-10.983214,14.557708],[-10.98261,14.558264],[-10.98185,14.5591],[-10.980648,14.560283],[-10.980579,14.560352],[-10.97925,14.561733],[-10.978221,14.562738],[-10.977922,14.563047],[-10.977391,14.563586],[-10.976517,14.564367],[-10.975951,14.564803],[-10.975222,14.565306],[-10.974602,14.565652],[-10.97335,14.566267],[-10.972787,14.566504],[-10.971899,14.566823],[-10.970874,14.567136],[-10.96974,14.567362],[-10.969179,14.567438],[-10.967795,14.567558],[-10.966067,14.567583],[-10.96225,14.5677],[-10.955275,14.567881],[-10.951088,14.568041],[-10.948266,14.568128],[-10.947454,14.568209],[-10.946691,14.56838],[-10.9435,14.569483],[-10.939933,14.57085],[-10.936467,14.572217],[-10.932867,14.5736],[-10.9221,14.5778],[-10.915033,14.580583],[-10.913951,14.581133],[-10.912985,14.581855],[-10.912067,14.5828],[-10.911432,14.583582],[-10.91093,14.584358],[-10.910434,14.585345],[-10.910166,14.586079],[-10.908,14.593217],[-10.9058,14.6003],[-10.90465,14.603917],[-10.90355,14.607567],[-10.902442,14.610958],[-10.90201,14.612243],[-10.901576,14.613183],[-10.90075,14.61435],[-10.899556,14.615455],[-10.898547,14.616137],[-10.897423,14.616686],[-10.894133,14.617833],[-10.890567,14.619133],[-10.887083,14.620383],[-10.88365,14.622067],[-10.876983,14.625533],[-10.87148,14.628419],[-10.870267,14.62905],[-10.866867,14.630767],[-10.86558,14.631318],[-10.863283,14.6323],[-10.859717,14.633867],[-10.858483,14.634374],[-10.85615,14.6354],[-10.854853,14.635749],[-10.8486,14.636317],[-10.846708,14.636516],[-10.845716,14.636671],[-10.844717,14.636933],[-10.840405,14.638566],[-10.839574,14.638789],[-10.838946,14.638893],[-10.838324,14.638966],[-10.837648,14.639007],[-10.836784,14.638997],[-10.836033,14.638919],[-10.83385,14.638567],[-10.830033,14.638017],[-10.822383,14.636983],[-10.821725,14.636883],[-10.820879,14.636921],[-10.818683,14.63715],[-10.817026,14.637344],[-10.812894,14.637817],[-10.811375,14.637986],[-10.810366,14.638102],[-10.809876,14.63813],[-10.809524,14.638126],[-10.809333,14.638106],[-10.80869,14.637954],[-10.807921,14.637744],[-10.807317,14.637667],[-10.807147,14.637666],[-10.80698,14.637664],[-10.806693,14.637703],[-10.80611,14.637909],[-10.805765,14.638087],[-10.803833,14.639083],[-10.799413,14.6414],[-10.798459,14.641831],[-10.797784,14.642041],[-10.7897,14.644117],[-10.788738,14.644442],[-10.787877,14.644903],[-10.786326,14.645848],[-10.784637,14.646917],[-10.782169,14.648402],[-10.781359,14.648747],[-10.780788,14.648937],[-10.780238,14.649069],[-10.779593,14.649193],[-10.778583,14.649319],[-10.7757,14.649472],[-10.771917,14.6497],[-10.770504,14.64981],[-10.769525,14.649818],[-10.768853,14.649762],[-10.76815,14.649683],[-10.767421,14.649503],[-10.766323,14.649149],[-10.764583,14.648517],[-10.758894,14.646393],[-10.756127,14.645373],[-10.755191,14.64503],[-10.753833,14.644533],[-10.752461,14.644019],[-10.751435,14.643634],[-10.751213,14.64355],[-10.750233,14.643183],[-10.749173,14.642843],[-10.748507,14.642684],[-10.7482,14.642648],[-10.747746,14.64261],[-10.74645,14.6426],[-10.745557,14.642684],[-10.745129,14.642749],[-10.744706,14.642837],[-10.74396,14.643032],[-10.7393,14.6447],[-10.737514,14.645302],[-10.737074,14.645428],[-10.736618,14.645523],[-10.735683,14.645667],[-10.735096,14.645734],[-10.733823,14.645747],[-10.73195,14.6455],[-10.730191,14.645012],[-10.7285,14.64415],[-10.726978,14.643119],[-10.725603,14.641697],[-10.725097,14.641081],[-10.724518,14.640297],[-10.723879,14.639588],[-10.723233,14.638983],[-10.722855,14.63867],[-10.722444,14.638389],[-10.721591,14.637924],[-10.720709,14.637572],[-10.720266,14.637419],[-10.719867,14.637317],[-10.719089,14.637227],[-10.718301,14.637163],[-10.71615,14.637217],[-10.710939,14.637607],[-10.710489,14.637622],[-10.708942,14.637715],[-10.708496,14.637782],[-10.708151,14.637874],[-10.707812,14.637994],[-10.707474,14.638143],[-10.707142,14.638319],[-10.706913,14.638449],[-10.70645,14.638798],[-10.706051,14.639182],[-10.705483,14.639883],[-10.705097,14.640331],[-10.704692,14.64072],[-10.704229,14.641075],[-10.703743,14.641398],[-10.703473,14.641544],[-10.703206,14.641654],[-10.70293,14.641762],[-10.702249,14.641983],[-10.702054,14.642028],[-10.700719,14.642201],[-10.699917,14.642301],[-10.698801,14.64244],[-10.698032,14.642536],[-10.697545,14.642532],[-10.697141,14.642516],[-10.696196,14.642365],[-10.695225,14.642235],[-10.692184,14.641727],[-10.691705,14.641663],[-10.691271,14.641638],[-10.690903,14.641646],[-10.690561,14.641679],[-10.690211,14.641733],[-10.689856,14.641825],[-10.687633,14.642683],[-10.685455,14.643553],[-10.685138,14.643646],[-10.68479,14.643708],[-10.684057,14.643758],[-10.683414,14.643722],[-10.68259,14.64362],[-10.682528,14.64361],[-10.680424,14.643233],[-10.678369,14.642823],[-10.677752,14.642727],[-10.677171,14.642678],[-10.676891,14.642687],[-10.676609,14.642724],[-10.676392,14.642783],[-10.676174,14.642866],[-10.675859,14.643036],[-10.67559,14.643248],[-10.675406,14.643416],[-10.675185,14.643715],[-10.675106,14.643849],[-10.674764,14.644612],[-10.674422,14.645301],[-10.674277,14.645526],[-10.674088,14.645778],[-10.67361,14.646197],[-10.673389,14.646349],[-10.673264,14.646413],[-10.672958,14.646506],[-10.672758,14.64655],[-10.672339,14.646587],[-10.672127,14.646588],[-10.671915,14.646571],[-10.671458,14.64646],[-10.669824,14.645967],[-10.669481,14.645792],[-10.669133,14.645538],[-10.667783,14.64445],[-10.667586,14.644319],[-10.667372,14.64421],[-10.667079,14.64409],[-10.666776,14.643987],[-10.666544,14.643973],[-10.666316,14.643989],[-10.666091,14.644022],[-10.665868,14.644079],[-10.665501,14.644219],[-10.664433,14.644833],[-10.663937,14.645094],[-10.663454,14.645283],[-10.663104,14.645366],[-10.662872,14.645387],[-10.659694,14.645256],[-10.659123,14.645272],[-10.658635,14.645325],[-10.658184,14.645401],[-10.657728,14.645521],[-10.657,14.645783],[-10.656414,14.646019],[-10.655902,14.646176],[-10.655378,14.64631],[-10.655126,14.646354],[-10.654523,14.646377],[-10.654088,14.646346],[-10.649617,14.64565],[-10.64679,14.645233],[-10.646326,14.645181],[-10.64205,14.644933],[-10.640149,14.644867],[-10.639261,14.644779],[-10.635938,14.644059],[-10.635712,14.643995],[-10.634648,14.643745],[-10.633739,14.643563],[-10.630983,14.642933],[-10.627283,14.642117],[-10.616099,14.639604],[-10.615258,14.639495],[-10.6143,14.639464],[-10.61339,14.639512],[-10.612837,14.639596],[-10.612226,14.639718],[-10.6084,14.6404],[-10.604562,14.641113],[-10.600717,14.641767],[-10.594178,14.642939],[-10.593631,14.643074],[-10.5931,14.643252],[-10.592332,14.643602],[-10.591553,14.644073],[-10.590277,14.645122],[-10.589821,14.645437],[-10.589098,14.645731],[-10.588687,14.645871],[-10.588357,14.645942],[-10.587812,14.645996],[-10.587269,14.645998],[-10.586233,14.645967],[-10.576881,14.645804],[-10.575945,14.645894],[-10.575017,14.646033],[-10.57319,14.646411],[-10.567667,14.64745],[-10.565774,14.647825],[-10.560233,14.648883],[-10.558347,14.649259],[-10.557348,14.649438],[-10.556882,14.649498],[-10.556467,14.649533],[-10.556051,14.649553],[-10.555615,14.649553],[-10.554832,14.64951],[-10.547625,14.64845],[-10.54525,14.648117],[-10.543348,14.647833],[-10.541441,14.64754],[-10.54018,14.647379],[-10.538968,14.647197],[-10.537767,14.646933],[-10.534033,14.645777],[-10.53113,14.644895],[-10.5304,14.644783],[-10.529194,14.644674],[-10.526651,14.644711],[-10.523652,14.644882],[-10.522735,14.644955],[-10.521399,14.645002],[-10.518883,14.645167],[-10.514983,14.645367],[-10.511137,14.645536],[-10.509431,14.645635],[-10.507747,14.645827],[-10.507291,14.645941],[-10.506905,14.646092],[-10.503268,14.647644],[-10.502492,14.647876],[-10.501953,14.647929],[-10.50142,14.64794],[-10.498987,14.647737],[-10.498488,14.647737],[-10.497721,14.647855],[-10.497042,14.648022],[-10.496248,14.648339],[-10.495728,14.648528],[-10.495253,14.648674],[-10.494918,14.648705],[-10.494572,14.648702],[-10.494209,14.648652],[-10.492037,14.647937],[-10.491428,14.647685],[-10.489798,14.64674],[-10.48925,14.646497],[-10.488959,14.646417],[-10.488666,14.646348],[-10.488065,14.646238],[-10.477883,14.6446],[-10.476907,14.644343],[-10.476299,14.644144],[-10.475389,14.643735],[-10.474354,14.643129],[-10.471467,14.640883],[-10.469709,14.639482],[-10.469631,14.639421],[-10.468563,14.638511],[-10.465349,14.635251],[-10.464771,14.634729],[-10.464339,14.634384],[-10.46403,14.634163],[-10.463757,14.633992],[-10.463657,14.633939],[-10.463238,14.633687],[-10.462848,14.633473],[-10.461855,14.633059],[-10.456999,14.631499],[-10.456841,14.631448],[-10.455582,14.631027],[-10.454708,14.630717],[-10.454292,14.630548],[-10.453844,14.630334],[-10.453479,14.630112],[-10.453137,14.629877],[-10.452752,14.629563],[-10.452405,14.629249],[-10.451083,14.627931],[-10.450644,14.627529],[-10.450129,14.627165],[-10.449834,14.626995],[-10.449581,14.626871],[-10.449189,14.626706],[-10.448935,14.62662],[-10.448726,14.626555],[-10.448452,14.626503],[-10.447865,14.626464],[-10.44714,14.626471],[-10.446736,14.626514],[-10.446342,14.626593],[-10.445962,14.626715],[-10.445623,14.626849],[-10.445321,14.627002],[-10.444995,14.627225],[-10.444733,14.627429],[-10.444343,14.627806],[-10.442488,14.630001],[-10.441933,14.630585],[-10.441657,14.630834],[-10.44138,14.631052],[-10.441069,14.631237],[-10.440746,14.631407],[-10.440197,14.631667],[-10.436823,14.633045],[-10.43448,14.634032],[-10.433868,14.634325],[-10.433266,14.634655],[-10.430109,14.636619],[-10.428978,14.637354],[-10.428674,14.63758],[-10.427865,14.638332],[-10.427243,14.639034],[-10.425446,14.641322],[-10.424958,14.641827],[-10.424543,14.642217],[-10.424087,14.642585],[-10.423206,14.643173],[-10.422851,14.643389],[-10.42247,14.643586],[-10.418287,14.645603],[-10.416463,14.646532],[-10.415033,14.647533],[-10.408776,14.651854],[-10.40813,14.652308],[-10.407156,14.653184],[-10.406974,14.653373],[-10.406426,14.654022],[-10.40608,14.654504],[-10.40415,14.6578],[-10.402185,14.661071],[-10.400339,14.664267],[-10.399371,14.66583],[-10.39825,14.667267],[-10.395898,14.670164],[-10.393533,14.673167],[-10.391233,14.676033],[-10.388848,14.678964],[-10.38655,14.681883],[-10.386305,14.682139],[-10.386018,14.682378],[-10.385803,14.68258],[-10.385459,14.682806],[-10.384969,14.683055],[-10.384496,14.683244],[-10.384058,14.683379],[-10.383585,14.68346],[-10.383118,14.683486],[-10.3812,14.683491],[-10.379292,14.683432],[-10.378486,14.683442],[-10.378113,14.683475],[-10.377764,14.683538],[-10.36492,14.687311],[-10.363779,14.687585],[-10.362679,14.68773],[-10.36127,14.687708],[-10.360811,14.687677],[-10.359965,14.687536],[-10.356443,14.686729],[-10.355557,14.686562],[-10.354503,14.686506],[-10.353617,14.68655],[-10.35282,14.686627],[-10.352289,14.686729],[-10.351765,14.686876],[-10.350664,14.687268],[-10.3464,14.689049],[-10.342983,14.69051],[-10.3412,14.691254],[-10.339365,14.692059],[-10.338927,14.692285],[-10.338502,14.692533],[-10.338069,14.692822],[-10.336242,14.694181],[-10.3333,14.696417],[-10.331732,14.697562],[-10.331321,14.697841],[-10.330881,14.698109],[-10.330154,14.698478],[-10.329489,14.698736],[-10.329014,14.698887],[-10.328222,14.699085],[-10.327964,14.699135],[-10.327196,14.699246],[-10.324458,14.699533],[-10.322598,14.699774],[-10.322076,14.699881],[-10.321556,14.700024],[-10.321066,14.700191],[-10.32014,14.700573],[-10.319713,14.700788],[-10.319374,14.700986],[-10.319047,14.701198],[-10.318606,14.701514],[-10.318181,14.701845],[-10.31544,14.704021],[-10.314895,14.704468],[-10.313311,14.705687],[-10.311021,14.707502],[-10.310556,14.707878],[-10.310261,14.70811],[-10.309733,14.708525],[-10.309642,14.708596],[-10.308459,14.709533],[-10.307356,14.710408],[-10.306926,14.710704],[-10.306506,14.710944],[-10.30572,14.711246],[-10.305081,14.71138],[-10.304071,14.711495],[-10.30376,14.711521],[-10.303172,14.711553],[-10.302569,14.71156],[-10.302118,14.711537],[-10.30148,14.711451],[-10.300403,14.711248],[-10.29977,14.711026],[-10.299315,14.710882],[-10.298496,14.710476],[-10.29808,14.710205],[-10.297663,14.709869],[-10.297406,14.709647],[-10.297025,14.709284],[-10.296741,14.708983],[-10.296155,14.708306],[-10.295568,14.707575],[-10.293996,14.705691],[-10.293139,14.704669],[-10.292797,14.704356],[-10.292447,14.704061],[-10.292094,14.703837],[-10.291802,14.703685],[-10.291213,14.703449],[-10.290902,14.703357],[-10.290748,14.703332],[-10.290292,14.703239],[-10.289691,14.703187],[-10.288728,14.703175],[-10.287767,14.703183],[-10.287127,14.703139],[-10.286517,14.703056],[-10.285903,14.702933],[-10.285295,14.702787],[-10.284426,14.702462],[-10.284105,14.702325],[-10.281552,14.701058],[-10.280692,14.700673],[-10.278979,14.699976],[-10.278107,14.699598],[-10.277291,14.699293],[-10.276378,14.699011],[-10.275867,14.698905],[-10.275407,14.698841],[-10.274788,14.698773],[-10.274175,14.698727],[-10.272703,14.698786],[-10.271634,14.698686],[-10.271152,14.69862],[-10.270666,14.698514],[-10.270174,14.698391],[-10.269296,14.698077],[-10.26893,14.697913],[-10.268232,14.697551],[-10.267554,14.697175],[-10.267273,14.697002],[-10.26645,14.696495],[-10.263391,14.694186],[-10.262735,14.693801],[-10.262328,14.693592],[-10.261915,14.693417],[-10.260898,14.69306],[-10.259833,14.692843],[-10.256092,14.692452],[-10.252164,14.692066],[-10.251215,14.691947],[-10.250302,14.691777],[-10.24861,14.691349],[-10.247682,14.691039],[-10.247264,14.690893],[-10.246782,14.690697],[-10.245808,14.690229],[-10.24112,14.687902],[-10.237917,14.686383],[-10.234315,14.68456],[-10.232555,14.683699],[-10.231179,14.683026],[-10.23093,14.682928],[-10.229755,14.682465],[-10.229602,14.682443],[-10.229368,14.682409],[-10.228528,14.682287],[-10.227483,14.68235],[-10.226075,14.682581],[-10.219883,14.683883],[-10.218066,14.684207],[-10.216133,14.684183],[-10.214234,14.683765],[-10.21114,14.682806],[-10.211033,14.682773],[-10.210305,14.682545],[-10.209282,14.682225],[-10.208667,14.682033],[-10.207655,14.681667],[-10.207506,14.681613],[-10.206675,14.681224],[-10.206091,14.680935],[-10.204577,14.680165],[-10.203632,14.679834],[-10.203006,14.679694],[-10.202597,14.679603],[-10.200776,14.679378],[-10.200312,14.679298],[-10.199502,14.679085],[-10.197933,14.67855],[-10.197099,14.678211],[-10.196264,14.67781],[-10.19546,14.67737],[-10.194659,14.676866],[-10.193207,14.67585],[-10.191667,14.674733],[-10.190128,14.673585],[-10.188588,14.672491],[-10.187014,14.671306],[-10.186292,14.670793],[-10.184627,14.669555],[-10.183834,14.669006],[-10.182958,14.668481],[-10.18212,14.668004],[-10.181252,14.667572],[-10.180355,14.667177],[-10.179549,14.66688],[-10.178725,14.666598],[-10.175033,14.665439],[-10.173207,14.66482],[-10.172329,14.664477],[-10.171368,14.664046],[-10.170521,14.663639],[-10.169637,14.663161],[-10.16885,14.662699],[-10.168058,14.662194],[-10.166578,14.661104],[-10.161109,14.657138],[-10.161,14.657055],[-10.158904,14.655551],[-10.154226,14.652159],[-10.15266,14.651005],[-10.151831,14.650418],[-10.150265,14.649367],[-10.149469,14.648861],[-10.14858,14.648456],[-10.147665,14.648072],[-10.145999,14.647478],[-10.144277,14.646932],[-10.143421,14.646679],[-10.142605,14.646389],[-10.140882,14.645824],[-10.139992,14.645513],[-10.139105,14.645244],[-10.137213,14.644716],[-10.135417,14.644194],[-10.133976,14.643698],[-10.132545,14.643098],[-10.131961,14.642875],[-10.131016,14.642442],[-10.123309,14.639017],[-10.122415,14.638646],[-10.121541,14.638331],[-10.120642,14.63806],[-10.11972,14.63785],[-10.1188,14.637676],[-10.11787,14.63756],[-10.116716,14.63746],[-10.116,14.637427],[-10.115039,14.637445],[-10.112832,14.637593],[-10.110107,14.637904],[-10.107167,14.6382],[-10.10625,14.638267],[-10.103627,14.63853],[-10.099753,14.638929],[-10.095911,14.6393],[-10.094834,14.639435],[-10.09286,14.639594],[-10.091809,14.639622],[-10.090866,14.6396],[-10.090274,14.639575],[-10.089518,14.639503],[-10.08918,14.639455],[-10.087447,14.639132],[-10.086844,14.638989],[-10.086101,14.638776],[-10.083586,14.637874],[-10.081325,14.637106],[-10.080589,14.636822],[-10.079702,14.63653],[-10.079379,14.636442],[-10.07907,14.636325],[-10.078558,14.63616],[-10.077572,14.635788],[-10.07525,14.635003],[-10.071117,14.633544],[-10.070839,14.633435],[-10.070331,14.633165],[-10.069876,14.632849],[-10.069375,14.632427],[-10.069195,14.63226],[-10.068919,14.631951],[-10.068637,14.631577],[-10.068306,14.631088],[-10.06732,14.629232],[-10.066993,14.628778],[-10.066641,14.628384],[-10.066069,14.62781],[-10.06575,14.627547],[-10.064745,14.626877],[-10.062641,14.625438],[-10.060631,14.623944],[-10.059705,14.623129],[-10.057427,14.620871],[-10.054529,14.618048],[-10.053123,14.616539],[-10.051787,14.615164],[-10.051419,14.614807],[-10.051051,14.614403],[-10.050108,14.613242],[-10.049675,14.612691],[-10.043942,14.605226],[-10.043285,14.604427],[-10.042815,14.603767],[-10.041633,14.602252],[-10.040876,14.601374],[-10.040519,14.600985],[-10.039621,14.600092],[-10.038553,14.599137],[-10.037942,14.598672],[-10.036467,14.59765],[-10.035933,14.59725],[-10.035101,14.59657],[-10.034197,14.595654],[-10.033664,14.59509],[-10.032795,14.594088],[-10.031977,14.592879],[-10.030933,14.591064],[-10.030732,14.59066],[-10.030241,14.589393],[-10.029709,14.588168],[-10.029466,14.58755],[-10.028801,14.585987],[-10.028184,14.584437],[-10.027382,14.582781],[-10.026499,14.581223],[-10.025445,14.579644],[-10.024283,14.57811],[-10.022916,14.576581],[-10.021597,14.575277],[-10.020221,14.574088],[-10.019405,14.573473],[-10.018575,14.572876],[-10.017742,14.57232],[-10.016882,14.571788],[-10.016074,14.571321],[-10.015253,14.57091],[-10.01443,14.570474],[-10.013535,14.570052],[-10.011747,14.569433],[-9.999205,14.564896],[-9.998304,14.564527],[-9.996617,14.56372],[-9.995786,14.563286],[-9.994965,14.562801],[-9.994143,14.562305],[-9.992613,14.561227],[-9.99187,14.560659],[-9.991107,14.560015],[-9.988188,14.557636],[-9.98671,14.556387],[-9.985228,14.555185],[-9.982319,14.552779],[-9.980926,14.551653],[-9.976517,14.548017],[-9.975876,14.547351],[-9.975267,14.546632],[-9.972906,14.543755],[-9.972263,14.54293],[-9.971018,14.541432],[-9.970423,14.540668],[-9.96983,14.539957],[-9.969208,14.539181],[-9.968612,14.538474],[-9.968108,14.53775],[-9.967644,14.536984],[-9.967177,14.536104],[-9.96626,14.53445],[-9.96578,14.533619],[-9.965263,14.532828],[-9.964828,14.53229],[-9.964323,14.531698],[-9.963242,14.530589],[-9.962683,14.530117],[-9.961317,14.52886],[-9.960584,14.528208],[-9.960233,14.52792],[-9.959836,14.527625],[-9.959069,14.527115],[-9.95834,14.526716],[-9.957454,14.526277],[-9.952299,14.524096],[-9.951542,14.523703],[-9.950266,14.522945],[-9.948206,14.521528],[-9.9466,14.520467],[-9.945816,14.51997],[-9.944993,14.519549],[-9.944129,14.519152],[-9.94325,14.518833],[-9.941353,14.51831],[-9.939567,14.517767],[-9.932272,14.515151],[-9.928633,14.513817],[-9.92773,14.513447],[-9.926844,14.51306],[-9.925133,14.512167],[-9.924294,14.511658],[-9.9235,14.511245],[-9.914491,14.506122],[-9.914333,14.506027],[-9.911933,14.504683],[-9.911408,14.504358],[-9.911222,14.504252],[-9.910321,14.503725],[-9.909391,14.503241],[-9.909051,14.503008],[-9.908154,14.502608],[-9.907576,14.502404],[-9.907186,14.502331],[-9.906811,14.502297],[-9.906401,14.502285],[-9.90599,14.502295],[-9.905545,14.502345],[-9.905117,14.50245],[-9.904782,14.502555],[-9.904502,14.502686],[-9.903917,14.503015],[-9.903357,14.503382],[-9.903,14.503651],[-9.902673,14.503926],[-9.902348,14.504165],[-9.901983,14.504405],[-9.900511,14.505111],[-9.89947,14.505456],[-9.898383,14.5057],[-9.897337,14.505814],[-9.896115,14.505792],[-9.886967,14.5046],[-9.88473,14.504277],[-9.8831,14.504133],[-9.88106,14.504098],[-9.879267,14.504267],[-9.871883,14.50545],[-9.86815,14.506067],[-9.864467,14.507067],[-9.8609,14.508067],[-9.857233,14.508733],[-9.84965,14.5098],[-9.847648,14.510222],[-9.845933,14.5107],[-9.834883,14.5143],[-9.827633,14.516633],[-9.82385,14.517467],[-9.820117,14.51785],[-9.818513,14.517998],[-9.815589,14.518263],[-9.814336,14.51837],[-9.812294,14.51854],[-9.810641,14.518604],[-9.808783,14.518517],[-9.806966,14.518118],[-9.805167,14.517517],[-9.803448,14.516614],[-9.801967,14.515633],[-9.799283,14.512883],[-9.796933,14.509983],[-9.79549,14.508732],[-9.7939,14.507767],[-9.792112,14.506914],[-9.790467,14.50645],[-9.788459,14.506114],[-9.786667,14.506083],[-9.784899,14.50626],[-9.782967,14.506683],[-9.768856,14.509991],[-9.76731,14.510322],[-9.766866,14.510418],[-9.764646,14.510986],[-9.764561,14.511004],[-9.763571,14.511213],[-9.762834,14.511392],[-9.762521,14.511468],[-9.761564,14.511699],[-9.759888,14.512063],[-9.758628,14.512325],[-9.75715,14.512633],[-9.75561,14.512819],[-9.753283,14.5131],[-9.749383,14.513533],[-9.746928,14.513826],[-9.745517,14.513783],[-9.741667,14.513483],[-9.7339,14.513283],[-9.726616,14.513139],[-9.72625,14.513133],[-9.725469,14.513186],[-9.72463,14.513208],[-9.723859,14.513136],[-9.723312,14.513046],[-9.723243,14.513035],[-9.722346,14.512739],[-9.721548,14.512556],[-9.7188,14.51195],[-9.711333,14.510383],[-9.710529,14.510302],[-9.709861,14.510439],[-9.707783,14.511333],[-9.70657,14.511727],[-9.705356,14.511968],[-9.704279,14.512064],[-9.703129,14.512072],[-9.700341,14.51179],[-9.696401,14.511359],[-9.694958,14.511217],[-9.69275,14.511],[-9.688943,14.510518],[-9.68725,14.510119],[-9.684393,14.509155],[-9.678183,14.5069],[-9.676342,14.506338],[-9.674301,14.506005],[-9.673064,14.505897],[-9.671757,14.505915],[-9.670456,14.505994],[-9.66672,14.506549],[-9.662942,14.507186],[-9.661054,14.507488],[-9.659183,14.507683],[-9.657255,14.507666],[-9.655333,14.507567],[-9.653554,14.507306],[-9.651573,14.506869],[-9.650333,14.506332],[-9.649026,14.505704],[-9.64806,14.505315],[-9.646218,14.504778],[-9.645301,14.504619],[-9.643961,14.504477],[-9.641835,14.504554],[-9.632983,14.505633],[-9.629183,14.50605],[-9.627214,14.5062],[-9.625494,14.506399],[-9.624308,14.50661],[-9.623336,14.506686],[-9.622559,14.506698],[-9.621702,14.506694],[-9.620807,14.506665],[-9.61982,14.506568],[-9.618975,14.506465],[-9.618078,14.506333],[-9.617181,14.506145],[-9.615376,14.505675],[-9.612927,14.504883],[-9.611522,14.504449],[-9.610843,14.504268],[-9.61014,14.504114],[-9.609427,14.503987],[-9.607855,14.503816],[-9.606909,14.503755],[-9.605425,14.503782],[-9.6044,14.503858],[-9.603378,14.503987],[-9.602399,14.504177],[-9.598995,14.50504],[-9.598879,14.505074],[-9.597899,14.505323],[-9.597338,14.50548],[-9.596927,14.505612],[-9.596249,14.505896],[-9.595589,14.506224],[-9.594925,14.506679],[-9.592126,14.508596],[-9.590622,14.509365],[-9.589112,14.510061],[-9.586007,14.511578],[-9.583651,14.512702],[-9.582334,14.513263],[-9.569837,14.518057],[-9.565449,14.519719],[-9.56496,14.519916],[-9.563959,14.520227],[-9.563063,14.520458],[-9.561704,14.520734],[-9.561036,14.520819],[-9.560446,14.52087],[-9.557052,14.52109],[-9.556239,14.521152],[-9.555495,14.521228],[-9.553893,14.521463],[-9.552237,14.521773],[-9.550587,14.522231],[-9.548985,14.522701],[-9.547055,14.523291],[-9.545188,14.523841],[-9.541271,14.525048],[-9.540607,14.525259],[-9.53997,14.525484],[-9.539126,14.525846],[-9.538277,14.526272],[-9.537514,14.526731],[-9.536767,14.527228],[-9.536109,14.527762],[-9.535395,14.528369],[-9.534719,14.529026],[-9.533558,14.530096],[-9.533117,14.530529],[-9.527222,14.535982],[-9.526027,14.537129],[-9.525506,14.537584],[-9.525007,14.537963],[-9.524602,14.538236],[-9.523647,14.538764],[-9.523352,14.538905],[-9.521554,14.539639],[-9.521008,14.539891],[-9.520375,14.540278],[-9.519959,14.540565],[-9.519888,14.54062],[-9.519662,14.54078],[-9.518861,14.541342],[-9.517606,14.542208],[-9.517397,14.542359],[-9.516886,14.542716],[-9.516632,14.542854],[-9.516417,14.542937],[-9.515857,14.543025],[-9.515547,14.543039],[-9.51526,14.543024],[-9.514769,14.542938],[-9.51434,14.542799],[-9.513798,14.542612],[-9.513442,14.542545],[-9.51315,14.542538],[-9.512812,14.542553],[-9.51245,14.542618],[-9.512241,14.542674],[-9.511263,14.542881],[-9.510452,14.543071],[-9.509996,14.54318],[-9.508912,14.543394],[-9.506755,14.54389],[-9.505756,14.544085],[-9.505208,14.544169],[-9.503603,14.544325],[-9.502562,14.544349],[-9.50205,14.544349],[-9.501575,14.544327],[-9.493067,14.543544],[-9.492167,14.543476],[-9.490246,14.543453],[-9.489218,14.543492],[-9.480298,14.544124],[-9.478434,14.544368],[-9.477024,14.54467],[-9.476097,14.544886],[-9.475201,14.54515],[-9.471019,14.546538],[-9.466828,14.547967],[-9.46612,14.548183],[-9.465465,14.548365],[-9.463825,14.54868],[-9.462817,14.54879],[-9.459809,14.549061],[-9.458838,14.549189],[-9.457721,14.549402],[-9.456676,14.549667],[-9.455594,14.55001],[-9.454569,14.550409],[-9.451686,14.55178],[-9.448799,14.553237],[-9.44792,14.553609],[-9.447014,14.553959],[-9.445981,14.554323],[-9.445415,14.5545],[-9.444941,14.554631],[-9.443861,14.554894],[-9.442777,14.555122],[-9.441525,14.555284],[-9.440885,14.555359],[-9.43954,14.555443],[-9.438765,14.555461],[-9.437249,14.555431],[-9.435905,14.555291],[-9.433228,14.554892],[-9.432538,14.554832],[-9.431901,14.554804],[-9.431159,14.554855],[-9.430415,14.554954],[-9.427962,14.555459],[-9.426858,14.555587],[-9.426318,14.555632],[-9.425811,14.555653],[-9.425097,14.555642],[-9.424413,14.555603],[-9.423067,14.555473],[-9.416845,14.5547],[-9.415181,14.554527],[-9.414344,14.554462],[-9.413479,14.554453],[-9.412585,14.554467],[-9.411716,14.554531],[-9.410423,14.55469],[-9.409114,14.554968],[-9.407097,14.555482],[-9.405159,14.556023],[-9.404136,14.556243],[-9.403253,14.556415],[-9.40246,14.556518],[-9.400169,14.55669],[-9.388587,14.557324],[-9.387249,14.557414],[-9.386567,14.557479],[-9.385857,14.557572],[-9.376944,14.559174],[-9.376047,14.559379],[-9.374427,14.559761],[-9.369786,14.561215],[-9.368052,14.561729],[-9.36678,14.562148],[-9.365783,14.562409],[-9.364839,14.562604],[-9.363862,14.562744],[-9.362846,14.562843],[-9.361985,14.562899],[-9.361236,14.562904],[-9.360242,14.562853],[-9.359256,14.562762],[-9.356151,14.562306],[-9.353033,14.56188],[-9.352442,14.561848],[-9.351851,14.561843],[-9.349747,14.561921],[-9.349118,14.561949],[-9.348493,14.561944],[-9.347652,14.561884],[-9.34697,14.561754],[-9.346258,14.561584],[-9.344199,14.560786],[-9.343712,14.560628],[-9.342885,14.560438],[-9.342046,14.560287],[-9.332575,14.558933],[-9.33152,14.558735],[-9.330411,14.558469],[-9.328911,14.558026],[-9.328443,14.557877],[-9.327339,14.557486],[-9.324911,14.556451],[-9.323174,14.555692],[-9.321052,14.554724],[-9.318948,14.553805],[-9.314797,14.551954],[-9.313566,14.551364],[-9.312729,14.550987],[-9.311669,14.550485],[-9.30896,14.549337],[-9.307346,14.548684],[-9.306549,14.548447],[-9.305812,14.548251],[-9.304824,14.548073],[-9.30424,14.548008],[-9.303745,14.547958],[-9.302786,14.54792],[-9.301839,14.547947],[-9.300868,14.548034],[-9.299943,14.548168],[-9.299414,14.548291],[-9.29887,14.548441],[-9.297816,14.548765],[-9.291771,14.551466],[-9.290564,14.551887],[-9.289364,14.552281],[-9.282173,14.554522],[-9.272559,14.557563],[-9.270392,14.558101],[-9.268664,14.558405],[-9.267025,14.558601],[-9.265039,14.558726],[-9.262673,14.558616],[-9.258575,14.558146],[-9.254537,14.557617],[-9.250765,14.557152],[-9.243355,14.556164],[-9.240455,14.5556],[-9.238811,14.555097],[-9.236809,14.55434],[-9.236088,14.554028],[-9.234675,14.553416],[-9.232202,14.552344],[-9.226786,14.549952],[-9.22592,14.549601],[-9.224701,14.549149],[-9.223685,14.548857],[-9.222701,14.548631],[-9.221244,14.548396],[-9.218777,14.5482],[-9.215405,14.54799],[-9.21204,14.547736],[-9.208252,14.547473],[-9.207436,14.547463],[-9.206635,14.5475],[-9.204979,14.547704],[-9.203928,14.547935],[-9.203134,14.548166],[-9.202282,14.548489],[-9.201595,14.548795],[-9.200253,14.54949],[-9.199606,14.549928],[-9.198638,14.550614],[-9.198136,14.550997],[-9.197703,14.55128],[-9.197355,14.551499],[-9.196884,14.551762],[-9.196592,14.551902],[-9.195893,14.552197],[-9.194944,14.552488],[-9.194584,14.552566],[-9.193524,14.552816],[-9.192887,14.552944],[-9.191935,14.553177],[-9.191352,14.553359],[-9.19055,14.553644],[-9.190349,14.553696],[-9.19012,14.553781],[-9.189463,14.554041],[-9.189095,14.554152],[-9.189057,14.554114],[-9.189008,14.554091],[-9.188932,14.554092],[-9.188867,14.554129],[-9.188826,14.554206],[-9.18861,14.554344],[-9.188419,14.554449],[-9.187943,14.554612],[-9.186401,14.55514],[-9.185982,14.555238],[-9.185393,14.555337],[-9.185286,14.555346],[-9.184624,14.555325],[-9.183398,14.555144],[-9.182967,14.555103],[-9.182456,14.555103],[-9.181892,14.555146],[-9.181394,14.555236],[-9.180836,14.555407],[-9.180274,14.555629],[-9.179701,14.555941],[-9.175412,14.558409],[-9.174166,14.559113],[-9.172037,14.560375],[-9.171879,14.560463],[-9.16869,14.562269],[-9.167949,14.562633],[-9.16705,14.562985],[-9.166257,14.563236],[-9.165123,14.56347],[-9.164612,14.563534],[-9.163333,14.563636],[-9.162234,14.563574],[-9.162208,14.563571],[-9.161313,14.56345],[-9.158477,14.562975],[-9.155321,14.562343],[-9.14447,14.560404],[-9.144445,14.560399],[-9.139518,14.559474],[-9.139234,14.559419],[-9.138027,14.559162],[-9.136422,14.558971],[-9.135552,14.558967],[-9.134928,14.558964],[-9.134074,14.559024],[-9.132948,14.559177],[-9.129322,14.559883],[-9.128701,14.559924],[-9.128201,14.55994],[-9.127603,14.559929],[-9.127493,14.559918],[-9.12694,14.559861],[-9.126449,14.559787],[-9.125849,14.559648],[-9.125291,14.55949],[-9.124522,14.559202],[-9.123874,14.558902],[-9.12342,14.558647],[-9.122981,14.558377],[-9.122523,14.558063],[-9.121672,14.557327],[-9.121258,14.55688],[-9.120017,14.555603],[-9.119963,14.555545],[-9.112318,14.547526],[-9.111671,14.546923],[-9.111263,14.5465],[-9.110836,14.546163],[-9.109158,14.5452],[-9.107464,14.544632],[-9.105482,14.544405],[-9.104005,14.544332],[-9.10394,14.544332],[-9.100226,14.544145],[-9.096156,14.543951],[-9.096047,14.543948],[-9.09481,14.543877],[-9.094009,14.543803],[-9.09338,14.543724],[-9.092053,14.543426],[-9.090781,14.54301],[-9.089496,14.542452],[-9.082366,14.538499],[-9.082212,14.538411],[-9.071735,14.53252],[-9.070534,14.53187],[-9.069641,14.531451],[-9.068532,14.531018],[-9.060995,14.5284],[-9.060841,14.528347],[-9.060786,14.528327],[-9.052329,14.52539],[-9.049292,14.524339],[-9.049136,14.524284],[-9.048085,14.523911],[-9.04757,14.523705],[-9.046458,14.523163],[-9.045484,14.522578],[-9.044989,14.522239],[-9.044152,14.521604],[-9.043292,14.520815],[-9.042101,14.519499],[-9.042003,14.519393],[-9.041202,14.51851],[-9.040594,14.517839],[-9.03984,14.517068],[-9.039621,14.516895],[-9.039422,14.516716],[-9.038607,14.516098],[-9.037662,14.515586],[-9.037021,14.515293],[-9.036333,14.515061],[-9.03557,14.514875],[-9.034695,14.514704],[-9.034379,14.514666],[-9.034104,14.514643],[-9.032879,14.514608],[-9.031685,14.514597],[-9.030161,14.514579],[-9.03004,14.514581],[-9.021307,14.514431],[-9.020576,14.514424],[-9.020159,14.514423],[-9.01955,14.514419],[-9.013554,14.514268],[-9.00939,14.51426],[-9.005349,14.514134],[-9.001693,14.514075],[-8.990343,14.513904],[-8.986643,14.513829],[-8.984163,14.513738],[-8.983281,14.513705],[-8.967948,14.513157],[-8.967008,14.513111],[-8.958372,14.512795],[-8.956762,14.512726],[-8.953724,14.512518],[-8.952984,14.512397],[-8.952318,14.512268],[-8.951461,14.512057],[-8.950752,14.511848],[-8.949613,14.511459],[-8.948571,14.511031],[-8.948465,14.510984],[-8.947393,14.510511],[-8.941589,14.508017],[-8.941296,14.507891],[-8.935112,14.505234],[-8.933776,14.504714],[-8.933031,14.504507],[-8.932177,14.5043],[-8.931554,14.504187],[-8.930578,14.504066],[-8.929738,14.503993],[-8.929092,14.50399],[-8.927975,14.50407],[-8.927814,14.504088],[-8.926762,14.504221],[-8.922979,14.505033],[-8.921825,14.505281],[-8.911491,14.507521],[-8.911281,14.507565],[-8.911153,14.507591],[-8.905308,14.508873],[-8.903665,14.509208],[-8.902152,14.509456],[-8.900683,14.509596],[-8.899804,14.509618],[-8.898522,14.509575],[-8.897307,14.509459],[-8.896627,14.509376],[-8.895916,14.509235],[-8.875083,14.504984],[-8.874345,14.504869],[-8.873095,14.504786],[-8.872426,14.504787],[-8.870872,14.504868],[-8.869293,14.504909],[-8.86606,14.505089],[-8.865146,14.505126],[-8.864851,14.505132],[-8.863766,14.505135],[-8.86302,14.505052],[-8.862564,14.504961],[-8.861929,14.504796],[-8.859091,14.503726],[-8.858705,14.503567],[-8.857454,14.503108],[-8.856781,14.502936],[-8.856111,14.50281],[-8.855538,14.502777],[-8.854823,14.502847],[-8.854176,14.502962],[-8.85251,14.503669],[-8.849289,14.505358],[-8.846533,14.506763],[-8.846131,14.506978],[-8.843954,14.508067],[-8.843332,14.508382],[-8.842694,14.508632],[-8.842398,14.508747],[-8.841942,14.508894],[-8.841256,14.509075],[-8.840279,14.509266],[-8.839331,14.509346],[-8.838597,14.509371],[-8.837895,14.509332],[-8.836647,14.509168],[-8.835823,14.508988],[-8.83503,14.508741],[-8.83412,14.508387],[-8.83333,14.507983],[-8.832589,14.507552],[-8.829875,14.505778],[-8.822547,14.500735],[-8.818469,14.498019],[-8.815667,14.4961],[-8.814732,14.49549],[-8.813632,14.494876],[-8.81206,14.494169],[-8.811381,14.493919],[-8.809982,14.493515],[-8.808872,14.493259],[-8.80036,14.491884],[-8.794843,14.491009],[-8.791292,14.490449],[-8.78994,14.490304],[-8.789021,14.490289],[-8.788351,14.490309],[-8.787435,14.49042],[-8.786529,14.490609],[-8.785704,14.490837],[-8.784889,14.491157],[-8.784345,14.49139],[-8.780892,14.493029],[-8.770577,14.497933],[-8.768756,14.498556],[-8.767546,14.49879],[-8.766307,14.498944],[-8.764845,14.499028],[-8.763732,14.498955],[-8.762616,14.498769],[-8.760367,14.498157],[-8.753539,14.495768],[-8.744211,14.492657],[-8.742864,14.492276],[-8.741635,14.492042],[-8.740085,14.491902],[-8.73907,14.49192],[-8.726098,14.493225],[-8.706569,14.495196],[-8.705634,14.495225],[-8.703161,14.495303],[-8.700711,14.495245],[-8.699691,14.495221],[-8.681409,14.495242],[-8.672869,14.495252],[-8.67155,14.49533],[-8.670529,14.495439],[-8.669307,14.495652],[-8.668095,14.495965],[-8.660531,14.499164],[-8.65538,14.501414],[-8.654405,14.501655],[-8.65342,14.501786],[-8.65227,14.501832],[-8.65104,14.501715],[-8.647501,14.501326],[-8.641369,14.500781],[-8.640565,14.500804],[-8.639713,14.500909],[-8.638945,14.501115],[-8.637817,14.501573],[-8.636093,14.502565],[-8.63542,14.502989],[-8.635304,14.503062],[-8.634746,14.503413],[-8.634627,14.503479],[-8.633928,14.503903],[-8.633828,14.503962],[-8.632763,14.504611],[-8.632169,14.504935],[-8.631694,14.505158],[-8.631269,14.505326],[-8.630809,14.505488],[-8.63038,14.505605],[-8.629879,14.505723],[-8.623645,14.506942],[-8.612598,14.509168],[-8.610969,14.5097],[-8.60611,14.512201],[-8.606067,14.512223],[-8.600766,14.514982],[-8.598772,14.516036],[-8.597875,14.516436],[-8.596947,14.516713],[-8.595965,14.516893],[-8.594951,14.517002],[-8.59125,14.517227],[-8.589501,14.517334],[-8.588326,14.517448],[-8.587258,14.517635],[-8.585871,14.518024],[-8.584968,14.518383],[-8.584027,14.518863],[-8.583021,14.519562],[-8.582156,14.520245],[-8.578128,14.524289],[-8.576449,14.526038],[-8.574716,14.527808],[-8.573112,14.529143],[-8.572378,14.529626],[-8.57108,14.53038],[-8.568531,14.531409],[-8.566221,14.532423],[-8.565377,14.532757],[-8.564301,14.53312],[-8.563655,14.533308],[-8.562947,14.533366],[-8.562233,14.533354],[-8.56144,14.533301],[-8.56078,14.533142],[-8.560099,14.532921],[-8.559074,14.532383],[-8.558325,14.531853],[-8.553629,14.527111],[-8.552049,14.525692],[-8.551314,14.525159],[-8.55071,14.524816],[-8.550654,14.524783],[-8.546993,14.522939],[-8.541841,14.520611],[-8.536106,14.517966],[-8.529831,14.515016],[-8.52761,14.513927],[-8.525444,14.512617],[-8.512627,14.504433],[-8.511816,14.50394],[-8.510603,14.503375],[-8.510141,14.503197],[-8.507517,14.502266],[-8.503283,14.500807],[-8.484911,14.494524],[-8.482613,14.493556],[-8.479762,14.491927],[-8.477329,14.490409],[-8.475432,14.489257],[-8.473161,14.487995],[-8.471678,14.487276],[-8.47069,14.486908],[-8.469599,14.486589],[-8.468095,14.486199],[-8.467274,14.486066],[-8.466344,14.485953],[-8.464955,14.485867],[-8.463778,14.485849],[-8.462416,14.485892],[-8.457817,14.485879],[-8.45732,14.485881],[-8.452328,14.485893],[-8.451307,14.485815],[-8.449999,14.485633],[-8.449306,14.485466],[-8.44821,14.485137],[-8.446769,14.484795],[-8.443973,14.48405],[-8.443859,14.484024],[-8.436352,14.481905],[-8.435182,14.481478],[-8.433949,14.48091],[-8.433018,14.48038],[-8.432136,14.479855],[-8.431967,14.479746],[-8.431419,14.479386],[-8.429698,14.478003],[-8.425019,14.473426],[-8.422651,14.471273],[-8.421713,14.470297],[-8.417346,14.466102],[-8.413038,14.46188],[-8.411051,14.459958],[-8.409449,14.458787],[-8.407679,14.457811],[-8.406373,14.457215],[-8.405015,14.4567],[-8.398887,14.454815],[-8.393433,14.453061],[-8.384433,14.450233],[-8.382925,14.449618],[-8.379573,14.448064],[-8.377818,14.447259],[-8.377453,14.447071],[-8.377207,14.446976],[-8.376023,14.446428],[-8.375105,14.446006],[-8.374613,14.445845],[-8.373751,14.4456],[-8.372971,14.445488],[-8.372369,14.445462],[-8.370665,14.445482],[-8.369688,14.445477],[-8.366358,14.445459],[-8.366077,14.445433],[-8.365568,14.445386],[-8.364759,14.445241],[-8.364119,14.445058],[-8.363813,14.444942],[-8.363497,14.444822],[-8.36288,14.444541],[-8.362046,14.44407],[-8.361464,14.443628],[-8.357364,14.44008],[-8.356307,14.439273],[-8.355113,14.438517],[-8.354054,14.437976],[-8.35397,14.437941],[-8.351272,14.436836],[-8.34908,14.435962],[-8.347129,14.435137],[-8.342766,14.432921],[-8.333642,14.428208],[-8.331699,14.427166],[-8.331045,14.426859],[-8.330438,14.426613],[-8.330334,14.426571],[-8.32971,14.426352],[-8.32887,14.426106],[-8.327331,14.4258],[-8.326273,14.425675],[-8.323479,14.425542],[-8.319346,14.425396],[-8.315245,14.425227],[-8.314241,14.425111],[-8.313715,14.425033],[-8.313186,14.424926],[-8.313074,14.424899],[-8.312093,14.424643],[-8.311433,14.424419],[-8.310842,14.424186],[-8.310319,14.423951],[-8.309304,14.423453],[-8.307413,14.422286],[-8.307348,14.42224],[-8.30292,14.419437],[-8.302226,14.419063],[-8.302122,14.419009],[-8.30168,14.418788],[-8.300623,14.418354],[-8.299724,14.418058],[-8.298992,14.417862],[-8.298181,14.417698],[-8.297253,14.417572],[-8.295269,14.417396],[-8.289513,14.416931],[-8.288047,14.416801],[-8.286818,14.41669],[-8.286144,14.416624],[-8.285433,14.416506],[-8.284773,14.416343],[-8.284251,14.41619],[-8.28387,14.416047],[-8.283222,14.415796],[-8.282806,14.415615],[-8.282407,14.415407],[-8.281687,14.414994],[-8.280895,14.414454],[-8.280199,14.413878],[-8.279636,14.413335],[-8.278555,14.41219],[-8.277747,14.41133],[-8.275868,14.409404],[-8.275158,14.408636],[-8.269743,14.402952],[-8.268888,14.402229],[-8.268269,14.401737],[-8.267266,14.401088],[-8.266058,14.400451],[-8.26554,14.400211],[-8.264991,14.399994],[-8.264414,14.399795],[-8.263859,14.399629],[-8.261066,14.398979],[-8.252401,14.39708],[-8.250582,14.396646],[-8.249035,14.396296],[-8.248896,14.396265],[-8.248234,14.396066],[-8.247647,14.395863],[-8.246792,14.395527],[-8.246244,14.395293],[-8.245729,14.395027],[-8.244946,14.394649],[-8.244265,14.394222],[-8.243609,14.393772],[-8.242882,14.393207],[-8.241282,14.391768],[-8.236318,14.387062],[-8.236287,14.387038],[-8.236169,14.386921],[-8.23542,14.386192],[-8.234455,14.385292],[-8.23164,14.383035],[-8.227555,14.379931],[-8.222682,14.375682],[-8.222438,14.375484],[-8.221682,14.37487],[-8.22098,14.374428],[-8.220249,14.37405],[-8.219613,14.373775],[-8.218857,14.373527],[-8.218272,14.37338],[-8.215622,14.372832],[-8.214762,14.372676],[-8.213419,14.372433],[-8.212514,14.37217],[-8.211709,14.371868],[-8.211063,14.371582],[-8.210285,14.371125],[-8.209668,14.370696],[-8.209012,14.37012],[-8.208959,14.370067],[-8.208624,14.369772],[-8.20827,14.369438],[-8.208123,14.369306],[-8.207112,14.368254],[-8.206943,14.368073],[-8.206223,14.367346],[-8.205414,14.366648],[-8.204821,14.366203],[-8.200936,14.363405],[-8.200546,14.363109],[-8.200157,14.362738],[-8.199631,14.362128],[-8.199355,14.361741],[-8.199076,14.361247],[-8.198845,14.360789],[-8.198646,14.360271],[-8.198483,14.359494],[-8.198398,14.358915],[-8.198172,14.355902],[-8.198046,14.353741],[-8.197932,14.351409],[-8.197678,14.347591],[-8.197414,14.346372],[-8.197124,14.345352],[-8.19683,14.344563],[-8.19534,14.341432],[-8.193155,14.336347],[-8.192179,14.334113],[-8.191368,14.331817],[-8.190002,14.326199],[-8.186511,14.312911],[-8.184224,14.309065],[-8.178329,14.301013],[-8.174713,14.293095],[-8.170856,14.285252],[-8.170473,14.284521],[-8.167364,14.27859],[-8.166001,14.276946],[-8.164405,14.275399],[-8.160787,14.272941],[-8.155358,14.269382],[-8.153652,14.26793],[-8.152228,14.266521],[-8.150999,14.264961],[-8.149141,14.261477],[-8.147747,14.258551],[-8.147386,14.257695],[-8.146287,14.255448],[-8.141677,14.248688],[-8.141109,14.247882],[-8.14014,14.246524],[-8.138911,14.244504],[-8.138596,14.243885],[-8.136175,14.238513],[-8.134726,14.235549],[-8.134035,14.234497],[-8.133332,14.233634],[-8.132935,14.233231],[-8.129877,14.230265],[-8.128907,14.229346],[-8.12807,14.228471],[-8.127657,14.227904],[-8.127222,14.227386],[-8.126557,14.226323],[-8.125865,14.225106],[-8.124502,14.222563],[-8.120066,14.214463],[-8.119068,14.212688],[-8.11873,14.212189],[-8.1182,14.211509],[-8.11743,14.210747],[-8.116567,14.210097],[-8.115707,14.209564],[-8.113799,14.208565],[-8.106425,14.204779],[-8.105239,14.204073],[-8.103836,14.203026],[-8.103244,14.202547],[-8.101999,14.201333],[-8.098518,14.197372],[-8.096329,14.194848],[-8.095495,14.193936],[-8.094446,14.192932],[-8.09394,14.192497],[-8.092626,14.191494],[-8.091256,14.190648],[-8.089974,14.189984],[-8.089133,14.18963],[-8.087949,14.189205],[-8.086753,14.188838],[-8.078264,14.186616],[-8.075497,14.185784],[-8.072695,14.18488],[-8.071305,14.184445],[-8.069964,14.183987],[-8.069465,14.183754],[-8.068717,14.183329],[-8.068147,14.182905],[-8.067663,14.182471],[-8.067193,14.181964],[-8.066792,14.181433],[-8.066396,14.180815],[-8.065711,14.179481],[-8.059668,14.167507],[-8.059356,14.166971],[-8.058906,14.166434],[-8.058429,14.166022],[-8.058031,14.165746],[-8.056926,14.165132],[-8.056454,14.164723],[-8.056076,14.164274],[-8.055036,14.16251],[-8.054445,14.161668],[-8.051368,14.157459],[-8.050946,14.15697],[-8.050476,14.156547],[-8.050059,14.156216],[-8.049436,14.155833],[-8.04576,14.154022],[-8.044098,14.153208],[-8.043752,14.152992],[-8.043378,14.152715],[-8.043027,14.152419],[-8.042489,14.151842],[-8.042098,14.151295],[-8.041737,14.150581],[-8.041554,14.150111],[-8.041479,14.149804],[-8.041387,14.149423],[-8.041246,14.148188],[-8.041115,14.147615],[-8.040944,14.147186],[-8.039065,14.143889],[-8.037791,14.141672],[-8.037481,14.141076],[-8.037254,14.140479],[-8.037135,14.140031],[-8.036924,14.138574],[-8.036665,14.136583],[-8.035732,14.130141],[-8.035496,14.127901],[-8.035467,14.12752],[-8.035512,14.127008],[-8.035625,14.126587],[-8.035965,14.125515],[-8.036068,14.125057],[-8.036075,14.124702],[-8.036038,14.124407],[-8.035963,14.124086],[-8.035815,14.123748],[-8.035665,14.123509],[-8.033759,14.121249],[-8.033415,14.120676],[-8.03323,14.120279],[-8.032596,14.11821],[-8.032486,14.117777],[-8.032449,14.117449],[-8.032454,14.117108],[-8.032836,14.114977],[-8.032886,14.114568],[-8.032909,14.113866],[-8.032892,14.113369],[-8.032919,14.11301],[-8.032967,14.112639],[-8.03309,14.112132],[-8.033527,14.11075],[-8.034154,14.109071],[-8.034909,14.107123],[-8.035751,14.104884],[-8.036307,14.103405],[-8.036468,14.102979],[-8.036477,14.102954],[-8.037582,14.099875],[-8.037974,14.0989],[-8.038095,14.098557],[-8.038209,14.098031],[-8.038248,14.097781],[-8.038258,14.097401],[-8.038214,14.096949],[-8.038092,14.096306],[-8.038026,14.095638],[-8.038006,14.094602],[-8.03817,14.0914],[-8.038199,14.090828],[-8.03855,14.08387],[-8.038534,14.083151],[-8.03832,14.081125],[-8.037912,14.077539],[-8.037632,14.075085],[-8.037243,14.072369],[-8.037215,14.071884],[-8.037248,14.071569],[-8.037317,14.071265],[-8.037529,14.070768],[-8.038002,14.069421],[-8.03809,14.068752],[-8.03811,14.068165],[-8.038085,14.067963],[-8.037918,14.067261],[-8.037815,14.066956],[-8.036902,14.065097],[-8.035162,14.061756],[-8.034969,14.06129],[-8.034804,14.060803],[-8.034385,14.059362],[-8.034338,14.059035],[-8.034324,14.058767],[-8.034376,14.058324],[-8.034476,14.057922],[-8.034927,14.056753],[-8.035401,14.055403],[-8.035845,14.054009],[-8.035906,14.053738],[-8.035951,14.053378],[-8.035894,14.051458],[-8.035815,14.048681],[-8.035807,14.048266],[-8.035678,14.043873],[-8.035631,14.043224],[-8.035385,14.041596],[-8.035187,14.040412],[-8.035139,14.039862],[-8.035171,14.039521],[-8.035211,14.039265],[-8.035296,14.039004],[-8.035601,14.038334],[-8.035848,14.03768],[-8.036303,14.036322],[-8.036486,14.035776],[-8.036872,14.034754],[-8.037272,14.033826],[-8.039782,14.028969],[-8.040372,14.028027],[-8.041641,14.025832],[-8.04259,14.024195],[-8.042964,14.023456],[-8.043168,14.022911],[-8.04405,14.020262],[-8.044311,14.01972],[-8.044456,14.019507],[-8.044858,14.018915],[-8.045512,14.017966],[-8.046473,14.016615],[-8.046883,14.01615],[-8.047376,14.01573],[-8.047839,14.015289],[-8.048047,14.015012],[-8.048732,14.013355],[-8.049115,14.012376],[-8.049478,14.01172],[-8.049694,14.011476],[-8.050076,14.011164],[-8.050483,14.010913],[-8.051262,14.01032],[-8.054318,14.007584],[-8.054728,14.007176],[-8.055134,14.006734],[-8.055645,14.006043],[-8.055973,14.005512],[-8.056288,14.004951],[-8.057491,14.001629],[-8.058314,13.9992],[-8.058523,13.998712],[-8.058739,13.998396],[-8.058976,13.998109],[-8.059355,13.997726],[-8.061,13.996165],[-8.061606,13.995511],[-8.062182,13.99482],[-8.062771,13.994018],[-8.063328,13.99316],[-8.063834,13.992215],[-8.066898,13.985597],[-8.067082,13.985188],[-8.069083,13.980383],[-8.069733,13.978821],[-8.069976,13.978203],[-8.070111,13.977654],[-8.070259,13.976626],[-8.070278,13.976491],[-8.070675,13.973717],[-8.07133,13.969053],[-8.07139,13.968329],[-8.071348,13.967764],[-8.071334,13.967571],[-8.070875,13.965845],[-8.070798,13.965283],[-8.070767,13.964576],[-8.070763,13.963919],[-8.070762,13.962526],[-8.070905,13.961301],[-8.071112,13.959742],[-8.071553,13.956367],[-8.071694,13.955282],[-8.071779,13.954702],[-8.071834,13.954282],[-8.072059,13.952449],[-8.072194,13.951549],[-8.072234,13.951394],[-8.072287,13.951181],[-8.072696,13.949713],[-8.072793,13.949502],[-8.073978,13.946914],[-8.076395,13.941665],[-8.07669,13.940972],[-8.077199,13.939471],[-8.077318,13.93902],[-8.079256,13.931725],[-8.079719,13.930008],[-8.081714,13.923502],[-8.084738,13.913361],[-8.086033,13.909038],[-8.086556,13.907312],[-8.087034,13.905735],[-8.088597,13.900598],[-8.089275,13.898379],[-8.090815,13.893166],[-8.090924,13.892677],[-8.090136,13.890866],[-8.089515,13.889405],[-8.089301,13.88888],[-8.089286,13.888808],[-8.089234,13.888531],[-8.089184,13.888145],[-8.089186,13.887719],[-8.089159,13.887196],[-8.089113,13.88691],[-8.088998,13.886649],[-8.088831,13.886327],[-8.088646,13.886034],[-8.086933,13.88406],[-8.086541,13.883628],[-8.08638,13.883414],[-8.086074,13.882912],[-8.085991,13.882716],[-8.085914,13.882381],[-8.085889,13.882134],[-8.085887,13.881881],[-8.085955,13.880577],[-8.086049,13.877964],[-8.086029,13.877621],[-8.085846,13.876955],[-8.085701,13.876662],[-8.085052,13.876128],[-8.084384,13.875577],[-8.083851,13.8752],[-8.08285,13.874492],[-8.08249,13.87426],[-8.07665,13.87093],[-8.076361,13.870738],[-8.074785,13.869692],[-8.073503,13.868907],[-8.073099,13.868637],[-8.071713,13.867698],[-8.068916,13.865422],[-8.067961,13.864674],[-8.067077,13.863895],[-8.06617,13.863013],[-8.065338,13.862067],[-8.064938,13.861548],[-8.064517,13.861002],[-8.063761,13.859897],[-8.062851,13.858473],[-8.062098,13.857295],[-8.060275,13.854503],[-8.059534,13.853008],[-8.058944,13.851561],[-8.058568,13.850325],[-8.058309,13.849078],[-8.056289,13.834421],[-8.055943,13.831742],[-8.055552,13.828653],[-8.055472,13.827926],[-8.055195,13.825405],[-8.05473,13.82123],[-8.053558,13.80827],[-8.052699,13.79855],[-8.052538,13.797453],[-8.052437,13.796767],[-8.052233,13.795384],[-8.051169,13.79015],[-8.049336,13.781132],[-8.047572,13.772457],[-8.046871,13.76901],[-8.046576,13.767513],[-8.046449,13.766852],[-8.045812,13.763531],[-8.04512,13.760124],[-8.044508,13.757753],[-8.043781,13.7554],[-8.041944,13.750709],[-8.039791,13.745733],[-8.038758,13.74329],[-8.038323,13.742486],[-8.037681,13.741608],[-8.037255,13.741042],[-8.036419,13.740233],[-8.035292,13.739442],[-8.030963,13.736946],[-8.025475,13.73371],[-8.023678,13.73271],[-8.022475,13.73204],[-8.015009,13.72805],[-8.013566,13.727233],[-8.013321,13.726968],[-8.012575,13.726161],[-8.01249,13.725969],[-8.012234,13.725388],[-8.012025,13.724593],[-8.011997,13.724399],[-8.011834,13.722993],[-8.01158,13.720047],[-8.011426,13.718255],[-8.011383,13.716633],[-8.01164,13.715032],[-8.01529,13.705616],[-8.019134,13.695703],[-8.020846,13.691108],[-8.023512,13.683955],[-8.025037,13.679537],[-8.02695,13.673999],[-8.027992,13.671377],[-8.028605,13.670385],[-8.029597,13.668777],[-8.035416,13.661036],[-8.036402,13.659723],[-8.037662,13.65796],[-8.037732,13.657861],[-8.039272,13.655821],[-8.039398,13.655618],[-8.03958,13.655323],[-8.039814,13.654944],[-8.040195,13.654158],[-8.040536,13.653248],[-8.040747,13.652359],[-8.041663,13.645187],[-8.041889,13.643403],[-8.042147,13.641362],[-8.042232,13.639744],[-8.04218,13.638423],[-8.04208,13.637473],[-8.041804,13.635766],[-8.041555,13.634231],[-8.041046,13.631084],[-8.041027,13.630021],[-8.041141,13.627939],[-8.041151,13.627784],[-8.041193,13.6267],[-8.041289,13.624775],[-8.041268,13.624227],[-8.041237,13.623429],[-8.041081,13.621794],[-8.040825,13.620473],[-8.040775,13.620215],[-8.040365,13.618299],[-8.04007,13.616944],[-8.03975,13.615476],[-8.039699,13.61523],[-8.039324,13.613468],[-8.038617,13.610154],[-8.037675,13.605722],[-8.037144,13.603219],[-8.037081,13.602611],[-8.037048,13.602005],[-8.03705,13.601314],[-8.037181,13.600332],[-8.037225,13.600129],[-8.037308,13.59974],[-8.037507,13.598812],[-8.038044,13.596305],[-8.038627,13.593205],[-8.039071,13.590847],[-8.03922,13.589937],[-8.039253,13.589423],[-8.03925,13.589139],[-8.039247,13.588798],[-8.039222,13.588528],[-8.03918,13.588083],[-8.039034,13.587287],[-8.038816,13.586425],[-8.038491,13.585241],[-8.038448,13.585074],[-8.038201,13.584061],[-8.038159,13.583889],[-8.037945,13.583253],[-8.03771,13.582668],[-8.037443,13.58204],[-8.037345,13.58179],[-8.037132,13.581223],[-8.036698,13.580139],[-8.036444,13.579549],[-8.036287,13.579247],[-8.036086,13.578955],[-8.035692,13.578384],[-8.03529,13.5778],[-8.03494,13.577281],[-8.034866,13.577078],[-8.034817,13.576944],[-8.034763,13.576642],[-8.034539,13.57545],[-8.034334,13.57433],[-8.034236,13.573796],[-8.03407,13.572893],[-8.033984,13.572422],[-8.033969,13.572149],[-8.034017,13.571797],[-8.034163,13.570966],[-8.034261,13.570418],[-8.034653,13.568263],[-8.034888,13.56697],[-8.034923,13.566777],[-8.035096,13.565825],[-8.035268,13.564849],[-8.035375,13.564241],[-8.035447,13.56383],[-8.035559,13.56319],[-8.035771,13.561989],[-8.036047,13.560402],[-8.036078,13.560223],[-8.036315,13.558035],[-8.036536,13.556528],[-8.036721,13.555267],[-8.036733,13.555186],[-8.037176,13.552284],[-8.037243,13.551843],[-8.03754,13.550213],[-8.03778,13.549306],[-8.038383,13.547571],[-8.038404,13.547526],[-8.038845,13.546579],[-8.039546,13.545231],[-8.041136,13.542326],[-8.042373,13.540067],[-8.04256,13.539725],[-8.043265,13.538437],[-8.045432,13.534445],[-8.04587,13.533699],[-8.04639,13.532813],[-8.047308,13.531373],[-8.048101,13.530171],[-8.048978,13.528955],[-8.050564,13.526914],[-8.050961,13.526404],[-8.052202,13.524735],[-8.052323,13.524546],[-8.052718,13.523929],[-8.053206,13.522985],[-8.053596,13.522062],[-8.053926,13.521108],[-8.054897,13.517806],[-8.055055,13.517339],[-8.055262,13.51619],[-8.055359,13.515292],[-8.055387,13.514474],[-8.055373,13.513822],[-8.055286,13.512957],[-8.055129,13.512192],[-8.055063,13.511876],[-8.054742,13.510795],[-8.054372,13.509861],[-8.053177,13.507158],[-8.052893,13.506514],[-8.052357,13.505298],[-8.050522,13.501023],[-8.047437,13.494072],[-8.047106,13.493326],[-8.046078,13.49101],[-8.045509,13.489866],[-8.044855,13.488832],[-8.044721,13.48863],[-8.043112,13.486391],[-8.04139,13.48397],[-8.041352,13.48392],[-8.040788,13.483135],[-8.039921,13.481928],[-8.038063,13.479352],[-8.036491,13.477311],[-8.030603,13.469645],[-8.027901,13.466],[-8.026652,13.46408],[-8.026092,13.462953],[-8.025406,13.461504],[-8.024334,13.459293],[-8.023753,13.458294],[-8.023163,13.45736],[-8.023045,13.457209],[-8.021953,13.455824],[-8.020821,13.45444],[-8.02006,13.45351],[-8.019607,13.452956],[-8.019182,13.452317],[-8.018872,13.45185],[-8.018555,13.451151],[-8.018409,13.450769],[-8.018298,13.450424],[-8.018195,13.450153],[-8.017651,13.448409],[-8.017418,13.447683],[-8.016876,13.445823],[-8.016141,13.442513],[-8.014969,13.437074],[-8.013462,13.430453],[-8.012995,13.428405],[-8.012771,13.427422],[-8.012134,13.424631],[-8.010608,13.417533],[-8.010568,13.417347],[-8.010357,13.416364],[-8.009505,13.412402],[-8.009276,13.41141],[-8.009195,13.411063],[-8.008843,13.409542],[-8.008313,13.407737],[-8.008127,13.407342],[-8.008,13.407072],[-8.007428,13.405862],[-8.004768,13.400282],[-8.002033,13.394734],[-8.000818,13.392219],[-8.0003,13.391161],[-7.999055,13.38889],[-7.998841,13.388498],[-7.997249,13.386388],[-7.995452,13.384005],[-7.995126,13.383573],[-7.994766,13.383095],[-7.994691,13.382996],[-7.994293,13.382468],[-7.993532,13.381459],[-7.993117,13.380902],[-7.992858,13.380539],[-7.992744,13.380378],[-7.992372,13.379856],[-7.992126,13.37951],[-7.992027,13.379372],[-7.991719,13.378939],[-7.991686,13.378893],[-7.991533,13.378677],[-7.991226,13.378191],[-7.990945,13.377646],[-7.98492,13.365914],[-7.983588,13.363195],[-7.983126,13.361717],[-7.982815,13.360218],[-7.981761,13.35385],[-7.980297,13.345617],[-7.980152,13.344723],[-7.97988,13.343714],[-7.979245,13.342182],[-7.97844,13.340892],[-7.977734,13.34018],[-7.97579,13.338352],[-7.974768,13.337367],[-7.971649,13.334221],[-7.968061,13.330648],[-7.965565,13.326856],[-7.959407,13.317302],[-7.956786,13.313304],[-7.955508,13.311016],[-7.954589,13.308522],[-7.954177,13.306187],[-7.954021,13.304829],[-7.953915,13.303912],[-7.953835,13.297661],[-7.953801,13.294981],[-7.953816,13.294688],[-7.954032,13.290544],[-7.954038,13.290436],[-7.954034,13.289763],[-7.954066,13.289177],[-7.954161,13.287522],[-7.954365,13.283659],[-7.954997,13.272013],[-7.95501,13.270346],[-7.954974,13.269922],[-7.954908,13.269143],[-7.954191,13.265027],[-7.953029,13.259597],[-7.951502,13.253776],[-7.951448,13.253577],[-7.949821,13.247779],[-7.948329,13.242901],[-7.947805,13.240955],[-7.947468,13.239919],[-7.94726,13.239107],[-7.947085,13.238614],[-7.946903,13.237898],[-7.946715,13.237465],[-7.946215,13.236011],[-7.945426,13.234296],[-7.944809,13.23347],[-7.944218,13.232781],[-7.940803,13.229202],[-7.937133,13.22541],[-7.936131,13.224187],[-7.934531,13.221971],[-7.933186,13.219589],[-7.931578,13.215874],[-7.930644,13.213715],[-7.930123,13.211821],[-7.930117,13.21026],[-7.930136,13.209909],[-7.930415,13.20803],[-7.93052,13.207495],[-7.930676,13.206648],[-7.93084,13.205782],[-7.931008,13.204895],[-7.93116,13.204087],[-7.931338,13.203151],[-7.931383,13.202899],[-7.931511,13.202448],[-7.931675,13.201948],[-7.931883,13.201352],[-7.932148,13.200814],[-7.932357,13.200423],[-7.932466,13.200218],[-7.932718,13.199742],[-7.933014,13.199192],[-7.933316,13.198629],[-7.933511,13.198258],[-7.933564,13.198103],[-7.933824,13.197535],[-7.934114,13.197017],[-7.934163,13.19692],[-7.9345,13.196299],[-7.935013,13.195417],[-7.935493,13.194622],[-7.935955,13.193936],[-7.936691,13.192879],[-7.937299,13.191942],[-7.939204,13.189139],[-7.940808,13.186847],[-7.940884,13.186733],[-7.941174,13.186317],[-7.941966,13.185181],[-7.942409,13.18466],[-7.942652,13.18432],[-7.9432,13.183486],[-7.943535,13.182798],[-7.943738,13.182307],[-7.94414,13.180727],[-7.944417,13.179769],[-7.945007,13.177541],[-7.945156,13.176927],[-7.945708,13.17491],[-7.946502,13.171853],[-7.946857,13.170577],[-7.94743,13.16835],[-7.948392,13.164744],[-7.948881,13.163087],[-7.949322,13.161806],[-7.949878,13.160283],[-7.950853,13.157747],[-7.951893,13.154959],[-7.951955,13.154789],[-7.952076,13.154166],[-7.952282,13.153427],[-7.952321,13.152995],[-7.952404,13.152341],[-7.95241,13.1522],[-7.952457,13.150876],[-7.95251,13.150302],[-7.952507,13.150012],[-7.952544,13.148793],[-7.952683,13.145769],[-7.952758,13.143423],[-7.952797,13.141828],[-7.952884,13.140216],[-7.952917,13.138817],[-7.953017,13.136962],[-7.952963,13.135663],[-7.952869,13.134998],[-7.952782,13.134551],[-7.952599,13.133859],[-7.952491,13.133543],[-7.952146,13.13271],[-7.951976,13.13237],[-7.951059,13.130845],[-7.949542,13.128604],[-7.948673,13.127402],[-7.948085,13.126548],[-7.94734,13.125387],[-7.946702,13.124287],[-7.946436,13.123791],[-7.946133,13.123177],[-7.945749,13.122312],[-7.945552,13.121785],[-7.945141,13.120484],[-7.94419,13.116847],[-7.944127,13.116628],[-7.943708,13.11518],[-7.943454,13.114181],[-7.943185,13.113199],[-7.943162,13.113117],[-7.943129,13.113005],[-7.942952,13.112394],[-7.94277,13.111618],[-7.942645,13.11118],[-7.941734,13.108392],[-7.941637,13.108107],[-7.941419,13.107455],[-7.941259,13.106894],[-7.941007,13.105557],[-7.940865,13.104437],[-7.940699,13.103454],[-7.940363,13.1019],[-7.940216,13.101047],[-7.939975,13.099917],[-7.939884,13.099544],[-7.939784,13.099207],[-7.939672,13.098864],[-7.939582,13.098615],[-7.939207,13.097871],[-7.939142,13.097749],[-7.939006,13.097571],[-7.938899,13.097381],[-7.938608,13.096682],[-7.938585,13.096571],[-7.938529,13.096088],[-7.938548,13.09522],[-7.93855,13.095099],[-7.93858,13.094695],[-7.938651,13.094216],[-7.939071,13.092365],[-7.939149,13.092028],[-7.939358,13.091192],[-7.939516,13.090653],[-7.939717,13.090066],[-7.939926,13.089541],[-7.940514,13.088247],[-7.941091,13.087035],[-7.941893,13.085217],[-7.943201,13.082327],[-7.944121,13.080373],[-7.944591,13.079427],[-7.944856,13.078934],[-7.945259,13.078291],[-7.946109,13.07708],[-7.946409,13.076697],[-7.947179,13.075814],[-7.947868,13.075109],[-7.949125,13.073899],[-7.950363,13.072752],[-7.951135,13.072088],[-7.951516,13.07177],[-7.952081,13.071325],[-7.952613,13.070906],[-7.956507,13.067508],[-7.957127,13.066949],[-7.95751,13.066638],[-7.957836,13.066397],[-7.958296,13.066059],[-7.958793,13.06569],[-7.959254,13.065276],[-7.961143,13.063454],[-7.962061,13.062637],[-7.965602,13.059542],[-7.966263,13.058958],[-7.966586,13.058638],[-7.966948,13.058254],[-7.967273,13.057868],[-7.967498,13.057583],[-7.967953,13.056926],[-7.968399,13.05618],[-7.968619,13.055732],[-7.969011,13.054781],[-7.971151,13.048686],[-7.971803,13.046793],[-7.972058,13.046096],[-7.972146,13.045896],[-7.972265,13.045497],[-7.972604,13.044555],[-7.973761,13.041209],[-7.974497,13.039143],[-7.974857,13.038061],[-7.975765,13.035526],[-7.97628,13.034355],[-7.97683,13.033241],[-7.978674,13.029347],[-7.979678,13.027286],[-7.979756,13.027101],[-7.98003,13.026564],[-7.980366,13.026006],[-7.980549,13.025731],[-7.980826,13.02537],[-7.982529,13.023223],[-7.982924,13.022663],[-7.983938,13.021346],[-7.986243,13.018531],[-7.987009,13.017529],[-7.988469,13.015681],[-7.991149,13.012302],[-7.991265,13.012178],[-7.991633,13.011905],[-7.993017,13.011034],[-7.993489,13.010714],[-7.994442,13.010001],[-7.994863,13.009654],[-7.995834,13.008761],[-7.997003,13.007544],[-7.997475,13.00707],[-7.998546,13.005918],[-7.998755,13.00567],[-7.999111,13.005174],[-7.999541,13.004474],[-7.999992,13.003626],[-8.000193,13.003195],[-8.000571,13.002447],[-8.001029,13.001595],[-8.002761,12.998172],[-8.002898,12.997922],[-8.003182,12.997471],[-8.003703,12.99676],[-8.0041,12.996325],[-8.004699,12.99575],[-8.004945,12.995533],[-8.00545,12.995148],[-8.008425,12.993169],[-8.008581,12.993065],[-8.008912,12.992847],[-8.010056,12.992193],[-8.010422,12.992005],[-8.010971,12.991737],[-8.014973,12.989891],[-8.016559,12.989142],[-8.017083,12.988865],[-8.017349,12.988703],[-8.0178,12.988387],[-8.020107,12.986551],[-8.022771,12.984428],[-8.023838,12.98369],[-8.025028,12.982983],[-8.03003,12.980195],[-8.03082,12.979746],[-8.031732,12.979257],[-8.032509,12.978807],[-8.034052,12.978005],[-8.034581,12.977751],[-8.036819,12.976611],[-8.037092,12.976467],[-8.038641,12.975666],[-8.039259,12.975363],[-8.040655,12.97464],[-8.041254,12.974164],[-8.041667,12.973778],[-8.042604,12.972864],[-8.042893,12.972588],[-8.043574,12.971951],[-8.043829,12.971658],[-8.044035,12.971386],[-8.044311,12.970882],[-8.044494,12.970508],[-8.044636,12.970087],[-8.044711,12.969744],[-8.044757,12.969376],[-8.044789,12.968921],[-8.04484,12.96745],[-8.044799,12.966668],[-8.044692,12.965842],[-8.044559,12.965173],[-8.044445,12.964781],[-8.044191,12.964054],[-8.043831,12.962925],[-8.042625,12.959324],[-8.042274,12.958172],[-8.041781,12.956313],[-8.041453,12.954925],[-8.041059,12.95349],[-8.040493,12.951214],[-8.039833,12.948641],[-8.039576,12.947559],[-8.039498,12.947123],[-8.039466,12.946469],[-8.039493,12.94615],[-8.039538,12.945857],[-8.039627,12.945451],[-8.039742,12.945086],[-8.039917,12.944658],[-8.040362,12.943949],[-8.040619,12.943646],[-8.041158,12.943131],[-8.0417,12.942752],[-8.0446,12.941343],[-8.045801,12.940783],[-8.046343,12.940499],[-8.047381,12.940018],[-8.048036,12.939691],[-8.048993,12.939252],[-8.049473,12.939006],[-8.050117,12.938582],[-8.050672,12.938182],[-8.051227,12.937707],[-8.051949,12.936928],[-8.052166,12.936648],[-8.052501,12.936156],[-8.05288,12.935552],[-8.054066,12.933424],[-8.05482,12.93202],[-8.056467,12.929036],[-8.056572,12.928851],[-8.056697,12.928619],[-8.056782,12.928456],[-8.057239,12.927696],[-8.057459,12.927373],[-8.057732,12.927023],[-8.058101,12.926592],[-8.058555,12.926123],[-8.058941,12.925766],[-8.059375,12.925411],[-8.059662,12.925208],[-8.060942,12.924408],[-8.068589,12.919708],[-8.068978,12.919454],[-8.069299,12.919222],[-8.069452,12.919088],[-8.069652,12.918893],[-8.069985,12.918514],[-8.070351,12.917969],[-8.070543,12.917622],[-8.070639,12.917397],[-8.070816,12.916902],[-8.071421,12.914966],[-8.071546,12.914527],[-8.071717,12.913604],[-8.071782,12.913042],[-8.071799,12.912596],[-8.071802,12.91231],[-8.071759,12.911473],[-8.071676,12.910843],[-8.071612,12.910093],[-8.071596,12.909589],[-8.071996,12.905465],[-8.072152,12.904099],[-8.072251,12.90288],[-8.072328,12.902174],[-8.072471,12.901027],[-8.072642,12.900216],[-8.072916,12.899359],[-8.073117,12.898891],[-8.073407,12.898279],[-8.073943,12.897392],[-8.074388,12.89682],[-8.076727,12.894258],[-8.077708,12.893214],[-8.078803,12.892043],[-8.079212,12.891575],[-8.079615,12.89107],[-8.080056,12.890466],[-8.080617,12.889662],[-8.080816,12.889411],[-8.081024,12.889217],[-8.081522,12.888802],[-8.082452,12.88807],[-8.08322,12.887402],[-8.083523,12.887086],[-8.083799,12.886632],[-8.083972,12.886316],[-8.084096,12.886008],[-8.084164,12.885747],[-8.084271,12.884909],[-8.084312,12.884713],[-8.084481,12.884224],[-8.084888,12.88341],[-8.085048,12.883058],[-8.085782,12.881543],[-8.085858,12.881369],[-8.086203,12.880491],[-8.086295,12.880204],[-8.086457,12.879591],[-8.086654,12.878848],[-8.087312,12.876107],[-8.087923,12.873671],[-8.088062,12.873037],[-8.088201,12.872532],[-8.088592,12.870922],[-8.088733,12.870356],[-8.088841,12.869926],[-8.089151,12.868635],[-8.089531,12.867245],[-8.089877,12.866298],[-8.090098,12.865814],[-8.09039,12.865174],[-8.0915,12.862852],[-8.091978,12.861718],[-8.092184,12.861187],[-8.092311,12.860631],[-8.092386,12.86014],[-8.092381,12.859515],[-8.092383,12.859273],[-8.092424,12.858531],[-8.092459,12.858217],[-8.092652,12.857127],[-8.093209,12.85507],[-8.094092,12.851949],[-8.094236,12.851257],[-8.094304,12.850666],[-8.094367,12.849811],[-8.094484,12.847123],[-8.094483,12.846612],[-8.094413,12.845504],[-8.09415,12.843901],[-8.093826,12.842203],[-8.093737,12.84163],[-8.093614,12.840619],[-8.093586,12.840189],[-8.093544,12.838757],[-8.093567,12.838251],[-8.093643,12.837219],[-8.093709,12.836576],[-8.09437,12.83254],[-8.094538,12.831684],[-8.094683,12.83074],[-8.094773,12.830145],[-8.094988,12.828821],[-8.09502,12.828619],[-8.095139,12.827805],[-8.095231,12.827353],[-8.095462,12.82589],[-8.095497,12.825678],[-8.095709,12.824495],[-8.095749,12.82426],[-8.095932,12.823179],[-8.096212,12.821432],[-8.09628,12.821073],[-8.096297,12.820986],[-8.096471,12.820079],[-8.096533,12.81984],[-8.096685,12.819383],[-8.096904,12.818923],[-8.097097,12.818573],[-8.097372,12.818173],[-8.097709,12.817694],[-8.098209,12.817134],[-8.098596,12.816783],[-8.099133,12.816343],[-8.099754,12.815863],[-8.100668,12.815231],[-8.101804,12.814439],[-8.103269,12.813292],[-8.103689,12.812946],[-8.105542,12.811501],[-8.106234,12.810934],[-8.107042,12.810126],[-8.107245,12.809887],[-8.107843,12.809069],[-8.108067,12.808677],[-8.108373,12.808095],[-8.108746,12.807231],[-8.108887,12.806782],[-8.109083,12.806025],[-8.109145,12.805659],[-8.109236,12.80494],[-8.109265,12.804351],[-8.109261,12.804063],[-8.109175,12.802924],[-8.109131,12.802624],[-8.109029,12.802205],[-8.108761,12.80129],[-8.108611,12.800902],[-8.108472,12.800577],[-8.107784,12.799207],[-8.107586,12.798811],[-8.107362,12.798423],[-8.107149,12.797976],[-8.106017,12.795811],[-8.105856,12.795469],[-8.105722,12.795121],[-8.105609,12.794744],[-8.105448,12.793993],[-8.105416,12.793188],[-8.105454,12.792837],[-8.10551,12.792489],[-8.105614,12.792046],[-8.105918,12.79127],[-8.10761,12.787092],[-8.107835,12.786646],[-8.108672,12.785201],[-8.108771,12.78503],[-8.109522,12.783738],[-8.109606,12.783604],[-8.109751,12.783375],[-8.109849,12.783188],[-8.110311,12.782413],[-8.110773,12.781612],[-8.110824,12.781515],[-8.110894,12.781398],[-8.111053,12.781199],[-8.111538,12.780329],[-8.111787,12.779914],[-8.112002,12.779496],[-8.112198,12.779068],[-8.112373,12.778636],[-8.112522,12.778192],[-8.112646,12.777805],[-8.112739,12.777441],[-8.112833,12.776943],[-8.112888,12.776492],[-8.112905,12.776349],[-8.11292,12.776211],[-8.112969,12.775731],[-8.113029,12.775234],[-8.113082,12.774745],[-8.113134,12.774256],[-8.11318,12.773754],[-8.113225,12.773272],[-8.113247,12.772765],[-8.113251,12.772711],[-8.113276,12.772363],[-8.113276,12.771841],[-8.113256,12.771451],[-8.113205,12.771076],[-8.113181,12.770926],[-8.11313,12.770643],[-8.113103,12.770493],[-8.113076,12.77038],[-8.113022,12.770158],[-8.112993,12.770026],[-8.112904,12.769706],[-8.112868,12.769571],[-8.112763,12.76923],[-8.112725,12.769111],[-8.11258,12.76865],[-8.11244,12.768278],[-8.112151,12.767636],[-8.111817,12.766985],[-8.111699,12.766778],[-8.11145,12.766438],[-8.111199,12.766106],[-8.110959,12.765787],[-8.110642,12.765398],[-8.11033,12.765043],[-8.110005,12.764673],[-8.109678,12.764306],[-8.109653,12.764274],[-8.109477,12.764083],[-8.109276,12.76386],[-8.109029,12.763596],[-8.10863,12.76316],[-8.107966,12.762439],[-8.107689,12.762142],[-8.107627,12.762076],[-8.107287,12.761736],[-8.107014,12.761471],[-8.106922,12.761379],[-8.106647,12.761132],[-8.106209,12.760737],[-8.106139,12.760678],[-8.10563,12.760263],[-8.10512,12.759879],[-8.104718,12.759625],[-8.104578,12.759519],[-8.104504,12.759458],[-8.104116,12.759213],[-8.104051,12.759172],[-8.103697,12.758954],[-8.10356,12.758869],[-8.103298,12.75872],[-8.10283,12.758483],[-8.102532,12.758335],[-8.102105,12.758123],[-8.101972,12.758057],[-8.101642,12.757894],[-8.101454,12.757804],[-8.101229,12.7577],[-8.100925,12.757561],[-8.100604,12.757422],[-8.100571,12.757402],[-8.100421,12.757342],[-8.100281,12.757287],[-8.099843,12.757082],[-8.099302,12.756814],[-8.098824,12.756546],[-8.098355,12.756238],[-8.097917,12.755902],[-8.097477,12.755528],[-8.097046,12.755118],[-8.096921,12.754999],[-8.096723,12.75482],[-8.096183,12.75434],[-8.095677,12.753965],[-8.094954,12.753566],[-8.094617,12.753393],[-8.094429,12.753307],[-8.093616,12.752926],[-8.092445,12.752353],[-8.091428,12.75192],[-8.090857,12.751667],[-8.090337,12.75145],[-8.089859,12.751286],[-8.089455,12.751166],[-8.08882,12.750973],[-8.087695,12.750628],[-8.087221,12.750502],[-8.086492,12.750308],[-8.086371,12.750276],[-8.085135,12.749932],[-8.08407,12.749617],[-8.083497,12.749423],[-8.082995,12.749194],[-8.082119,12.748815],[-8.079985,12.747876],[-8.078567,12.747356],[-8.077423,12.746937],[-8.077053,12.746776],[-8.076799,12.746626],[-8.076492,12.746398],[-8.076322,12.746232],[-8.076075,12.745932],[-8.075954,12.745756],[-8.075771,12.745437],[-8.075711,12.74533],[-8.075594,12.745115],[-8.075444,12.744867],[-8.075,12.744199],[-8.074566,12.743562],[-8.074413,12.743366],[-8.07412,12.743041],[-8.073825,12.742743],[-8.073655,12.742595],[-8.073485,12.742482],[-8.073005,12.742232],[-8.072129,12.741782],[-8.072045,12.741739],[-8.071085,12.741297],[-8.07077,12.741153],[-8.070256,12.740917],[-8.069905,12.740755],[-8.069868,12.740739],[-8.069803,12.740709],[-8.06969,12.740661],[-8.06941,12.740707],[-8.068902,12.740877],[-8.068831,12.740901],[-8.068589,12.740954],[-8.06852,12.740937],[-8.068454,12.740969],[-8.068426,12.741032],[-8.068238,12.741168],[-8.067796,12.741347],[-8.067648,12.74137],[-8.067555,12.741378],[-8.067389,12.741351],[-8.067256,12.74131],[-8.067107,12.74123],[-8.066988,12.74113],[-8.066813,12.740954],[-8.066685,12.740767],[-8.066649,12.740718],[-8.066528,12.740553],[-8.0663,12.740264],[-8.06623,12.740175],[-8.065529,12.739275],[-8.06549,12.739211],[-8.065412,12.739007],[-8.065342,12.738754],[-8.065201,12.73805],[-8.065074,12.737447],[-8.064789,12.735804],[-8.064658,12.735169],[-8.064542,12.734713],[-8.063937,12.733058],[-8.06374,12.73247],[-8.063642,12.732055],[-8.06362,12.731879],[-8.063611,12.731581],[-8.063604,12.731372],[-8.063592,12.730726],[-8.063591,12.730658],[-8.06357,12.729394],[-8.063576,12.729196],[-8.06356,12.729039],[-8.063569,12.72901],[-8.063568,12.728979],[-8.063558,12.728842],[-8.063509,12.728644],[-8.063315,12.727808],[-8.062952,12.726437],[-8.062453,12.725477],[-8.062152,12.725014],[-8.061883,12.724788],[-8.060567,12.723875],[-8.059963,12.723415],[-8.05982,12.72328],[-8.059744,12.723208],[-8.059546,12.723021],[-8.059383,12.722867],[-8.059048,12.722515],[-8.058617,12.722023],[-8.058015,12.721257],[-8.057965,12.721168],[-8.057932,12.721065],[-8.057934,12.721013],[-8.057977,12.720905],[-8.058161,12.720661],[-8.058246,12.720477],[-8.058308,12.720237],[-8.058352,12.719884],[-8.058341,12.71969],[-8.058044,12.718592],[-8.057799,12.717643],[-8.057625,12.717205],[-8.057495,12.716948],[-8.057383,12.716767],[-8.057041,12.716215],[-8.056734,12.715741],[-8.05645,12.715301],[-8.05637,12.715177],[-8.056154,12.714843],[-8.05582,12.714326],[-8.055521,12.713873],[-8.055229,12.71343],[-8.054989,12.713044],[-8.054972,12.713012],[-8.054889,12.712844],[-8.054682,12.71244],[-8.054511,12.712031],[-8.054363,12.711615],[-8.054005,12.710382],[-8.053888,12.709976],[-8.053756,12.709517],[-8.053666,12.70906],[-8.053647,12.708832],[-8.053687,12.70831],[-8.053731,12.708019],[-8.05382,12.707531],[-8.053945,12.707062],[-8.053952,12.707034],[-8.054,12.706875],[-8.05407,12.706643],[-8.054162,12.706338],[-8.054277,12.705904],[-8.054287,12.705842],[-8.054325,12.705462],[-8.054314,12.705262],[-8.05427,12.704932],[-8.054075,12.704063],[-8.053738,12.702888],[-8.05327,12.701357],[-8.053028,12.700894],[-8.052733,12.700499],[-8.052113,12.699754],[-8.05191,12.699451],[-8.051709,12.699079],[-8.051399,12.698546],[-8.051129,12.698036],[-8.050712,12.697247],[-8.050491,12.69683],[-8.050384,12.696626],[-8.050344,12.696548],[-8.05016,12.696185],[-8.050138,12.696132],[-8.049973,12.695744],[-8.049811,12.695273],[-8.049727,12.695027],[-8.049577,12.694517],[-8.049518,12.694228],[-8.049287,12.693104],[-8.04924,12.692896],[-8.049133,12.692415],[-8.049064,12.691947],[-8.049016,12.691479],[-8.048996,12.690992],[-8.048988,12.690505],[-8.048971,12.689583],[-8.048903,12.689157],[-8.048806,12.688807],[-8.048668,12.688509],[-8.048552,12.688296],[-8.048438,12.688087],[-8.048118,12.687713],[-8.04785,12.687478],[-8.047101,12.686927],[-8.046822,12.686721],[-8.046574,12.686504],[-8.046382,12.686303],[-8.046182,12.686058],[-8.045992,12.685773],[-8.045822,12.685416],[-8.045721,12.685107],[-8.04565,12.684797],[-8.045603,12.684449],[-8.045624,12.684044],[-8.04568,12.683676],[-8.045747,12.683396],[-8.045931,12.682868],[-8.046163,12.682211],[-8.046173,12.682149],[-8.046201,12.681981],[-8.046189,12.681767],[-8.046136,12.681519],[-8.046068,12.681338],[-8.045949,12.681134],[-8.045793,12.680951],[-8.045605,12.680806],[-8.045132,12.680478],[-8.04486,12.680302],[-8.043485,12.679436],[-8.043136,12.679176],[-8.042874,12.678899],[-8.042683,12.678636],[-8.04094,12.67435],[-8.040538,12.673405],[-8.040497,12.67333],[-8.039948,12.671931],[-8.039881,12.671661],[-8.039856,12.671416],[-8.039852,12.671121],[-8.039885,12.670506],[-8.039887,12.670073],[-8.039805,12.669645],[-8.039699,12.669312],[-8.039498,12.668702],[-8.03933,12.668271],[-8.038906,12.667484],[-8.038709,12.667155],[-8.038568,12.666919],[-8.038276,12.666354],[-8.038045,12.665805],[-8.03799,12.665673],[-8.037886,12.66542],[-8.03769,12.665025],[-8.037512,12.664666],[-8.037345,12.664346],[-8.037102,12.663863],[-8.037006,12.663568],[-8.036973,12.663343],[-8.036911,12.662979],[-8.036814,12.662758],[-8.036735,12.662646],[-8.036549,12.66243],[-8.035739,12.661597],[-8.034721,12.660726],[-8.034151,12.660316],[-8.033594,12.659967],[-8.032644,12.659521],[-8.032432,12.659342],[-8.032108,12.658919],[-8.031601,12.658507],[-8.030961,12.658042],[-8.030552,12.657831],[-8.030086,12.657647],[-8.029554,12.657438],[-8.029218,12.657306],[-8.027157,12.656499],[-8.027103,12.656477],[-8.027054,12.656457],[-8.026551,12.65625],[-8.025892,12.655996],[-8.02523,12.65574],[-8.024599,12.655496],[-8.023973,12.655252],[-8.023317,12.654996],[-8.023257,12.654973],[-8.02311,12.654918],[-8.022668,12.65475],[-8.022001,12.654481],[-8.021293,12.654187],[-8.020503,12.653866],[-8.019854,12.653622],[-8.019222,12.653359],[-8.018568,12.653117],[-8.018106,12.652927],[-8.017874,12.652831],[-8.017429,12.652648],[-8.017288,12.65259],[-8.017115,12.652525],[-8.016796,12.652389],[-8.016705,12.652348],[-8.016652,12.652326],[-8.016623,12.652312],[-8.016372,12.652194],[-8.016019,12.652028],[-8.015381,12.651735],[-8.014766,12.65145],[-8.014152,12.651165],[-8.014119,12.65115],[-8.014067,12.651125],[-8.01398,12.651085],[-8.013958,12.651074],[-8.012973,12.650614],[-8.011942,12.650132],[-8.011326,12.649844],[-8.01069,12.649546],[-8.010068,12.649256],[-8.009451,12.648967],[-8.009374,12.648931],[-8.009162,12.648832],[-8.008947,12.648732],[-8.008858,12.648648],[-8.008855,12.648631],[-8.008814,12.648561],[-8.00878,12.648537],[-8.008699,12.648521],[-8.008622,12.648549],[-8.00861,12.648559],[-8.008377,12.648482],[-8.00823,12.648467],[-8.007641,12.648258],[-8.007114,12.648078],[-8.006595,12.647896],[-8.006511,12.64787],[-8.005949,12.647677],[-8.005297,12.647454],[-8.005126,12.647398],[-8.004654,12.647229],[-8.004002,12.647014],[-8.004174,12.646561],[-8.00503,12.64635],[-8.005841,12.646139],[-8.006578,12.645955],[-8.007257,12.645777],[-8.006829,12.645047],[-8.006521,12.644531]],"type":"LineString"}}],"metadata":{"attribution":"openrouteservice.org | OpenStreetMap contributors","service":"routing","timestamp":1773180809951,"query":{"coordinates":[[-16.59689,13.45604],[-8.00648767,12.644549634767]],"profile":"driving-car","profileName":"driving-car","format":"json"},"engine":{"version":"9.5.0","build_date":"2025-10-31T12:33:09Z","graph_date":"2026-02-28T14:36:19Z","osm_date":"2026-02-09T01:00:01Z"}}}
  geojsonuse: 'true'
  id: "1"
- 
  place: Casbah
  country: DZ
  lat: 36.78333
  lon: 3.06667
  transport: bus
  durationdays: 3
  durationhours: ""
  staydays: 7
  stayhours: ""
  comments: ""
  geojsonleg: '{"type":"FeatureCollection","features":[{"type":"Feature","properties":[],"geometry":{"coordinates":[[-8.00648767,12.644549634767],[-6.2767196968400345,13.449341757674581],[-5.7532563983249805,12.971774116214789],[-4.89124696933378,13.297814313528693],[-3.840718219581605,12.739132602205943],[-3.456184172459034,12.443191476578761],[-2.965551652896041,12.207121120192987],[-2.6526496322073942,12.18250097255515],[-2.361106503401002,12.247248740919355],[-2.1027681182524347,12.213638275233226],[-1.8610209626797074,12.191340632215892],[-1.5343895977323956,12.374297430831863],[-1.2501284796680412,12.471828030234457],[-1.0640285873807724,12.370358654057728],[-0.7858402368982234,12.261367222682148],[-0.6216592778312068,12.249798337031958],[-0.4924894590719806,12.194929833249594],[0.008473197725710313,12.15825407799655],[0.1067763250446927,12.109115885820232],[0.24696403017270496,12.115224869069905],[0.3547239961173918,12.066107394775571],[0.45883110101847757,12.056851841750877],[0.5516973818580484,12.018437562637214],[0.6985939473009557,12.04526702385751],[0.7751949018882862,12.052520864963288],[0.819780144779209,12.108336247439981],[0.9268331092902384,12.148553578211256],[0.9866266371236105,12.312891262198331],[1.082456646927221,12.401224325592052],[1.2873299625158299,12.390237803896042],[1.4996193428343723,12.479774568940037],[1.7910178596801773,13.124534646360853],[2.073276546408711,13.528567616797217],[2.4627119681607765,13.59060776596904],[2.5847338300841045,13.500166316113294],[2.750184101534905,13.41178421544187],[3.164057348890986,13.522557638625234],[3.4432090206079615,13.51680286183818],[4.025784293017789,13.643937137058469],[4.263088799211897,13.730823060251756],[4.441728316041788,13.736412909534291],[4.597020331509993,13.812023229969823],[4.85458602604133,13.846916773682374],[4.9293924180501545,13.794479402603155],[5.254666498043482,13.794467374031106],[5.33405158259812,13.905104168784902],[5.373150424580762,14.38077990672988],[5.332691267537031,14.677985543690234],[5.3573986263330795,14.772300197799394],[5.285789003890122,14.866106733988204],[5.459902226132408,14.936260677483483],[5.558962573636759,14.977349154763225],[5.662474547413237,15.110937431968303],[5.816186703902714,15.233052980441528],[5.942515473172682,15.26825360249898],[6.0461598044824445,15.25704822658296],[6.105539514914099,15.406396717908464],[6.285171419775074,15.458211488421824],[6.431972814498261,15.628697575602892],[6.709270699954768,15.809394270999839],[6.8448894286465505,15.850938303965947],[6.966630695511467,15.958257595970196],[7.039450283652583,15.986074235276057],[7.1238270267251576,16.12388882008088],[7.219938214340241,16.443268380879168],[7.385032171690671,16.608845118933978],[7.401662450504639,16.714701260813783],[7.568957506100592,16.77629344790354],[7.778500448782354,16.861593281248417],[7.893779121759678,16.868379692879294],[7.982040304067281,16.96984758323821],[7.906308989186687,17.020632717074086],[7.806627123794337,17.00833009371766],[7.715122995615551,17.069762740442293],[7.759886802513691,17.175453672572417],[7.750560293452624,17.269351704038456],[7.776926123251235,17.31680775593169],[7.745618426449694,17.514932335156807],[7.700849357520267,17.55080577948644],[7.527520462787518,18.13177304373253],[7.5921826655937075,18.205497884479048],[7.554998225684751,18.484230816176193],[7.438611171374271,18.58066335233925],[7.410495327346743,18.687706907320802],[7.430662148193384,18.718793079229638],[7.357907092892212,18.8577536830525],[7.242366069948725,18.868841954980866],[6.591572754186472,19.208753764423125],[6.5134436657991195,19.293523071687694],[6.411332324650694,19.310364115738473],[6.158810893643726,19.434478948388772],[5.983596616906251,19.43380734723071],[5.771083732855063,19.34743045018389],[5.80885921953223,19.426629830414534],[5.773974831888562,19.597217303487902],[5.801088184578154,19.732913575177406],[5.774597924020819,19.93601763564606],[5.834684641395044,20.023246734865154],[5.785368138657276,20.319508454332656],[5.719049035406782,20.381717717061235],[5.772008017863466,20.49163990742501],[5.772985107250282,20.901517663272628],[5.629682104487618,21.186243500233097],[5.577118156574677,21.53134705767536],[5.585009784034425,21.734196054019513],[5.6413198866403285,21.907505667675565],[5.6490785083934645,21.99235360940294],[5.6081377038178,22.09545750004957],[5.510112547826755,22.31081724735933],[5.475624234024032,22.602275110077215],[5.538521371047166,22.748084757723426],[5.394977262011958,22.82563706143094],[5.25143315297675,22.903189365138452],[5.224292819286033,22.980675144432777],[5.10666117595248,23.42041993681002],[5.096197942402269,23.582592076309176],[5.1454483406756,23.62330262281204],[5.120720845062936,23.76923348746549],[5.078627713110697,24.0358613865386],[4.929390306434846,24.402301188168153],[4.896882747903106,24.508598424201686],[4.78708280573229,24.55731052985081],[4.6712308983349775,24.71396511907137],[4.3199014491246395,25.007987889966962],[4.02483709442785,25.08526703607638],[3.741004959250818,25.286109773673935],[3.6326253934377126,25.207378181960085],[3.3035972032430294,25.5202806684332],[3.1870090629562373,25.809320715479995],[3.129202984508515,26.349952891472427],[2.507801403291337,27.185691127923484],[2.6503911589039006,27.841578215635554],[2.6543867496909432,27.987020712995914],[2.6092081342290365,28.057925715263664],[2.5397755403385407,28.509915800173886],[2.51553359813777,28.911445955070157],[2.631752853093211,29.37488587159385],[2.8164200195219644,29.51477914991264],[2.846422067961891,29.770901547608815],[2.976715543199756,30.15487391590403],[2.8889206463625765,30.550979661371677],[3.1952129841650665,30.738241053395633],[3.351850689777464,30.910888315558907],[3.5321633665650225,31.313879912329323],[3.6047253363826606,31.489098743463366],[3.700793991328931,31.67880438026377],[3.726547310008175,31.83683737556558],[3.7851509860838064,31.897956671493027],[3.7523006286874194,31.99487037086739],[3.7710140673556,32.185698688495435],[3.815559784020979,32.29007124270389],[3.7897275060237803,32.37652700612349],[3.7123595806213547,32.41897999227157],[3.6612408038052475,32.52267071648381],[3.7274183063722806,32.652597312409554],[3.734036179793533,32.81750918031926],[3.7005754337046914,32.951576838298635],[3.561403510560559,33.02866304193337],[3.391836046340196,33.12242407546286],[3.1922620499647785,33.26703725480793],[3.062058840849391,33.37921241620528],[3.034233100622628,33.463344728633444],[2.9661267230567248,33.529887125992545],[2.9646682038916574,33.56126336501879],[2.920964086216272,33.6532813761701],[2.908717524355403,33.730816087593865],[2.8591514311446335,33.79232706148183],[2.883409544821043,33.838964227032186],[2.8543720073223042,33.86736521122131],[2.909161413387954,33.93201589295968],[2.934125952174556,34.03533784439939],[3.06549819902221,34.18732684952745],[3.2312137935384535,34.475777517709915],[3.243729697757554,34.59485375425064],[3.2687118485676585,34.673682337121676],[3.1703097440680326,34.769580308741425],[3.0640560233816085,34.893817732272474],[3.048671220535354,35.03721707684673],[2.9992423522409015,35.090311884402084],[3.041407541147687,35.168317623615174],[2.9378970611921407,35.386167036649425],[2.9780668606091822,35.41618144478112],[2.94873585286965,35.514869310328926],[2.9056820591796084,35.57749302211707],[2.8821984207177396,35.65788459490435],[2.7615069363763185,35.680927450799075],[2.7741605103083464,35.831594463148235],[2.7304659747326507,35.87579951864831],[2.787342146424321,35.94413727339037],[2.9010752662969423,35.994550889291446],[2.9216516552069463,36.11857185906282],[2.8719118487783044,36.23293308482674],[2.778647226528098,36.26712795037275],[2.7372981932171863,36.4607831656719],[2.795136057671292,36.51596239539202],[2.863357715235596,36.52604444498125],[2.9477596994981283,36.63206438536831],[3.0166748475745946,36.64982777581602],[3.071602117140195,36.68019246536721],[3.042410151612404,36.70905911314888],[3.06667,36.78333]],"type":"LineString"}}]}'
  geojsonuse: 'true'
  id: "2"
- 
  place: Tripoli
  country: LY
  lat: 32.90222
  lon: 13.18583
  transport: truck
  durationdays: ""
  durationhours: 13
  staydays: ""
  stayhours: 2
  comments: >
    «We stopped to avoid being captured,
    but when we arrived in Tripoli after two
    hours, they caught us and took us to a
    detention camp.»
  geojsonleg: '{"type":"FeatureCollection","features":[{"type":"Feature","properties":[],"geometry":{"coordinates":[[3.037508748502489,36.78173287737387],[3.3355897262853205,36.662651145136635],[3.380846023148706,36.63268716264028],[3.39471965389248,36.5729574538034],[3.4651957842642105,36.585457230007506],[3.5238718361561325,36.59168589914462],[3.5766305844316264,36.56657030627726],[3.586389024418537,36.550889302141115],[3.6157033706285233,36.55713889475817],[3.6859909269777233,36.530452831387734],[3.7191674821382605,36.49437188352957],[3.7932778514521033,36.441023749806064],[3.8225294316932263,36.370387323088835],[3.890736973820623,36.36570377891246],[3.9298303252637083,36.33581298591656],[3.9978638165209475,36.31755098109866],[4.067044574828344,36.310838035253454],[4.128064417469858,36.32201015536367],[4.236226903217386,36.27958574399557],[4.277880246665319,36.243868218802405],[4.352562889357927,36.232625053152134],[4.388645557413895,36.194647207625735],[4.4525786479548515,36.19487504205894],[4.544057647698878,36.15289415328412],[4.579980638663244,36.09501761535488],[4.643503199696994,36.07249148528567],[4.759593855618675,36.09471678193147],[4.798253375200346,36.09476843783334],[4.872899897719321,36.05005078019053],[5.000150645597813,36.08123340186549],[5.174375938653384,36.09907612742826],[5.2351162146224794,36.11921574525073],[5.286495082489665,36.16880296926617],[5.380769072225291,36.1561126673962],[5.450721300596854,36.15149853453296],[5.479346953695426,36.169956553148424],[5.515090754348705,36.17342132877877],[5.578221442947637,36.15103268452897],[5.689653664502828,36.15565093851717],[5.725388703101515,36.148725956619614],[5.7668374662941915,36.15334022251234],[5.838308169529483,36.12794772164945],[5.990052696718294,36.123306959682566],[6.065958461883497,36.12908138649405],[6.088879010733564,36.14179520555855],[6.12165194648432,36.14642825686336],[6.161578375461346,36.18113069746684],[6.226013591851938,36.17304089773505],[6.287725102139262,36.19727954424317],[6.3047077719103015,36.23434013757904],[6.323236406131997,36.242487014707066],[6.369073990291781,36.23904306629781],[6.420748875978774,36.256319799914095],[6.501005647228681,36.279415157509504],[6.516411577833253,36.281594288698],[6.537880695632452,36.2989256202431],[6.562185514004625,36.29200565214869],[6.583571808034492,36.298963191814224],[6.643706730808759,36.296677904042255],[6.67814345942557,36.30477087174478],[6.702588542872093,36.29087645966291],[6.715515571106181,36.25040449507388],[6.811659726980707,36.21111996855133],[6.833145607062363,36.20189474264872],[6.871771976917614,36.20423142247631],[6.941896353953894,36.229607207644094],[7.014690734957725,36.18002629771347],[7.059677393951432,36.17715874375803],[7.138367493472117,36.15939000148077],[7.169964564762793,36.06792717350999],[7.343831321444377,35.95492751012554],[7.393963960806058,35.80882876831132],[7.566805348023044,35.7861491072175],[7.66581107776798,35.64481507229323],[7.9579225941077825,35.472792566491094],[8.042170213151328,35.42750532744424],[8.057673991430185,35.44129048170093],[8.099262253911029,35.45059927726884],[8.166070936686646,35.44108641784352],[8.17565011129616,35.41897749704249],[8.18095103968032,35.39236712989161],[8.236900631012729,35.368776251886366],[8.26254072616345,35.344439815890965],[8.339840184069743,35.21969521659747],[8.46555309964026,35.130797243297],[8.559431774508326,35.07492150533591],[8.592612762762336,34.977142672785824],[8.547025253328652,34.93478188203707],[8.514280238933791,34.803518277032914],[8.513444676096256,34.723428202608744],[8.565334964420764,34.67063146159375],[8.580408329318061,34.60979559838506],[8.666338806628346,34.535694789375846],[8.753852549652578,34.47335357472491],[8.799354489606614,34.39398351184463],[8.882555679326394,34.344663749321185],[8.943998905589776,34.34380973132451],[8.97851866108432,34.32255206435433],[9.015132958821034,34.278268906337786],[9.155797063845544,34.23690000714844],[9.384029012426026,34.27120336571902],[9.458967084906213,34.283737023267264],[9.527466727906049,34.2691336483032],[9.695960886377842,34.17333342276112],[9.793842263252753,34.138306539229696],[9.874103707105903,34.06629076187485],[9.98808845688512,33.89463594276025],[10.069302886136713,33.78894796920822],[10.14795465791008,33.72184491459387],[10.180406419882734,33.61930277701875],[10.33840847877179,33.54791463007861],[10.469265328902573,33.4344371791459],[10.55886909605423,33.37485728095681],[10.59668191445909,33.3009736771191],[10.870669386982483,33.18285603676785],[11.045674428473312,33.14127337764383],[11.098595323485545,33.09735062791635],[11.208067720749607,33.066718697916684],[11.293963930676455,33.065906762895764],[11.385345630791742,33.137941549135306],[11.558998636716794,33.15068302262119],[11.621620053192773,33.10202488648095],[11.739406656460812,33.06903281384127],[11.857052374622342,32.956868220252574],[12.075007973674492,32.92913013271101],[12.237483949091109,32.84348275825722],[12.30493574966047,32.794810290823165],[12.466662748331684,32.793721097202926],[12.557935662684173,32.75536483897264],[12.714263712265932,32.747813696169295],[12.809691476364321,32.784758758301265],[12.940429975695125,32.803236944026025],[13.08535735153307,32.85027076197313],[13.179739108592912,32.892080300832205]],"type":"LineString"}}]}'
  geojsonuse: 'true'
  id: "3"
- 
  place: 'Sabratha - detention camp'
  country: LY
  lat: 32.78333
  lon: 12.533
  transport: walk
  durationdays: 2
  durationhours: ""
  staydays: 7
  stayhours: ""
  comments: >
    «After four or five days, an Arab man
    arrived who was having problems with his
    car. He gathered ten people, including
    me, to help him. I repaired his car and
    he asked me where I wanted to go. I
    replied, ‘To Italy.’ Two days later,
    he came to the camp and asked about the
    Senegalese man who wanted to go to
    Italy, and he took me to the seaside.»
  geojsonleg: '{"type":"FeatureCollection","features":[{"type":"Feature","properties":[],"geometry":{"coordinates":[[13.180196852709361,32.894745778377924],[13.134357102050668,32.86786982053624],[13.096010706782465,32.86171542218281],[13.074938024184036,32.84368701281606],[13.05014951039806,32.84218283570917],[13.021252935281492,32.83103892416656],[12.998913248516931,32.82855015163907],[12.947676986635805,32.814917467568975],[12.911680336961766,32.79866792398383],[12.831381494337489,32.791913735296085],[12.814988674815456,32.78549633002923],[12.811203951188663,32.789184728678954],[12.794091422880845,32.786287011661344],[12.748644004472276,32.77420162183963],[12.728854988564018,32.768911244296746],[12.706141616862794,32.763057689308646],[12.697185678187461,32.75449881071465],[12.651169729212057,32.75232891289002],[12.619065530719876,32.76294740827611],[12.579197811889317,32.75545988715939],[12.550972444396123,32.77471870117361],[12.533,32.78333]],"type":"LineString"}}]}'
  geojsonuse: 'true'
  id: "4"
- 
  place: 'Port near Sabratha	'
  country: LY
  lat: 32.81454
  lon: 12.44649
  transport: walk
  durationdays: ""
  durationhours: 1
  staydays: ""
  stayhours: ""
  comments: >
    «I left on Friday, it was July. There
    were about 120 of us on the boat.»
  geojsonleg: '{"type":"FeatureCollection","bbox":[12.445255,32.776658,12.533652,32.814444],"features":[{"bbox":[12.445255,32.776658,12.533652,32.814444],"type":"Feature","properties":{"segments":[{"distance":11529.9,"duration":767.8,"steps":[{"distance":87.3,"duration":21,"type":11,"instruction":"Head west","name":"-","way_points":[0,6]},{"distance":214.1,"duration":25.7,"type":0,"instruction":"Turn left","name":"-","way_points":[6,10]},{"distance":603.8,"duration":72.6,"type":12,"instruction":"Keep left","name":"-","way_points":[10,26]},{"distance":42.4,"duration":6.1,"type":12,"instruction":"Keep left","name":"-","way_points":[26,28]},{"distance":4132,"duration":175,"type":3,"instruction":"Turn sharp right onto \u0627\u0644\u0637\u0631\u064a\u0642 \u0627\u0644\u0633\u0627\u062d\u0644\u064a, A 1 \u0637\u0633","name":"\u0627\u0644\u0637\u0631\u064a\u0642 \u0627\u0644\u0633\u0627\u062d\u0644\u064a, A 1 \u0637\u0633","way_points":[28,75]},{"distance":1345.5,"duration":57,"type":7,"instruction":"Enter the roundabout and take the 2nd exit onto \u0627\u0644\u0637\u0631\u064a\u0642 \u0627\u0644\u0633\u0627\u062d\u0644\u064a, A 1 \u0637\u0633","name":"\u0627\u0644\u0637\u0631\u064a\u0642 \u0627\u0644\u0633\u0627\u062d\u0644\u064a, A 1 \u0637\u0633","exit_number":2,"way_points":[75,115]},{"distance":240.6,"duration":14.4,"type":3,"instruction":"Turn sharp right","name":"-","way_points":[115,120]},{"distance":4591.5,"duration":330.6,"type":0,"instruction":"Turn left","name":"-","way_points":[120,184]},{"distance":133.3,"duration":32,"type":1,"instruction":"Turn right","name":"-","way_points":[184,185]},{"distance":139.6,"duration":33.5,"type":1,"instruction":"Turn right","name":"-","way_points":[185,192]},{"distance":0,"duration":0,"type":10,"instruction":"Arrive at your destination, on the left","name":"-","way_points":[192,192]}]}],"way_points":[0,192],"summary":{"distance":11529.9,"duration":767.8}},"geometry":{"coordinates":[[12.532994,32.78357],[12.532773,32.783566],[12.532666,32.78354],[12.532555,32.783481],[12.532419,32.783433],[12.532272,32.783412],[12.532099,32.783411],[12.532095,32.78288],[12.532097,32.782531],[12.5321,32.781592],[12.532113,32.781486],[12.532174,32.781354],[12.532282,32.781244],[12.532413,32.781172],[12.532563,32.781135],[12.533009,32.781129],[12.533411,32.781126],[12.533464,32.78111],[12.533552,32.781051],[12.533599,32.780965],[12.533623,32.780609],[12.533642,32.780056],[12.533652,32.779483],[12.533649,32.778559],[12.53357,32.777134],[12.533571,32.777093],[12.533554,32.777036],[12.533511,32.776832],[12.533517,32.776658],[12.532934,32.77686],[12.530953,32.777529],[12.52986,32.777915],[12.52945,32.77805],[12.528133,32.778489],[12.526905,32.778906],[12.525519,32.779385],[12.5249,32.779645],[12.523716,32.780109],[12.5223,32.780708],[12.520772,32.781399],[12.520008,32.781778],[12.517657,32.783064],[12.516471,32.783725],[12.515956,32.784001],[12.514865,32.784628],[12.513782,32.785205],[12.513038,32.785543],[12.512524,32.785754],[12.511045,32.786311],[12.510825,32.786394],[12.509663,32.786831],[12.509295,32.786972],[12.508688,32.787192],[12.507369,32.787704],[12.506508,32.788036],[12.505861,32.788281],[12.504955,32.788638],[12.503325,32.789246],[12.502731,32.789463],[12.502307,32.789581],[12.502125,32.789625],[12.5018,32.789686],[12.501127,32.789756],[12.500292,32.789717],[12.500216,32.789709],[12.49983,32.789625],[12.499272,32.789555],[12.498719,32.789464],[12.497488,32.789229],[12.497216,32.789196],[12.49712,32.789182],[12.495459,32.78892],[12.494724,32.788804],[12.493816,32.788661],[12.493349,32.78859],[12.493143,32.788594],[12.493112,32.788618],[12.493034,32.788646],[12.492986,32.788647],[12.492897,32.788619],[12.492864,32.788594],[12.492765,32.788531],[12.492645,32.788485],[12.492084,32.788394],[12.49197,32.788358],[12.491869,32.788305],[12.490852,32.788135],[12.490608,32.788123],[12.490364,32.788138],[12.490008,32.788212],[12.489784,32.788294],[12.489575,32.7884],[12.489167,32.788649],[12.48912,32.788687],[12.487962,32.789513],[12.487712,32.789694],[12.487614,32.789765],[12.487469,32.789874],[12.487277,32.790008],[12.486699,32.790427],[12.486245,32.790756],[12.485979,32.79095],[12.485664,32.791174],[12.485052,32.791611],[12.48503,32.791626],[12.484244,32.792186],[12.484154,32.79225],[12.48345,32.79276],[12.483292,32.792874],[12.482532,32.793424],[12.482272,32.793613],[12.482188,32.793702],[12.481894,32.793919],[12.481596,32.794116],[12.481512,32.794151],[12.481464,32.794147],[12.481998,32.794798],[12.482203,32.794947],[12.482763,32.795289],[12.483242,32.795576],[12.483305,32.79562],[12.483276,32.795698],[12.482824,32.796735],[12.48271,32.797013],[12.482609,32.797247],[12.482337,32.797893],[12.482054,32.798571],[12.481547,32.799703],[12.480291,32.802571],[12.47973,32.803841],[12.479517,32.804277],[12.479302,32.804637],[12.479086,32.804958],[12.478784,32.805335],[12.478174,32.805987],[12.477699,32.806394],[12.477344,32.806654],[12.477114,32.806803],[12.476656,32.807083],[12.476381,32.807235],[12.475983,32.807429],[12.471621,32.809342],[12.471576,32.809363],[12.471133,32.809578],[12.470529,32.809903],[12.470028,32.810156],[12.467907,32.811326],[12.467301,32.811616],[12.466895,32.811758],[12.466621,32.811828],[12.466351,32.811873],[12.466033,32.811904],[12.465724,32.811907],[12.465446,32.811891],[12.465149,32.811847],[12.464834,32.81178],[12.464391,32.811627],[12.464129,32.811507],[12.463843,32.811346],[12.463476,32.811097],[12.463241,32.810938],[12.462786,32.810629],[12.462503,32.81047],[12.461753,32.81017],[12.461007,32.810108],[12.460615,32.8101],[12.460353,32.810119],[12.45973,32.810301],[12.458874,32.810586],[12.457215,32.811129],[12.45653,32.811346],[12.455485,32.811718],[12.453693,32.812293],[12.453413,32.812371],[12.453114,32.812436],[12.452559,32.812489],[12.451852,32.812514],[12.451231,32.812529],[12.450088,32.81256],[12.449862,32.812568],[12.449259,32.812586],[12.448293,32.812605],[12.447408,32.812627],[12.446979,32.81264],[12.445568,32.812675],[12.445255,32.813845],[12.445423,32.813884],[12.445483,32.813916],[12.445604,32.814006],[12.445666,32.814074],[12.445989,32.8142],[12.446108,32.814292],[12.446538,32.814444]],"type":"LineString"}}],"metadata":{"attribution":"openrouteservice.org | OpenStreetMap contributors","service":"routing","timestamp":1772226844751,"query":{"coordinates":[[12.533,32.78333],[12.44649,32.81454]],"profile":"driving-car","profileName":"driving-car","format":"json"},"engine":{"version":"9.5.0","build_date":"2025-10-31T12:33:09Z","graph_date":"2026-02-22T11:23:10Z","osm_date":"2026-02-09T01:00:01Z"}}}'
  geojsonuse: 'true'
  id: "5"
- 
  place: Palermo
  country: IT
  lat: 38.11566
  lon: 13.36126
  transport: boat
  durationdays: ""
  durationhours: ""
  staydays: ""
  stayhours: ""
  comments: "«I don't remember how long the journey lasted, I was too tired because I was helping a pregnant woman. There was so much despair, everyone was pushing everyone else. In international waters, the boat broke down and stopped. A helicopter spotted us and then an Italian ship came to rescue us. They took us to Palermo.»"
  geojsonleg: '{"type":"FeatureCollection","features":[{"type":"Feature","properties":[],"geometry":{"coordinates":[[12.44649,32.81454],[12.584403968167692,35.7812030449039],[12.06544851472028,37.29748056378602],[12.247127069004865,38.12696986363706],[12.832380278962077,38.341071126647606],[13.36126,38.11566]],"type":"LineString"}}]}'
  geojsonuse: 'true'
  id: "6"
- 
  place: 'Rome	'
  country: IT
  lat: 41.89306
  lon: 12.48278
  transport: bus
  durationdays: ""
  durationhours: 12
  staydays: ""
  stayhours: ""
  comments: '"We left immediately: 50 of us were transferred to Rome to the Red Cross reception centre in Via Ramazzini."'
  geojsonleg: |
    {"type":"FeatureCollection","bbox":[12.480281,37.96337,16.312817,41.929524],"features":[{"bbox":[12.480281,37.96337,16.312817,41.929524],"type":"Feature","properties":{"segments":[{"distance":921509.8,"duration":39948.7,"steps":[{"distance":92.3,"duration":22.2,"type":11,"instruction":"Head southwest on Via della Universit\u00e0","name":"Via della Universit\u00e0","way_points":[0,3]},{"distance":125.9,"duration":34,"type":0,"instruction":"Turn left onto Vicolo Inguaggiato","name":"Vicolo Inguaggiato","way_points":[3,9]},{"distance":26.1,"duration":6.3,"type":1,"instruction":"Turn right onto Piazza del Ponticello","name":"Piazza del Ponticello","way_points":[9,12]},{"distance":38.5,"duration":9.2,"type":4,"instruction":"Turn slight left onto Piazza Santi Quaranta Martiri al Casalotto","name":"Piazza Santi Quaranta Martiri al Casalotto","way_points":[12,13]},{"distance":171.5,"duration":41.2,"type":0,"instruction":"Turn left onto Via Santi Quaranta Martiri al Casalotto","name":"Via Santi Quaranta Martiri al Casalotto","way_points":[13,19]},{"distance":27.5,"duration":6.6,"type":1,"instruction":"Turn right onto Vicolo Corpora","name":"Vicolo Corpora","way_points":[19,20]},{"distance":44.6,"duration":10.7,"type":0,"instruction":"Turn left onto Via Bologna","name":"Via Bologna","way_points":[20,22]},{"distance":300.9,"duration":29.4,"type":1,"instruction":"Turn right onto Via Roma","name":"Via Roma","way_points":[22,30]},{"distance":71.7,"duration":17.2,"type":0,"instruction":"Turn left onto Via Trento","name":"Via Trento","way_points":[30,31]},{"distance":58.4,"duration":14,"type":1,"instruction":"Turn right onto Via Alessandro Manzoni","name":"Via Alessandro Manzoni","way_points":[31,32]},{"distance":28.3,"duration":3.8,"type":1,"instruction":"Turn right onto Via Abramo Lincoln","name":"Via Abramo Lincoln","way_points":[32,34]},{"distance":122.5,"duration":12.6,"type":0,"instruction":"Turn left","name":"-","way_points":[34,36]},{"distance":123.5,"duration":15.3,"type":0,"instruction":"Turn left","name":"-","way_points":[36,39]},{"distance":1144.2,"duration":127.4,"type":13,"instruction":"Keep right onto Corso dei Mille","name":"Corso dei Mille","way_points":[39,66]},{"distance":36.2,"duration":8.7,"type":13,"instruction":"Keep right onto Via Brancaccio","name":"Via Brancaccio","way_points":[66,69]},{"distance":1189.9,"duration":107.2,"type":5,"instruction":"Turn slight right onto Corso dei Mille","name":"Corso dei Mille","way_points":[69,89]},{"distance":86.8,"duration":12.5,"type":1,"instruction":"Turn right onto Via Salemi","name":"Via Salemi","way_points":[89,90]},{"distance":144.7,"duration":13,"type":0,"instruction":"Turn left onto Via Giuseppe Cirincione","name":"Via Giuseppe Cirincione","way_points":[90,91]},{"distance":151.9,"duration":13.7,"type":0,"instruction":"Turn left onto Via Emiro Giafar","name":"Via Emiro Giafar","way_points":[91,92]},{"distance":4317.4,"duration":330.8,"type":1,"instruction":"Turn right onto Corso dei Mille","name":"Corso dei Mille","way_points":[92,169]},{"distance":84,"duration":12.1,"type":1,"instruction":"Turn right","name":"-","way_points":[169,172]},{"distance":144.8,"duration":31.7,"type":7,"instruction":"Enter the roundabout and take the 2nd exit","name":"-","exit_number":2,"way_points":[172,182]},{"distance":222,"duration":36.3,"type":12,"instruction":"Keep left","name":"-","way_points":[182,186]},{"distance":37923.9,"duration":1549.6,"type":12,"instruction":"Keep left","name":"-","way_points":[186,453]},{"distance":2320,"duration":117.8,"type":12,"instruction":"Keep left","name":"-","way_points":[453,474]},{"distance":168547.7,"duration":6106.4,"type":12,"instruction":"Keep left","name":"-","way_points":[474,1972]},{"distance":1475.2,"duration":141.6,"type":13,"instruction":"Keep right","name":"-","way_points":[1972,2013]},{"distance":104.9,"duration":12.6,"type":13,"instruction":"Keep right","name":"-","way_points":[2013,2018]},{"distance":314.6,"duration":30,"type":5,"instruction":"Turn slight right onto Viale Giostra","name":"Viale Giostra","way_points":[2018,2025]},{"distance":634.9,"duration":49.4,"type":7,"instruction":"Enter the roundabout and take the 2nd exit onto Viale Giostra","name":"Viale Giostra","exit_number":2,"way_points":[2025,2037]},{"distance":988.9,"duration":99.5,"type":7,"instruction":"Enter the roundabout and take the 3rd exit","name":"-","exit_number":3,"way_points":[2037,2056]},{"distance":1261.7,"duration":98.9,"type":7,"instruction":"Enter the roundabout and take the 2nd exit onto Viale Giostra","name":"Viale Giostra","exit_number":2,"way_points":[2056,2077]},{"distance":555.9,"duration":100.1,"type":6,"instruction":"Continue straight","name":"-","way_points":[2077,2099]},{"distance":90.7,"duration":21.8,"type":12,"instruction":"Keep left","name":"-","way_points":[2099,2103]},{"distance":167.5,"duration":31.7,"type":13,"instruction":"Keep right","name":"-","way_points":[2103,2109]},{"distance":6549.3,"duration":4710.7,"type":5,"instruction":"Turn slight right onto Messina - Villa San Giovanni","name":"Messina - Villa San Giovanni","way_points":[2109,2121]},{"distance":181.3,"duration":32.6,"type":1,"instruction":"Turn right","name":"-","way_points":[2121,2128]},{"distance":334.8,"duration":43.5,"type":5,"instruction":"Turn slight right onto Via dei Marinai d'Italia","name":"Via dei Marinai d'Italia","way_points":[2128,2134]},{"distance":191.3,"duration":33.5,"type":1,"instruction":"Turn right","name":"-","way_points":[2134,2142]},{"distance":1572,"duration":78.1,"type":1,"instruction":"Turn right onto Via Guglielmo Marconi","name":"Via Guglielmo Marconi","way_points":[2142,2182]},{"distance":423232.5,"duration":15707.7,"type":12,"instruction":"Keep left","name":"-","way_points":[2182,5861]},{"distance":63945.4,"duration":2379,"type":13,"instruction":"Keep right onto Autostrada del Mediterraneo, A2","name":"Autostrada del Mediterraneo, A2","way_points":[5861,6299]},{"distance":176228.9,"duration":5721,"type":13,"instruction":"Keep right","name":"-","way_points":[6299,6817]},{"distance":679.6,"duration":69.9,"type":13,"instruction":"Keep right","name":"-","way_points":[6817,6820]},{"distance":19044.7,"duration":1056.9,"type":12,"instruction":"Keep left","name":"-","way_points":[6820,6999]},{"distance":844.6,"duration":88,"type":12,"instruction":"Keep left","name":"-","way_points":[6999,7020]},{"distance":233.5,"duration":30.8,"type":13,"instruction":"Keep right","name":"-","way_points":[7020,7024]},{"distance":98.1,"duration":14.7,"type":13,"instruction":"Keep right onto Viale dello Scalo San Lorenzo","name":"Viale dello Scalo San Lorenzo","way_points":[7024,7029]},{"distance":173.7,"duration":17.9,"type":12,"instruction":"Keep left onto Largo Settimio Passamonti","name":"Largo Settimio Passamonti","way_points":[7029,7037]},{"distance":681.6,"duration":87,"type":13,"instruction":"Keep right","name":"-","way_points":[7037,7055]},{"distance":123.9,"duration":21.8,"type":12,"instruction":"Keep left onto Piazza di Porta Maggiore","name":"Piazza di Porta Maggiore","way_points":[7055,7061]},{"distance":626.8,"duration":75.9,"type":13,"instruction":"Keep right","name":"-","way_points":[7061,7072]},{"distance":102,"duration":9.2,"type":0,"instruction":"Turn left onto Via Emanuele Filiberto","name":"Via Emanuele Filiberto","way_points":[7072,7073]},{"distance":212.4,"duration":29.3,"type":1,"instruction":"Turn right onto Via Domenico Fontana","name":"Via Domenico Fontana","way_points":[7073,7079]},{"distance":170.2,"duration":33.8,"type":6,"instruction":"Continue straight onto Piazza di San Giovanni in Laterano","name":"Piazza di San Giovanni in Laterano","way_points":[7079,7086]},{"distance":659.1,"duration":80.4,"type":5,"instruction":"Turn slight right onto Via dell'Amba Aradam","name":"Via dell'Amba Aradam","way_points":[7086,7099]},{"distance":35.8,"duration":8.6,"type":13,"instruction":"Keep right","name":"-","way_points":[7099,7101]},{"distance":24.2,"duration":3.5,"type":0,"instruction":"Turn left onto Piazza di Porta Metronia","name":"Piazza di Porta Metronia","way_points":[7101,7102]},{"distance":252.8,"duration":24.8,"type":5,"instruction":"Turn slight right onto Via Druso","name":"Via Druso","way_points":[7102,7106]},{"distance":644.4,"duration":67.5,"type":1,"instruction":"Turn right onto Viale delle Terme di Caracalla","name":"Viale delle Terme di Caracalla","way_points":[7106,7118]},{"distance":172,"duration":22,"type":5,"instruction":"Turn slight right onto Piazza di Porta Capena","name":"Piazza di Porta Capena","way_points":[7118,7127]},{"distance":820.5,"duration":124,"type":6,"instruction":"Continue straight onto Via dei Cerchi","name":"Via dei Cerchi","way_points":[7127,7138]},{"distance":188.7,"duration":40.2,"type":5,"instruction":"Turn slight right onto Via Luigi Petroselli","name":"Via Luigi Petroselli","way_points":[7138,7142]},{"distance":346.1,"duration":61.2,"type":5,"instruction":"Turn slight right onto Via del Teatro di Marcello","name":"Via del Teatro di Marcello","way_points":[7142,7155]},{"distance":0,"duration":0,"type":10,"instruction":"Arrive at Via del Teatro di Marcello, on the right","name":"-","way_points":[7155,7155]}]}],"extras":{"roadaccessrestrictions":{"values":[[0,2099,0],[2099,2101,4],[2101,7155,0]],"summary":[{"value":0,"distance":921462,"amount":99.99},{"value":4,"distance":47.8,"amount":0.01}]}},"warnings":[{"code":1,"message":"There may be restrictions on some roads"}],"way_points":[0,7155],"summary":{"distance":921509.8,"duration":39948.7}},"geometry":{"coordinates":[[13.361694,38.114414],[13.3611,38.114215],[13.360914,38.11411],[13.360797,38.114005],[13.360822,38.113988],[13.360865,38.113958],[13.361376,38.113609],[13.361461,38.11358],[13.361703,38.113645],[13.36202,38.11369],[13.362055,38.113616],[13.362147,38.113509],[13.362167,38.113487],[13.362514,38.113275],[13.362534,38.113299],[13.36296,38.113367],[13.363444,38.113461],[13.36375,38.11352],[13.364087,38.113586],[13.364406,38.113648],[13.364612,38.113461],[13.364861,38.113684],[13.364984,38.113724],[13.365102,38.113488],[13.365262,38.113173],[13.36537,38.112954],[13.365578,38.112526],[13.365709,38.112263],[13.365809,38.112068],[13.366069,38.111553],[13.366243,38.111206],[13.366987,38.111475],[13.367339,38.111028],[13.367181,38.110954],[13.367062,38.110897],[13.367398,38.110454],[13.367779,38.109951],[13.367879,38.109997],[13.368252,38.110171],[13.368995,38.110514],[13.36907,38.110512],[13.369094,38.110498],[13.369408,38.110137],[13.369951,38.109465],[13.370516,38.108818],[13.371126,38.108169],[13.371242,38.108068],[13.372063,38.107424],[13.372465,38.10716],[13.373291,38.106696],[13.373566,38.106545],[13.374252,38.106109],[13.37457,38.105914],[13.374627,38.105858],[13.374626,38.105759],[13.373999,38.105122],[13.373975,38.105076],[13.373985,38.105033],[13.374436,38.104719],[13.374539,38.104651],[13.374646,38.104625],[13.375486,38.104584],[13.375958,38.104517],[13.376167,38.104458],[13.376569,38.104257],[13.377029,38.104026],[13.377126,38.103977],[13.377228,38.103925],[13.377375,38.103864],[13.377487,38.103818],[13.377583,38.10375],[13.377919,38.103569],[13.378603,38.103201],[13.381064,38.101869],[13.381673,38.101565],[13.382186,38.101309],[13.382613,38.101088],[13.382928,38.100923],[13.383227,38.100758],[13.383691,38.100529],[13.384509,38.100146],[13.384887,38.100018],[13.385135,38.099964],[13.385991,38.099753],[13.387353,38.099484],[13.387545,38.099449],[13.388756,38.099197],[13.389109,38.099136],[13.389265,38.099114],[13.389489,38.099123],[13.38935,38.09835],[13.390768,38.09768],[13.391732,38.098817],[13.392983,38.098332],[13.39354,38.098096],[13.394359,38.097706],[13.394783,38.097436],[13.395271,38.097166],[13.395749,38.09698],[13.396508,38.096738],[13.397653,38.096471],[13.399002,38.096225],[13.399531,38.096097],[13.399819,38.096009],[13.400979,38.095692],[13.401616,38.095488],[13.402917,38.095],[13.403254,38.094819],[13.404189,38.094315],[13.405026,38.093907],[13.405846,38.093644],[13.406281,38.093529],[13.409209,38.092722],[13.409808,38.09254],[13.409956,38.092485],[13.411594,38.091928],[13.413062,38.091309],[13.413472,38.091156],[13.415402,38.09061],[13.416087,38.090417],[13.416469,38.090326],[13.417124,38.090246],[13.417743,38.090061],[13.418028,38.089903],[13.41837,38.089637],[13.418499,38.089517],[13.419223,38.088947],[13.419618,38.088697],[13.420052,38.088457],[13.42165,38.087591],[13.421909,38.087418],[13.422039,38.087298],[13.422397,38.086851],[13.422485,38.086786],[13.4226,38.086741],[13.423466,38.086736],[13.423639,38.086719],[13.423755,38.086675],[13.423868,38.086596],[13.423966,38.086481],[13.424009,38.086399],[13.424047,38.086296],[13.424354,38.085418],[13.42464,38.085059],[13.424819,38.084803],[13.42488,38.084716],[13.425491,38.084163],[13.425681,38.084003],[13.425836,38.083913],[13.426011,38.08385],[13.426586,38.083693],[13.426959,38.083479],[13.427214,38.083409],[13.427459,38.083383],[13.428245,38.083348],[13.428953,38.083323],[13.429236,38.083251],[13.429668,38.083132],[13.430161,38.082965],[13.430255,38.08293],[13.430434,38.082867],[13.430534,38.082831],[13.430963,38.08268],[13.431562,38.082513],[13.432006,38.082407],[13.433084,38.082196],[13.433234,38.082168],[13.433616,38.082099],[13.434191,38.081993],[13.434437,38.082005],[13.434502,38.081958],[13.43484,38.081713],[13.435086,38.081452],[13.435111,38.081414],[13.435209,38.081348],[13.43533,38.08133],[13.435417,38.081346],[13.435528,38.081423],[13.435539,38.081444],[13.435689,38.081571],[13.435827,38.081641],[13.436132,38.081729],[13.436491,38.081809],[13.437497,38.08202],[13.438334,38.082222],[13.438643,38.082293],[13.438929,38.082357],[13.439806,38.082573],[13.440507,38.082727],[13.440952,38.082796],[13.441551,38.082839],[13.4453,38.083146],[13.449311,38.083377],[13.449853,38.083387],[13.450468,38.083347],[13.451068,38.0833],[13.460015,38.082241],[13.470389,38.081631],[13.471111,38.081571],[13.474081,38.081179],[13.477531,38.080712],[13.477844,38.080669],[13.478229,38.080616],[13.485834,38.079574],[13.487236,38.079368],[13.487944,38.079236],[13.488515,38.079079],[13.489041,38.078912],[13.490888,38.078226],[13.493636,38.077233],[13.495063,38.076671],[13.495723,38.076332],[13.498426,38.074731],[13.501095,38.073171],[13.502016,38.072606],[13.502617,38.07219],[13.50306,38.07184],[13.503683,38.071328],[13.504687,38.070461],[13.506228,38.0692],[13.506674,38.068829],[13.508511,38.067304],[13.508771,38.067088],[13.511467,38.064823],[13.511826,38.064544],[13.512635,38.063857],[13.515351,38.061642],[13.515655,38.061429],[13.516422,38.060998],[13.517403,38.060608],[13.518154,38.060374],[13.518634,38.060257],[13.519487,38.060127],[13.519952,38.060107],[13.520512,38.060107],[13.520957,38.060126],[13.524698,38.060555],[13.525126,38.06058],[13.52582,38.060575],[13.526189,38.060545],[13.5268,38.060464],[13.527386,38.060341],[13.528005,38.060164],[13.529243,38.059706],[13.532043,38.058674],[13.533886,38.058021],[13.534426,38.057829],[13.535684,38.057365],[13.536381,38.057063],[13.537007,38.056738],[13.537743,38.056286],[13.539085,38.055405],[13.540328,38.054554],[13.541483,38.053798],[13.542405,38.053194],[13.543288,38.052607],[13.546506,38.050491],[13.548681,38.049064],[13.549622,38.048416],[13.550368,38.047871],[13.551847,38.046651],[13.552271,38.04631],[13.555735,38.043441],[13.556144,38.043122],[13.556647,38.042766],[13.558463,38.04161],[13.558993,38.041289],[13.559768,38.040754],[13.56035,38.040296],[13.560932,38.039812],[13.561348,38.039417],[13.561714,38.03904],[13.563342,38.03703],[13.563783,38.036421],[13.564186,38.03598],[13.564572,38.035588],[13.564923,38.035264],[13.565328,38.034914],[13.565669,38.034664],[13.566179,38.034327],[13.566847,38.033914],[13.58875,38.022382],[13.589608,38.021925],[13.590112,38.021701],[13.591024,38.02136],[13.591966,38.021076],[13.592477,38.020949],[13.592983,38.020845],[13.593905,38.020705],[13.595477,38.020561],[13.596627,38.020468],[13.597392,38.020372],[13.598257,38.020242],[13.598751,38.020143],[13.599626,38.019914],[13.600624,38.019556],[13.601642,38.019117],[13.6023,38.018771],[13.602862,38.018427],[13.603244,38.018163],[13.604433,38.017282],[13.604965,38.01686],[13.608012,38.014536],[13.608421,38.014252],[13.620175,38.006813],[13.621513,38.00599],[13.621761,38.005847],[13.622459,38.005489],[13.62322,38.005149],[13.623899,38.004897],[13.627555,38.003691],[13.632888,38.001917],[13.633278,38.001757],[13.633784,38.001543],[13.634473,38.001202],[13.635636,38.000556],[13.636308,38.0002],[13.636895,37.999942],[13.637512,37.999701],[13.638013,37.999528],[13.638852,37.999292],[13.639462,37.999162],[13.640104,37.999046],[13.641649,37.998821],[13.64268,37.998589],[13.643414,37.998373],[13.64407,37.99811],[13.644539,37.997901],[13.64507,37.997627],[13.646058,37.997021],[13.646993,37.996365],[13.64787,37.99566],[13.650137,37.994033],[13.651076,37.993401],[13.651974,37.992731],[13.652826,37.992026],[13.653228,37.991622],[13.653583,37.991225],[13.653912,37.990814],[13.654217,37.990392],[13.654495,37.989959],[13.654703,37.989581],[13.654974,37.989022],[13.655426,37.987982],[13.655605,37.987637],[13.656025,37.986976],[13.656548,37.986315],[13.657713,37.985159],[13.658376,37.984657],[13.659068,37.98421],[13.659841,37.983797],[13.660186,37.983633],[13.660699,37.983416],[13.661145,37.983236],[13.662215,37.982923],[13.665435,37.982218],[13.666304,37.982],[13.667066,37.98177],[13.667509,37.981608],[13.668205,37.981331],[13.669197,37.980902],[13.670961,37.980091],[13.67156,37.979821],[13.674076,37.978675],[13.677809,37.976961],[13.678863,37.976477],[13.680669,37.975648],[13.681561,37.975264],[13.682311,37.974962],[13.683767,37.97443],[13.684732,37.974109],[13.685818,37.97378],[13.686001,37.973742],[13.686407,37.973662],[13.686964,37.973579],[13.687442,37.973529],[13.688081,37.973486],[13.688879,37.973469],[13.689757,37.97349],[13.69031,37.973529],[13.69097,37.973609],[13.691588,37.973704],[13.692475,37.973885],[13.694063,37.974312],[13.695825,37.974798],[13.696621,37.974986],[13.697504,37.975152],[13.698534,37.975285],[13.699389,37.975355],[13.699792,37.975371],[13.700165,37.975383],[13.700947,37.975377],[13.702372,37.975295],[13.703329,37.975172],[13.704383,37.974986],[13.704782,37.9749],[13.705637,37.974677],[13.706315,37.974467],[13.706752,37.974315],[13.707416,37.974064],[13.708031,37.973804],[13.708832,37.973406],[13.709705,37.972912],[13.711689,37.971607],[13.711944,37.971438],[13.71559,37.969008],[13.71611,37.968691],[13.716578,37.968427],[13.716872,37.968273],[13.717568,37.967948],[13.718663,37.967547],[13.719266,37.967365],[13.719895,37.967202],[13.720556,37.967062],[13.72109,37.96697],[13.723856,37.966601],[13.731395,37.965606],[13.740844,37.964345],[13.741364,37.964275],[13.742727,37.964094],[13.74527,37.963759],[13.746526,37.963592],[13.747152,37.963516],[13.747855,37.963456],[13.748587,37.963408],[13.749281,37.96338],[13.750127,37.96337],[13.75166,37.963416],[13.752223,37.963448],[13.752842,37.963506],[13.75702,37.963947],[13.75857,37.964169],[13.759097,37.964267],[13.760111,37.964465],[13.760844,37.964626],[13.761872,37.964884],[13.764738,37.965684],[13.765865,37.965952],[13.766561,37.966092],[13.767342,37.966226],[13.768855,37.966441],[13.769668,37.966558],[13.785575,37.968799],[13.787448,37.969084],[13.78874,37.969324],[13.79002,37.969599],[13.791088,37.969856],[13.792126,37.970136],[13.797737,37.97173],[13.798931,37.972087],[13.800275,37.972471],[13.803374,37.97336],[13.815859,37.976951],[13.817445,37.977395],[13.821484,37.978584],[13.822442,37.978849],[13.823069,37.979014],[13.823447,37.979094],[13.82383,37.979142],[13.824573,37.979181],[13.825645,37.979145],[13.826152,37.979158],[13.826561,37.979199],[13.826841,37.979242],[13.828654,37.979555],[13.829461,37.979635],[13.83109,37.979718],[13.833531,37.979825],[13.835899,37.979937],[13.838651,37.980063],[13.839196,37.980068],[13.840075,37.980044],[13.842699,37.979871],[13.842912,37.979855],[13.843439,37.97979],[13.845455,37.979648],[13.846052,37.979656],[13.846936,37.979703],[13.847634,37.979737],[13.848082,37.979788],[13.848531,37.97986],[13.84927,37.980001],[13.849769,37.980117],[13.850412,37.9803],[13.85201,37.980856],[13.857869,37.982965],[13.858669,37.983198],[13.859436,37.983354],[13.860437,37.983484],[13.868844,37.9842],[13.869602,37.984233],[13.870127,37.984227],[13.870538,37.984204],[13.870969,37.98417],[13.871285,37.984129],[13.871912,37.984027],[13.872298,37.98394],[13.874505,37.983347],[13.875713,37.983052],[13.876275,37.982955],[13.877142,37.982844],[13.877863,37.982792],[13.878521,37.982775],[13.879051,37.982778],[13.879478,37.982798],[13.880197,37.982866],[13.880678,37.982936],[13.881244,37.983048],[13.882366,37.983297],[13.883213,37.983547],[13.883985,37.983863],[13.886255,37.984954],[13.887166,37.985416],[13.895146,37.98932],[13.897656,37.990521],[13.898792,37.991089],[13.900042,37.991683],[13.901194,37.992202],[13.902348,37.992676],[13.903391,37.993066],[13.904597,37.993479],[13.906357,37.994016],[13.907257,37.994269],[13.909537,37.994919],[13.911006,37.99537],[13.912843,37.996007],[13.913965,37.996458],[13.916008,37.997351],[13.918805,37.998628],[13.921135,37.999692],[13.922294,38.000267],[13.922991,38.00067],[13.92385,38.001217],[13.92445,38.001658],[13.924815,38.001941],[13.925476,38.002503],[13.926399,38.003381],[13.93021,38.007159],[13.933585,38.010455],[13.933905,38.010718],[13.934366,38.011049],[13.935235,38.011571],[13.935692,38.011789],[13.936647,38.012182],[13.936997,38.012321],[13.938401,38.01289],[13.938654,38.012991],[13.945268,38.015657],[13.945867,38.015924],[13.946208,38.016102],[13.946535,38.016297],[13.946908,38.016546],[13.947182,38.016757],[13.947616,38.017151],[13.94797,38.017538],[13.948201,38.017825],[13.948387,38.018108],[13.948826,38.018937],[13.950484,38.022393],[13.950739,38.022805],[13.951043,38.023202],[13.951285,38.023456],[13.951576,38.023723],[13.951886,38.023972],[13.95221,38.024187],[13.95272,38.024472],[13.953228,38.024695],[13.953806,38.024881],[13.954087,38.024956],[13.954379,38.025014],[13.95522,38.025121],[13.958553,38.025258],[13.962559,38.025419],[13.964022,38.025464],[13.964735,38.025474],[13.966156,38.025424],[13.966788,38.025389],[13.967499,38.025323],[13.967933,38.025282],[13.969317,38.02508],[13.969894,38.024977],[13.970992,38.024744],[13.97242,38.024368],[13.974321,38.023877],[13.975126,38.023708],[13.976077,38.023557],[13.976847,38.023491],[13.977662,38.02346],[13.978483,38.023476],[13.979456,38.023549],[13.980895,38.023683],[13.981523,38.023722],[13.982409,38.02371],[13.982835,38.023677],[13.983548,38.023636],[13.984263,38.023632],[13.984977,38.023665],[13.985686,38.023737],[13.986388,38.023845],[13.987079,38.02399],[13.987756,38.024172],[13.988416,38.024388],[13.989392,38.024765],[13.990575,38.025187],[13.991287,38.025381],[13.992036,38.025554],[13.992657,38.025667],[13.993579,38.025771],[13.994233,38.025807],[13.994828,38.025813],[13.996493,38.025711],[14.003529,38.024665],[14.003984,38.024596],[14.005731,38.024427],[14.01037,38.024197],[14.010611,38.024188],[14.011939,38.024077],[14.015338,38.023643],[14.015454,38.023629],[14.01615,38.023556],[14.016578,38.023528],[14.01777,38.023488],[14.018446,38.023539],[14.018993,38.023646],[14.022299,38.024823],[14.024387,38.025522],[14.026104,38.026052],[14.028216,38.026608],[14.028669,38.026707],[14.029591,38.026854],[14.030526,38.026935],[14.030996,38.02695],[14.031912,38.026957],[14.032564,38.026916],[14.033652,38.026682],[14.03449,38.026457],[14.035467,38.026148],[14.036241,38.025876],[14.037661,38.025232],[14.03924,38.024416],[14.040772,38.023563],[14.042319,38.022671],[14.044895,38.020988],[14.047548,38.019173],[14.049307,38.017851],[14.0509,38.016615],[14.052104,38.01565],[14.054265,38.014271],[14.055546,38.013606],[14.056301,38.013298],[14.056453,38.013252],[14.057715,38.012887],[14.058825,38.012659],[14.05994,38.012475],[14.061077,38.012385],[14.062482,38.012333],[14.063884,38.012305],[14.064532,38.012311],[14.07613,38.013189],[14.076439,38.013209],[14.077259,38.013246],[14.078003,38.013256],[14.078776,38.013247],[14.079166,38.013235],[14.092921,38.012941],[14.094713,38.012857],[14.09646,38.012749],[14.098879,38.012476],[14.099535,38.012374],[14.107048,38.011065],[14.10887,38.010842],[14.10955,38.010787],[14.109908,38.010775],[14.110464,38.010757],[14.11165,38.010802],[14.112426,38.010887],[14.113578,38.011117],[14.11447,38.011352],[14.115056,38.011543],[14.117067,38.012289],[14.117726,38.012508],[14.117982,38.012587],[14.118828,38.012788],[14.119427,38.012886],[14.11994,38.012944],[14.120828,38.012989],[14.121757,38.012965],[14.12229,38.0129],[14.122855,38.01277],[14.123814,38.012477],[14.124827,38.012128],[14.125865,38.011862],[14.127245,38.011605],[14.128931,38.011358],[14.130983,38.011115],[14.135978,38.010639],[14.138376,38.01048],[14.144834,38.010227],[14.149835,38.00997],[14.151999,38.009855],[14.153507,38.009776],[14.157782,38.009699],[14.15844,38.00969],[14.161622,38.009603],[14.164892,38.009457],[14.168052,38.009224],[14.17097,38.008942],[14.17111,38.008939],[14.182567,38.007711],[14.183061,38.007645],[14.187535,38.007295],[14.190795,38.006786],[14.205025,38.004312],[14.211927,38.003491],[14.213544,38.003389],[14.215074,38.003373],[14.215596,38.003446],[14.21653,38.003616],[14.217496,38.003842],[14.218192,38.004048],[14.218786,38.004241],[14.219414,38.00447],[14.222266,38.005589],[14.222852,38.005804],[14.223236,38.005932],[14.223839,38.006106],[14.2245,38.006262],[14.225497,38.00644],[14.226375,38.006539],[14.227359,38.006605],[14.228141,38.006612],[14.22939,38.006576],[14.230238,38.006507],[14.231291,38.006393],[14.232186,38.006222],[14.232479,38.006168],[14.233007,38.006024],[14.233789,38.005754],[14.234379,38.005498],[14.234864,38.005232],[14.23581,38.004655],[14.23685,38.003907],[14.23918,38.002011],[14.242105,37.999399],[14.243682,37.998509],[14.245176,37.997948],[14.247269,37.997495],[14.24912,37.997322],[14.250683,37.99726],[14.252263,37.997247],[14.253168,37.997271],[14.254131,37.997383],[14.255468,37.997606],[14.255949,37.997714],[14.259031,37.998343],[14.259423,37.998377],[14.261391,37.998484],[14.263044,37.998538],[14.2646,37.99849],[14.265944,37.9984],[14.266106,37.998382],[14.268078,37.998146],[14.269075,37.998054],[14.270075,37.997991],[14.271077,37.997958],[14.272081,37.997953],[14.273084,37.997977],[14.274085,37.99803],[14.275083,37.998112],[14.275326,37.998139],[14.27658,37.998303],[14.280064,37.999043],[14.282802,37.999754],[14.285273,38.0005],[14.285982,38.000657],[14.288022,38.000969],[14.288826,38.000989],[14.289447,38.000925],[14.289975,38.000847],[14.290592,38.000809],[14.291641,38.000749],[14.294428,38.000694],[14.295874,38.00047],[14.296398,38.000311],[14.297732,37.999805],[14.299222,37.999146],[14.300693,37.998606],[14.301655,37.998388],[14.302607,37.998305],[14.303246,37.998306],[14.304473,37.998388],[14.305535,37.998522],[14.306829,37.998798],[14.308275,37.999196],[14.309156,37.999555],[14.310011,37.999983],[14.310579,38.000359],[14.311665,38.0012],[14.312133,38.001666],[14.31304,38.002715],[14.313463,38.003117],[14.314148,38.003564],[14.31511,38.00407],[14.31653,38.004626],[14.317547,38.005019],[14.318,38.005173],[14.319141,38.005581],[14.319587,38.00572],[14.32007,38.005859],[14.32097,38.006074],[14.321761,38.006214],[14.322068,38.006251],[14.322751,38.006314],[14.323547,38.006356],[14.324151,38.006361],[14.325149,38.006322],[14.325724,38.006276],[14.326506,38.00618],[14.327526,38.005996],[14.328185,38.005834],[14.329124,38.005565],[14.329547,38.005453],[14.330237,38.00529],[14.331165,38.005113],[14.332144,38.004953],[14.336705,38.004306],[14.339668,38.003992],[14.340771,38.003904],[14.341481,38.003896],[14.342275,38.003935],[14.343217,38.004007],[14.345714,38.004264],[14.347483,38.004491],[14.348211,38.00457],[14.350107,38.004842],[14.351568,38.005162],[14.352958,38.005592],[14.354479,38.006186],[14.355802,38.006867],[14.357029,38.00756],[14.358501,38.00852],[14.360018,38.009567],[14.360584,38.009938],[14.361497,38.010483],[14.362256,38.01089],[14.362835,38.011179],[14.363866,38.011618],[14.364628,38.011898],[14.36588,38.012298],[14.366502,38.012462],[14.366878,38.012545],[14.368103,38.012763],[14.368526,38.012827],[14.369544,38.012936],[14.370406,38.012998],[14.372279,38.013093],[14.373471,38.013215],[14.374665,38.013402],[14.376217,38.013736],[14.377105,38.013979],[14.377973,38.014239],[14.378754,38.014477],[14.379932,38.01481],[14.380212,38.014881],[14.381256,38.015116],[14.381881,38.015223],[14.382523,38.015328],[14.384749,38.015624],[14.384881,38.015642],[14.386247,38.015805],[14.387808,38.01601],[14.388613,38.016126],[14.390079,38.016372],[14.390392,38.016422],[14.391258,38.016595],[14.392804,38.016955],[14.393923,38.017226],[14.394552,38.017401],[14.394966,38.01752],[14.396053,38.017815],[14.398326,38.01843],[14.399286,38.018692],[14.401088,38.019141],[14.401483,38.019219],[14.403787,38.019647],[14.404774,38.019785],[14.407678,38.020228],[14.410169,38.02048],[14.413094,38.020634],[14.414625,38.020659],[14.416154,38.020655],[14.417937,38.020589],[14.421883,38.020267],[14.424605,38.020001],[14.427618,38.019605],[14.428502,38.019502],[14.429256,38.019414],[14.430166,38.019322],[14.430315,38.019307],[14.4328,38.01905],[14.433585,38.018997],[14.434841,38.018947],[14.436377,38.018955],[14.437673,38.019045],[14.439123,38.019223],[14.441308,38.019402],[14.443479,38.019642],[14.445721,38.020023],[14.446522,38.020228],[14.448596,38.020989],[14.449565,38.021457],[14.451699,38.022749],[14.452837,38.023301],[14.453706,38.023661],[14.454484,38.023928],[14.454966,38.024063],[14.4567,38.024492],[14.458011,38.024759],[14.458368,38.024817],[14.458781,38.024861],[14.459869,38.024923],[14.460048,38.024928],[14.463663,38.024967],[14.464157,38.024996],[14.464822,38.025051],[14.468052,38.025398],[14.469733,38.025569],[14.470075,38.025604],[14.470907,38.025703],[14.471131,38.025728],[14.471963,38.025828],[14.473245,38.025941],[14.473948,38.025968],[14.474637,38.025958],[14.475242,38.025929],[14.475855,38.02587],[14.476422,38.025788],[14.476924,38.025698],[14.47793,38.025465],[14.479013,38.025107],[14.479716,38.024822],[14.481425,38.024059],[14.482082,38.02382],[14.482599,38.023655],[14.483099,38.02352],[14.483533,38.023432],[14.484028,38.023351],[14.484736,38.023267],[14.485253,38.023236],[14.485767,38.023231],[14.486354,38.023253],[14.486835,38.023289],[14.487697,38.023413],[14.488049,38.023485],[14.488444,38.023578],[14.488892,38.023707],[14.489297,38.023832],[14.489662,38.023964],[14.490451,38.024313],[14.490964,38.024575],[14.491266,38.024752],[14.492071,38.025304],[14.492247,38.025447],[14.492585,38.025748],[14.493977,38.027087],[14.494239,38.02732],[14.494706,38.0277],[14.495436,38.028249],[14.495965,38.028605],[14.496322,38.028823],[14.496948,38.029181],[14.497635,38.029546],[14.498225,38.029815],[14.499043,38.030149],[14.500023,38.03049],[14.501034,38.030778],[14.501893,38.030984],[14.502364,38.031079],[14.502896,38.031164],[14.50383,38.031286],[14.504615,38.031355],[14.505399,38.031388],[14.506079,38.031392],[14.507382,38.031343],[14.50815,38.03128],[14.508687,38.031219],[14.510185,38.030997],[14.51154,38.030847],[14.513225,38.030738],[14.514422,38.03072],[14.514846,38.030739],[14.515311,38.03078],[14.516134,38.030887],[14.516544,38.030954],[14.517584,38.03116],[14.518038,38.031274],[14.518605,38.031439],[14.51925,38.031647],[14.521512,38.032458],[14.521826,38.03257],[14.522647,38.032826],[14.523001,38.032926],[14.524032,38.033192],[14.524994,38.033365],[14.525722,38.033501],[14.526629,38.033686],[14.526916,38.033744],[14.527626,38.033933],[14.528152,38.034095],[14.528591,38.034248],[14.529455,38.034609],[14.529926,38.034831],[14.530606,38.035176],[14.534065,38.036938],[14.535198,38.037514],[14.536253,38.038023],[14.536396,38.038088],[14.538073,38.038761],[14.542056,38.040266],[14.542904,38.040641],[14.544335,38.041335],[14.544449,38.04139],[14.546377,38.042513],[14.548195,38.043514],[14.548669,38.043767],[14.549311,38.04407],[14.5497,38.044236],[14.550484,38.044539],[14.551013,38.044703],[14.551743,38.044899],[14.55428,38.045464],[14.555331,38.045754],[14.558594,38.046773],[14.559506,38.047008],[14.560734,38.047237],[14.561952,38.047442],[14.563169,38.047697],[14.564993,38.048261],[14.566735,38.048848],[14.567746,38.049124],[14.568592,38.049281],[14.569516,38.049413],[14.569849,38.049433],[14.57061,38.049469],[14.57118,38.04946],[14.57178,38.049434],[14.572359,38.049388],[14.572687,38.049354],[14.574443,38.049113],[14.575499,38.048956],[14.577214,38.048725],[14.577935,38.048664],[14.578586,38.048633],[14.579482,38.048641],[14.580147,38.04869],[14.580796,38.048763],[14.581366,38.048843],[14.582025,38.048973],[14.58277,38.049149],[14.583583,38.049407],[14.584524,38.049747],[14.585028,38.049952],[14.586925,38.050818],[14.58832,38.051429],[14.589251,38.051778],[14.590392,38.052117],[14.590989,38.052271],[14.591535,38.052398],[14.592228,38.05253],[14.592984,38.052647],[14.593728,38.052732],[14.594414,38.052789],[14.595162,38.052823],[14.597136,38.05291],[14.597758,38.05295],[14.598669,38.053033],[14.599444,38.053153],[14.60006,38.053264],[14.60182,38.053748],[14.603109,38.054053],[14.603818,38.054179],[14.604659,38.05428],[14.604786,38.054292],[14.605675,38.054368],[14.606741,38.054367],[14.608295,38.054268],[14.610165,38.054106],[14.611941,38.053976],[14.613107,38.053963],[14.614053,38.054019],[14.614954,38.054165],[14.615848,38.054423],[14.616833,38.054762],[14.617632,38.055155],[14.618362,38.055588],[14.618486,38.055677],[14.618822,38.055932],[14.619164,38.056228],[14.619445,38.056487],[14.62076,38.057717],[14.621092,38.057986],[14.621806,38.058526],[14.622558,38.058996],[14.622738,38.059096],[14.623444,38.059446],[14.62387,38.059631],[14.624586,38.059894],[14.625309,38.060116],[14.626486,38.060416],[14.626844,38.060486],[14.627458,38.06058],[14.627751,38.060612],[14.628446,38.060662],[14.629113,38.060683],[14.630055,38.060655],[14.630597,38.060609],[14.631757,38.060493],[14.632547,38.060462],[14.632972,38.060479],[14.633351,38.060515],[14.633869,38.060602],[14.634412,38.060721],[14.634777,38.060837],[14.635081,38.060951],[14.635855,38.061289],[14.636608,38.061671],[14.637071,38.061878],[14.637412,38.062018],[14.638021,38.062228],[14.63838,38.06233],[14.639285,38.062532],[14.640299,38.062684],[14.641846,38.062885],[14.642775,38.063023],[14.643369,38.06313],[14.643959,38.063264],[14.644499,38.0634],[14.645953,38.063862],[14.647147,38.064353],[14.64866,38.065139],[14.650216,38.066137],[14.650846,38.066587],[14.651455,38.067094],[14.651955,38.067576],[14.652466,38.068103],[14.653604,38.069367],[14.654674,38.070483],[14.655691,38.071484],[14.657281,38.072925],[14.658841,38.074174],[14.660083,38.07509],[14.661166,38.075855],[14.661772,38.076207],[14.661884,38.076271],[14.663431,38.077143],[14.664965,38.077929],[14.666253,38.078536],[14.66738,38.079037],[14.669014,38.079689],[14.669148,38.079736],[14.670094,38.080062],[14.671107,38.080373],[14.672204,38.080646],[14.673254,38.08085],[14.673994,38.08095],[14.676013,38.081186],[14.677975,38.081418],[14.67937,38.081641],[14.680266,38.08182],[14.681444,38.08209],[14.68234,38.082331],[14.683185,38.082586],[14.684153,38.082912],[14.68591,38.083598],[14.687486,38.084324],[14.688472,38.08486],[14.690748,38.08615],[14.691275,38.086461],[14.691938,38.086913],[14.692556,38.087481],[14.693212,38.088116],[14.694688,38.089843],[14.695364,38.090538],[14.69614,38.091243],[14.696848,38.091815],[14.697526,38.092315],[14.698228,38.092792],[14.698958,38.093244],[14.701025,38.09433],[14.702234,38.094947],[14.703118,38.095437],[14.704108,38.096013],[14.706765,38.097643],[14.709564,38.099338],[14.711122,38.100282],[14.712111,38.100851],[14.7128,38.101202],[14.713413,38.10146],[14.714012,38.101687],[14.714753,38.101939],[14.715878,38.102346],[14.716296,38.102522],[14.717171,38.102931],[14.717692,38.103204],[14.718115,38.103487],[14.718701,38.103946],[14.719195,38.104394],[14.719701,38.104942],[14.720021,38.105352],[14.720261,38.105712],[14.720921,38.10688],[14.722494,38.109812],[14.724027,38.112582],[14.72526,38.114903],[14.725729,38.115906],[14.726087,38.116812],[14.726488,38.118201],[14.726853,38.119613],[14.727084,38.120335],[14.727349,38.121034],[14.727586,38.121534],[14.727848,38.122018],[14.728155,38.122512],[14.728562,38.123097],[14.729916,38.12481],[14.730444,38.125571],[14.731231,38.126906],[14.731675,38.127596],[14.732004,38.127995],[14.732362,38.128378],[14.732748,38.128743],[14.733161,38.12909],[14.734744,38.130239],[14.735287,38.130651],[14.73562,38.130928],[14.735972,38.131262],[14.736511,38.131927],[14.736792,38.132401],[14.737006,38.132849],[14.737171,38.133293],[14.737276,38.133693],[14.737386,38.134278],[14.737496,38.134703],[14.737645,38.135109],[14.737793,38.135408],[14.737906,38.135593],[14.738265,38.136056],[14.738635,38.136434],[14.739256,38.136901],[14.74009,38.137376],[14.74059,38.137623],[14.74124,38.137904],[14.748867,38.142198],[14.749848,38.142674],[14.750873,38.143101],[14.760636,38.146905],[14.761708,38.147371],[14.763313,38.148079],[14.763922,38.148409],[14.764926,38.149013],[14.766039,38.149605],[14.766349,38.149761],[14.766768,38.149935],[14.767708,38.150296],[14.768204,38.150445],[14.768947,38.150613],[14.769176,38.150642],[14.769549,38.150686],[14.770164,38.150711],[14.770547,38.150709],[14.771164,38.150643],[14.771648,38.150565],[14.772012,38.150482],[14.772447,38.150376],[14.773224,38.15014],[14.775088,38.14964],[14.788613,38.145927],[14.790386,38.14557],[14.791825,38.145356],[14.793736,38.145141],[14.796845,38.145145],[14.800142,38.145238],[14.801827,38.145251],[14.803276,38.145212],[14.805679,38.145026],[14.812341,38.144333],[14.81801,38.144091],[14.819897,38.144149],[14.821141,38.144278],[14.821662,38.144354],[14.822079,38.144448],[14.822401,38.14455],[14.822702,38.144675],[14.823256,38.144936],[14.823787,38.145212],[14.823958,38.145296],[14.824447,38.145591],[14.824945,38.145901],[14.825851,38.146522],[14.828645,38.148453],[14.829711,38.149159],[14.831806,38.150609],[14.832943,38.151379],[14.83336,38.151624],[14.833879,38.151887],[14.834667,38.152213],[14.835427,38.152454],[14.835948,38.152583],[14.836764,38.152741],[14.838978,38.152971],[14.842212,38.153343],[14.843193,38.153494],[14.843626,38.153531],[14.844021,38.153534],[14.844409,38.153523],[14.844773,38.153482],[14.845585,38.153278],[14.84604,38.153129],[14.846409,38.152982],[14.846954,38.152755],[14.847369,38.152564],[14.848067,38.152162],[14.849029,38.151555],[14.849412,38.15133],[14.850017,38.151038],[14.850791,38.150697],[14.85223,38.150042],[14.853187,38.149482],[14.853727,38.149118],[14.854695,38.148294],[14.854832,38.148165],[14.855819,38.147269],[14.856431,38.146767],[14.857089,38.146357],[14.857592,38.146073],[14.858008,38.145873],[14.858456,38.145679],[14.859082,38.145439],[14.860425,38.145012],[14.860794,38.144879],[14.861219,38.144692],[14.86166,38.144461],[14.861818,38.144368],[14.862296,38.14405],[14.862649,38.143805],[14.862938,38.143565],[14.863316,38.143201],[14.863974,38.142515],[14.864526,38.142011],[14.864821,38.141772],[14.865438,38.141341],[14.865806,38.141126],[14.866319,38.140853],[14.86676,38.140652],[14.867154,38.140494],[14.868014,38.140219],[14.868485,38.140099],[14.869465,38.13992],[14.869909,38.139876],[14.870384,38.13985],[14.871234,38.139848],[14.872112,38.139898],[14.872484,38.139945],[14.874429,38.140404],[14.875287,38.140747],[14.876299,38.141194],[14.877256,38.141706],[14.878278,38.142227],[14.882,38.144279],[14.886219,38.146784],[14.88847,38.148048],[14.890743,38.149356],[14.897118,38.153335],[14.903653,38.157141],[14.904184,38.157437],[14.905182,38.157997],[14.906218,38.158597],[14.907014,38.15903],[14.907477,38.159284],[14.908952,38.159966],[14.910517,38.160554],[14.913055,38.161392],[14.916113,38.162337],[14.919393,38.163387],[14.92158,38.164124],[14.92652,38.165628],[14.928614,38.166284],[14.929475,38.166583],[14.930507,38.166915],[14.931103,38.167082],[14.933596,38.167879],[14.935186,38.16837],[14.935917,38.168546],[14.936902,38.168713],[14.937989,38.16882],[14.939395,38.168758],[14.940506,38.168584],[14.940682,38.168545],[14.941426,38.168361],[14.941587,38.168314],[14.942207,38.16811],[14.942798,38.167859],[14.943356,38.167565],[14.944051,38.167156],[14.944463,38.166882],[14.944951,38.166522],[14.94554,38.166052],[14.945904,38.165738],[14.948005,38.163882],[14.949084,38.163046],[14.949838,38.162518],[14.951221,38.161672],[14.953284,38.160466],[14.95434,38.15982],[14.955718,38.158907],[14.956478,38.158364],[14.959943,38.155653],[14.960116,38.15552],[14.965139,38.15164],[14.965857,38.151148],[14.966742,38.150631],[14.967691,38.150175],[14.968301,38.149938],[14.969041,38.149738],[14.969635,38.149631],[14.970181,38.149575],[14.971592,38.14954],[14.971988,38.149509],[14.972599,38.149407],[14.973297,38.149236],[14.973781,38.149066],[14.974327,38.148821],[14.97479,38.148561],[14.975678,38.147999],[14.976086,38.147792],[14.976507,38.147618],[14.977451,38.147333],[14.97808,38.147186],[14.979268,38.146942],[14.988293,38.14514],[14.988867,38.145007],[14.989436,38.144843],[14.989973,38.144659],[14.992846,38.143517],[14.993462,38.143317],[14.994201,38.143138],[14.994879,38.143009],[14.99524,38.142959],[14.996088,38.142889],[14.996568,38.142876],[14.997541,38.142921],[14.998592,38.143026],[14.999751,38.143192],[14.999972,38.143222],[15.001158,38.143385],[15.00474,38.143888],[15.006051,38.144088],[15.006549,38.144187],[15.010167,38.145024],[15.014631,38.146093],[15.015492,38.146332],[15.020867,38.147886],[15.022101,38.148205],[15.023062,38.148411],[15.023824,38.148554],[15.024362,38.148639],[15.024783,38.148677],[15.02526,38.148706],[15.025899,38.148715],[15.026383,38.148682],[15.026858,38.148619],[15.027316,38.148533],[15.027896,38.148382],[15.028398,38.148217],[15.028891,38.14803],[15.029564,38.147746],[15.030542,38.14728],[15.031399,38.14684],[15.032299,38.146423],[15.033173,38.146065],[15.033847,38.145807],[15.034729,38.145494],[15.041131,38.143614],[15.044659,38.142511],[15.044994,38.142357],[15.045913,38.141788],[15.046297,38.141525],[15.046893,38.141065],[15.047073,38.140892],[15.047328,38.14062],[15.048037,38.139698],[15.051064,38.134832],[15.051391,38.134243],[15.051561,38.13381],[15.051745,38.133227],[15.052159,38.131709],[15.052523,38.130204],[15.052809,38.129004],[15.053859,38.124607],[15.053972,38.124247],[15.054166,38.12373],[15.054312,38.123406],[15.054526,38.123021],[15.05474,38.122686],[15.055195,38.122084],[15.055322,38.121938],[15.055453,38.121791],[15.055778,38.121455],[15.056204,38.121076],[15.056349,38.120957],[15.057213,38.120347],[15.061271,38.11772],[15.063963,38.116023],[15.064951,38.115382],[15.065663,38.114936],[15.066096,38.114668],[15.066356,38.114525],[15.066988,38.114213],[15.067837,38.113857],[15.068411,38.113657],[15.068828,38.11353],[15.06977,38.113288],[15.070438,38.113158],[15.070939,38.113085],[15.072018,38.112983],[15.072553,38.112967],[15.073314,38.112967],[15.074061,38.113012],[15.074915,38.113101],[15.079624,38.113693],[15.080822,38.113806],[15.08248,38.113888],[15.083252,38.113892],[15.084049,38.113871],[15.085416,38.113796],[15.090227,38.113523],[15.090558,38.113505],[15.091878,38.113489],[15.092988,38.113513],[15.093549,38.113545],[15.094841,38.113661],[15.097777,38.113962],[15.098912,38.114085],[15.100942,38.114326],[15.10541,38.114825],[15.106268,38.114957],[15.106702,38.115046],[15.107471,38.115242],[15.108249,38.115479],[15.108631,38.115621],[15.109056,38.115792],[15.109827,38.116149],[15.110622,38.116579],[15.110966,38.116797],[15.112444,38.117806],[15.117352,38.121164],[15.117655,38.121372],[15.11861,38.122011],[15.119529,38.122591],[15.126106,38.126521],[15.130498,38.129108],[15.133011,38.130606],[15.13399,38.131169],[15.135264,38.13183],[15.136294,38.13229],[15.1373,38.132697],[15.137884,38.132908],[15.138446,38.133095],[15.139815,38.133503],[15.14304,38.134281],[15.143961,38.134517],[15.144744,38.134745],[15.145669,38.135049],[15.146352,38.135305],[15.147562,38.135801],[15.164089,38.143232],[15.165578,38.143982],[15.166665,38.144578],[15.167775,38.145243],[15.171171,38.147407],[15.171764,38.147752],[15.172627,38.148248],[15.173564,38.148752],[15.174597,38.149263],[15.177612,38.15063],[15.178442,38.15104],[15.179506,38.151614],[15.181024,38.152497],[15.181538,38.152779],[15.182143,38.153083],[15.182639,38.153334],[15.184825,38.154351],[15.185569,38.154748],[15.18636,38.155169],[15.19107,38.157722],[15.194065,38.159328],[15.196573,38.16058],[15.199331,38.162125],[15.199735,38.162339],[15.200325,38.16261],[15.201231,38.162973],[15.202219,38.163278],[15.202749,38.163404],[15.203622,38.163569],[15.204351,38.163664],[15.207713,38.163961],[15.208491,38.164048],[15.209326,38.164189],[15.2102,38.164392],[15.21119,38.164699],[15.211753,38.164914],[15.212363,38.165172],[15.214624,38.16622],[15.215003,38.166382],[15.215686,38.166668],[15.216736,38.16707],[15.219988,38.16814],[15.220325,38.168249],[15.226934,38.170399],[15.227267,38.170505],[15.228671,38.170939],[15.231399,38.171622],[15.232057,38.171817],[15.23261,38.172016],[15.233306,38.172306],[15.233741,38.172515],[15.234152,38.172722],[15.235654,38.17353],[15.238506,38.175076],[15.239408,38.175573],[15.239923,38.175794],[15.240204,38.175897],[15.242284,38.176528],[15.242686,38.176663],[15.243479,38.177007],[15.243765,38.177153],[15.244401,38.177545],[15.244872,38.17787],[15.24588,38.17862],[15.246906,38.179313],[15.247811,38.179839],[15.248339,38.18011],[15.249085,38.180463],[15.249801,38.180769],[15.250764,38.181149],[15.255319,38.182949],[15.257777,38.183934],[15.259708,38.184744],[15.265492,38.187715],[15.269304,38.189684],[15.26967,38.189875],[15.270675,38.190398],[15.271275,38.190707],[15.272244,38.19122],[15.272938,38.191539],[15.273208,38.191653],[15.273997,38.191944],[15.274174,38.191996],[15.274749,38.19215],[15.275395,38.192285],[15.276045,38.192379],[15.276292,38.192402],[15.276477,38.192417],[15.276892,38.192443],[15.277768,38.192483],[15.279007,38.192527],[15.27975,38.192563],[15.28022,38.192604],[15.280987,38.192703],[15.281619,38.192815],[15.282605,38.193047],[15.284558,38.193571],[15.284942,38.193658],[15.285933,38.193842],[15.289065,38.194363],[15.289742,38.194475],[15.291411,38.194761],[15.29249,38.194909],[15.293093,38.19497],[15.293638,38.195009],[15.294121,38.195026],[15.294809,38.195024],[15.295509,38.194989],[15.298943,38.194762],[15.299656,38.194736],[15.300679,38.194758],[15.301588,38.194837],[15.306088,38.19547],[15.307958,38.195718],[15.308518,38.195771],[15.30924,38.195804],[15.309727,38.195798],[15.310278,38.195758],[15.312036,38.195558],[15.312498,38.19553],[15.313151,38.195543],[15.3138,38.195577],[15.314379,38.195634],[15.315619,38.195894],[15.316332,38.196083],[15.316962,38.196289],[15.321674,38.198109],[15.322325,38.198321],[15.322707,38.198428],[15.323749,38.198675],[15.32434,38.198769],[15.325727,38.198914],[15.328703,38.199014],[15.329462,38.199081],[15.330253,38.199187],[15.331222,38.199387],[15.331629,38.1995],[15.332482,38.199766],[15.333904,38.200281],[15.33575,38.200972],[15.336993,38.201448],[15.337654,38.201665],[15.339616,38.202247],[15.340732,38.202594],[15.341312,38.202811],[15.342145,38.203175],[15.342954,38.203605],[15.34472,38.204738],[15.345275,38.205071],[15.345726,38.205302],[15.346347,38.205571],[15.346739,38.205704],[15.347378,38.205889],[15.348052,38.206036],[15.348616,38.206124],[15.349514,38.206187],[15.350237,38.20622],[15.352357,38.206324],[15.353121,38.206404],[15.35371,38.206511],[15.355543,38.206959],[15.356864,38.207217],[15.35756,38.207371],[15.358271,38.207562],[15.35912,38.207743],[15.359929,38.207869],[15.360719,38.207963],[15.362508,38.208186],[15.363839,38.208411],[15.364821,38.208639],[15.365003,38.208697],[15.366417,38.209295],[15.367416,38.209761],[15.367806,38.209958],[15.368549,38.210279],[15.368857,38.210387],[15.370529,38.210853],[15.370885,38.210955],[15.371276,38.211067],[15.3732,38.211584],[15.373921,38.211748],[15.374741,38.211943],[15.375465,38.212138],[15.376267,38.2124],[15.377525,38.212908],[15.378769,38.213514],[15.379553,38.214011],[15.380402,38.214656],[15.380811,38.215017],[15.381218,38.215437],[15.381821,38.2161],[15.382972,38.217303],[15.383715,38.218099],[15.385069,38.219538],[15.385366,38.219849],[15.385784,38.220305],[15.386284,38.220778],[15.387017,38.221366],[15.388246,38.222193],[15.388898,38.222518],[15.390706,38.223235],[15.391605,38.223551],[15.3929,38.223998],[15.393504,38.224182],[15.394037,38.224314],[15.394614,38.224436],[15.396931,38.224858],[15.397863,38.225067],[15.398406,38.225235],[15.398938,38.225424],[15.399843,38.225774],[15.400081,38.225868],[15.40123,38.226318],[15.402908,38.226922],[15.403879,38.227245],[15.404374,38.227391],[15.404836,38.227497],[15.405457,38.227588],[15.406202,38.227693],[15.406976,38.227802],[15.407694,38.227985],[15.408359,38.228231],[15.408881,38.228513],[15.409111,38.228639],[15.409688,38.229013],[15.410493,38.229532],[15.410859,38.229747],[15.411278,38.229964],[15.413895,38.231208],[15.414555,38.231449],[15.415271,38.231654],[15.415546,38.231714],[15.416082,38.231801],[15.416598,38.231854],[15.417162,38.231871],[15.41773,38.231857],[15.41836,38.231794],[15.418808,38.231717],[15.419442,38.23157],[15.420185,38.231356],[15.420385,38.231297],[15.422038,38.230811],[15.423138,38.230493],[15.42367,38.230366],[15.424098,38.230285],[15.424605,38.230192],[15.424989,38.230148],[15.426291,38.230033],[15.427035,38.229993],[15.427797,38.229987],[15.428489,38.230005],[15.429231,38.230061],[15.430017,38.230186],[15.430648,38.230351],[15.431317,38.230586],[15.431781,38.230798],[15.432194,38.231041],[15.432507,38.231278],[15.432968,38.231678],[15.433215,38.231908],[15.434353,38.232982],[15.434823,38.23344],[15.435469,38.234177],[15.435945,38.234797],[15.436192,38.235095],[15.436694,38.235656],[15.437154,38.236083],[15.437669,38.236511],[15.438394,38.237031],[15.438838,38.237309],[15.439241,38.237531],[15.439711,38.237768],[15.440493,38.238114],[15.441744,38.238645],[15.444736,38.239851],[15.445695,38.240239],[15.446235,38.240482],[15.446832,38.240786],[15.447175,38.240996],[15.447665,38.241357],[15.448129,38.241798],[15.448527,38.242291],[15.449279,38.243296],[15.450217,38.244533],[15.450832,38.245125],[15.451527,38.245811],[15.452091,38.246283],[15.45279,38.246781],[15.453408,38.247176],[15.453978,38.247441],[15.454762,38.247757],[15.455182,38.247884],[15.455674,38.247994],[15.456029,38.248045],[15.45681,38.24811],[15.458608,38.248166],[15.459105,38.248222],[15.459697,38.248316],[15.459926,38.248366],[15.460522,38.248531],[15.460965,38.248693],[15.461821,38.249105],[15.464324,38.25052],[15.46488,38.250794],[15.465261,38.250944],[15.465896,38.251138],[15.46637,38.251233],[15.467043,38.251313],[15.467545,38.251334],[15.468245,38.251297],[15.468879,38.251204],[15.469424,38.251075],[15.469687,38.250995],[15.470177,38.250813],[15.470676,38.250579],[15.471093,38.250336],[15.471413,38.250121],[15.471891,38.249714],[15.472256,38.249326],[15.472462,38.249061],[15.473023,38.248231],[15.473227,38.247935],[15.473637,38.24733],[15.473891,38.246961],[15.474235,38.246573],[15.474422,38.24639],[15.47483,38.24605],[15.475407,38.245665],[15.476024,38.245355],[15.476558,38.245148],[15.476898,38.245015],[15.477685,38.244721],[15.478453,38.244398],[15.479199,38.244045],[15.479288,38.24399],[15.47994,38.243549],[15.481044,38.242693],[15.481473,38.242402],[15.482117,38.242093],[15.482614,38.24191],[15.483227,38.241745],[15.485232,38.241386],[15.486373,38.241192],[15.487152,38.241019],[15.487815,38.240832],[15.490005,38.240116],[15.490496,38.239972],[15.491216,38.239799],[15.491817,38.239681],[15.491929,38.239659],[15.492555,38.239575],[15.494268,38.239378],[15.494891,38.239315],[15.495637,38.239199],[15.496045,38.23912],[15.496581,38.238959],[15.4969,38.238843],[15.49743,38.238608],[15.497759,38.238426],[15.498231,38.238113],[15.49875,38.23769],[15.499071,38.237343],[15.499309,38.237041],[15.500228,38.235658],[15.500741,38.235032],[15.501942,38.233701],[15.502438,38.233073],[15.502671,38.232752],[15.503199,38.232072],[15.503512,38.231737],[15.503862,38.231425],[15.504039,38.23129],[15.504671,38.230885],[15.505141,38.230655],[15.505854,38.230368],[15.508661,38.229323],[15.521873,38.224021],[15.522945,38.22355],[15.523308,38.223354],[15.523581,38.223172],[15.5238,38.222983],[15.523908,38.222888],[15.524681,38.222172],[15.524925,38.221986],[15.525348,38.2217],[15.525818,38.22143],[15.527004,38.220802],[15.527734,38.220407],[15.528227,38.220105],[15.528576,38.21985],[15.528842,38.219611],[15.529154,38.21928],[15.529306,38.219102],[15.52963,38.218672],[15.529895,38.218269],[15.530794,38.216783],[15.531061,38.216371],[15.531414,38.215894],[15.531503,38.215697],[15.531655,38.215487],[15.532421,38.214742],[15.532915,38.214315],[15.533594,38.213794],[15.533741,38.213629],[15.533797,38.213512],[15.533818,38.213383],[15.533778,38.213179],[15.53374,38.213106],[15.533642,38.212994],[15.533574,38.212934],[15.53344,38.212857],[15.533278,38.212802],[15.533102,38.212778],[15.532869,38.2128],[15.532722,38.212847],[15.532578,38.212921],[15.532461,38.213019],[15.532368,38.213154],[15.532329,38.213255],[15.532319,38.213546],[15.532364,38.215259],[15.532371,38.216349],[15.532278,38.216565],[15.532186,38.216848],[15.531952,38.218197],[15.531766,38.218583],[15.53158,38.218825],[15.53142,38.218971],[15.5312,38.219128],[15.531004,38.219232],[15.530509,38.219389],[15.530226,38.21949],[15.530074,38.219567],[15.529845,38.219752],[15.529778,38.219849],[15.529696,38.220022],[15.529667,38.220211],[15.529681,38.220324],[15.529841,38.220688],[15.529915,38.220765],[15.529996,38.220818],[15.530183,38.22085],[15.530607,38.220733],[15.5309,38.220612],[15.531155,38.220414],[15.531508,38.220031],[15.531741,38.219759],[15.531866,38.219541],[15.532517,38.218703],[15.53278,38.218311],[15.532791,38.218228],[15.532782,38.218164],[15.532816,38.218109],[15.532881,38.218074],[15.532909,38.218069],[15.533132,38.217869],[15.533338,38.217645],[15.534258,38.216868],[15.534987,38.216356],[15.537002,38.21506],[15.537922,38.214516],[15.53803,38.214434],[15.538064,38.214381],[15.538016,38.21433],[15.538006,38.214272],[15.538034,38.214217],[15.538066,38.214191],[15.538143,38.214167],[15.538224,38.214178],[15.538331,38.214166],[15.538567,38.214143],[15.53875,38.214101],[15.539797,38.213712],[15.54206,38.213041],[15.542466,38.212922],[15.544808,38.212238],[15.545174,38.212109],[15.547194,38.211249],[15.547604,38.211083],[15.547895,38.210946],[15.548,38.210845],[15.548071,38.210726],[15.548077,38.210655],[15.548102,38.210616],[15.54823,38.21053],[15.548536,38.210503],[15.54874,38.210492],[15.548835,38.210511],[15.54897,38.210548],[15.549138,38.210553],[15.550094,38.210316],[15.551368,38.209985],[15.552338,38.209687],[15.553392,38.209262],[15.554232,38.208789],[15.556075,38.207613],[15.556712,38.207264],[15.557065,38.207093],[15.557563,38.206898],[15.558194,38.206679],[15.558306,38.206652],[15.560788,38.206022],[15.560849,38.206008],[15.560982,38.205958],[15.562016,38.205697],[15.562112,38.205697],[15.562331,38.205754],[15.562456,38.205762],[15.56304,38.205667],[15.563121,38.205699],[15.563142,38.205728],[15.563133,38.205788],[15.563095,38.205809],[15.562342,38.205843],[15.562268,38.205903],[15.56224,38.20597],[15.562237,38.206074],[15.562297,38.206444],[15.562273,38.206587],[15.562212,38.206763],[15.562098,38.206986],[15.562001,38.207088],[15.561763,38.207267],[15.561725,38.207352],[15.561539,38.208075],[15.561471,38.208334],[15.561451,38.208499],[15.561398,38.208726],[15.561389,38.208881],[15.561411,38.209082],[15.56138,38.209393],[15.561506,38.210177],[15.561526,38.210254],[15.561562,38.210289],[15.561658,38.210311],[15.563754,38.210154],[15.56919,38.211462],[15.593873,38.219195],[15.612161,38.223083],[15.61713,38.22391],[15.620107,38.223553],[15.630522,38.221989],[15.631293,38.221844],[15.632471,38.221224],[15.632967,38.221082],[15.633109,38.221033],[15.633174,38.221011],[15.633198,38.220813],[15.633251,38.220723],[15.633563,38.220366],[15.633582,38.220249],[15.633579,38.219923],[15.633644,38.219823],[15.633775,38.219495],[15.633758,38.21861],[15.633778,38.217384],[15.633792,38.217366],[15.633838,38.217353],[15.634424,38.21736],[15.634907,38.217372],[15.634908,38.217075],[15.634847,38.216887],[15.634851,38.216793],[15.634896,38.216737],[15.635024,38.216692],[15.635148,38.216669],[15.635282,38.216644],[15.636236,38.216679],[15.636253,38.216234],[15.636193,38.216019],[15.636123,38.21595],[15.636053,38.215917],[15.635258,38.215764],[15.635079,38.21573],[15.634975,38.215709],[15.634843,38.215654],[15.634789,38.215587],[15.634768,38.215502],[15.634778,38.215211],[15.634785,38.214806],[15.634818,38.214565],[15.634962,38.214327],[15.635122,38.214],[15.63515,38.213905],[15.635224,38.213281],[15.635381,38.212366],[15.635462,38.210753],[15.635528,38.209778],[15.635526,38.209505],[15.635351,38.207492],[15.635356,38.207329],[15.635398,38.207146],[15.63545,38.20703],[15.635513,38.206942],[15.635703,38.206726],[15.636432,38.206242],[15.636596,38.206111],[15.636645,38.206048],[15.6367,38.205924],[15.636759,38.205293],[15.636787,38.205189],[15.636858,38.205072],[15.63695,38.204974],[15.637022,38.204922],[15.637242,38.20483],[15.63744,38.204809],[15.637635,38.204824],[15.638315,38.204837],[15.638476,38.204841],[15.638735,38.204813],[15.641143,38.204505],[15.641518,38.204477],[15.641699,38.204485],[15.641879,38.204518],[15.642041,38.20457],[15.642156,38.204631],[15.642269,38.204719],[15.642407,38.204921],[15.64243,38.205017],[15.642422,38.205222],[15.64234,38.205409],[15.642255,38.205507],[15.642152,38.205594],[15.641667,38.205895],[15.641543,38.205992],[15.641445,38.206081],[15.641368,38.206193],[15.641316,38.206314],[15.641294,38.206448],[15.641303,38.20666],[15.641401,38.207014],[15.641526,38.207286],[15.64155,38.207436],[15.641799,38.20792],[15.642065,38.208356],[15.642129,38.208449],[15.642349,38.208815],[15.642581,38.209137],[15.642882,38.209477],[15.643246,38.209864],[15.643906,38.210505],[15.644565,38.211112],[15.645535,38.212003],[15.645968,38.212413],[15.646305,38.212786],[15.64662,38.213172],[15.646913,38.213568],[15.647278,38.214164],[15.6477,38.215124],[15.64787,38.215706],[15.647991,38.216311],[15.648061,38.216963],[15.648063,38.217863],[15.648,38.218629],[15.64798,38.219192],[15.648024,38.219828],[15.648063,38.220296],[15.648151,38.221161],[15.648196,38.221391],[15.648213,38.221474],[15.648433,38.222163],[15.648669,38.2228],[15.648936,38.223364],[15.649256,38.223972],[15.649628,38.224562],[15.650049,38.22513],[15.650519,38.225675],[15.651035,38.226193],[15.651595,38.226683],[15.652195,38.227142],[15.652834,38.227567],[15.6541,38.228298],[15.654888,38.228671],[15.655529,38.228926],[15.65677,38.229319],[15.660634,38.23048],[15.664351,38.231511],[15.664944,38.231694],[15.667017,38.23241],[15.667569,38.232594],[15.667962,38.232726],[15.669118,38.233115],[15.670061,38.23343],[15.6711,38.233808],[15.671425,38.233936],[15.672846,38.234556],[15.673558,38.234857],[15.674957,38.235459],[15.67575,38.23583],[15.676496,38.236155],[15.677264,38.236506],[15.677864,38.23684],[15.678476,38.237251],[15.678927,38.237582],[15.679347,38.237947],[15.679802,38.238385],[15.680531,38.239217],[15.680824,38.239587],[15.681712,38.240565],[15.682228,38.241028],[15.683378,38.241925],[15.688511,38.244133],[15.690463,38.244808],[15.694326,38.24576],[15.709563,38.247462],[15.709846,38.247491],[15.713413,38.248007],[15.715972,38.248416],[15.716265,38.248451],[15.717313,38.248521],[15.718019,38.248543],[15.71836,38.248535],[15.719611,38.248512],[15.719859,38.248512],[15.72158,38.248473],[15.723132,38.24844],[15.724215,38.248418],[15.725978,38.248433],[15.728308,38.248475],[15.730888,38.248535],[15.732682,38.248579],[15.733509,38.248619],[15.734766,38.248726],[15.735968,38.248882],[15.738339,38.249294],[15.743097,38.250162],[15.745962,38.250636],[15.753783,38.251814],[15.763528,38.253109],[15.76567,38.253679],[15.765809,38.253734],[15.766863,38.25409],[15.768229,38.254634],[15.768971,38.254975],[15.770111,38.255561],[15.77123,38.256135],[15.77251,38.256966],[15.773884,38.258006],[15.775133,38.259013],[15.776995,38.260415],[15.77796,38.26106],[15.778928,38.26164],[15.779797,38.262129],[15.784769,38.264661],[15.785435,38.264968],[15.788018,38.266207],[15.788585,38.266438],[15.7893,38.266704],[15.790645,38.26709],[15.791978,38.267391],[15.792512,38.267497],[15.793255,38.267673],[15.79424,38.267949],[15.795363,38.26832],[15.796511,38.268736],[15.79691,38.268905],[15.797336,38.269057],[15.797726,38.269233],[15.798901,38.26972],[15.800004,38.270133],[15.801166,38.270499],[15.803391,38.271172],[15.805806,38.271873],[15.807274,38.27225],[15.807501,38.272325],[15.808073,38.272488],[15.809275,38.272928],[15.810217,38.273367],[15.811134,38.273914],[15.811783,38.274411],[15.812655,38.275239],[15.813116,38.275761],[15.813368,38.276119],[15.814503,38.278016],[15.815404,38.279342],[15.815855,38.27989],[15.816509,38.280599],[15.816917,38.280973],[15.817811,38.28163],[15.819588,38.282783],[15.82154,38.283866],[15.822105,38.284179],[15.835085,38.290832],[15.83565,38.291124],[15.835884,38.291249],[15.836731,38.291711],[15.837667,38.292251],[15.838584,38.292814],[15.838698,38.292883],[15.839716,38.293621],[15.840206,38.293984],[15.840621,38.294398],[15.841061,38.294816],[15.84163,38.295461],[15.842153,38.29617],[15.842503,38.296828],[15.842781,38.297458],[15.84299,38.298138],[15.84331,38.299549],[15.843712,38.30192],[15.843997,38.30367],[15.844224,38.305459],[15.844283,38.306185],[15.844314,38.30764],[15.844245,38.308813],[15.84411,38.309737],[15.844069,38.309949],[15.843959,38.31045],[15.843691,38.311493],[15.843216,38.313015],[15.842494,38.315328],[15.842097,38.316893],[15.842022,38.317282],[15.841947,38.317887],[15.841942,38.318953],[15.842037,38.319751],[15.842202,38.320601],[15.842425,38.321289],[15.842709,38.321968],[15.843115,38.322786],[15.843584,38.323527],[15.843864,38.323902],[15.844633,38.324809],[15.845683,38.325795],[15.846217,38.326217],[15.846861,38.326668],[15.847725,38.327202],[15.848636,38.32768],[15.84906,38.327929],[15.851769,38.329294],[15.858124,38.332624],[15.858792,38.333058],[15.858928,38.333155],[15.859492,38.333553],[15.8598,38.33379],[15.860388,38.33431],[15.861096,38.335031],[15.861593,38.335574],[15.862316,38.33648],[15.864662,38.339286],[15.86495,38.339608],[15.865183,38.339874],[15.865568,38.340271],[15.865995,38.340794],[15.866314,38.341143],[15.866785,38.341797],[15.867501,38.342702],[15.867668,38.342911],[15.868438,38.344006],[15.869083,38.345025],[15.869272,38.345395],[15.869751,38.346438],[15.869992,38.347157],[15.87012,38.347738],[15.870215,38.348388],[15.87026,38.349048],[15.87025,38.349419],[15.870212,38.34982],[15.87008,38.350631],[15.869907,38.351248],[15.869693,38.351838],[15.869343,38.352574],[15.868932,38.353296],[15.868216,38.35428],[15.867456,38.355231],[15.867281,38.355425],[15.866693,38.356191],[15.866115,38.357082],[15.865705,38.357908],[15.865506,38.358434],[15.865325,38.359042],[15.865199,38.359682],[15.865116,38.360397],[15.8651,38.361149],[15.865132,38.362552],[15.865136,38.362771],[15.865149,38.362888],[15.865208,38.363666],[15.865267,38.365138],[15.865297,38.365862],[15.865398,38.367256],[15.865417,38.367671],[15.86548,38.368349],[15.865561,38.36884],[15.865636,38.369141],[15.865783,38.369601],[15.866066,38.370278],[15.866316,38.370707],[15.866682,38.371269],[15.867216,38.371941],[15.868808,38.373681],[15.869668,38.374597],[15.871016,38.376029],[15.871451,38.376485],[15.872267,38.37736],[15.873375,38.378426],[15.874208,38.379104],[15.875443,38.379955],[15.876262,38.380438],[15.877851,38.381153],[15.878656,38.381475],[15.87955,38.381739],[15.880791,38.382028],[15.881942,38.382239],[15.883116,38.382406],[15.884141,38.382538],[15.885437,38.382673],[15.887455,38.382915],[15.888626,38.383117],[15.889826,38.383394],[15.892343,38.384086],[15.894176,38.38463],[15.894991,38.384939],[15.895582,38.385215],[15.896285,38.385623],[15.89688,38.386015],[15.897399,38.386381],[15.899712,38.388245],[15.900987,38.38927],[15.902821,38.39076],[15.903371,38.391239],[15.903951,38.391783],[15.904249,38.392123],[15.90455,38.392493],[15.904922,38.39301],[15.905448,38.393884],[15.906138,38.395256],[15.906288,38.395603],[15.906427,38.396016],[15.906516,38.39642],[15.906578,38.39687],[15.906627,38.397363],[15.906704,38.39859],[15.90674,38.39897],[15.906806,38.399354],[15.906889,38.399704],[15.907232,38.400604],[15.907416,38.400976],[15.907603,38.40128],[15.908129,38.40194],[15.909691,38.403708],[15.910417,38.40446],[15.912253,38.406512],[15.913005,38.407302],[15.913996,38.408137],[15.914761,38.408719],[15.916743,38.410315],[15.917248,38.410762],[15.917575,38.411077],[15.918288,38.411829],[15.918692,38.412304],[15.919011,38.41273],[15.919401,38.413315],[15.919695,38.413796],[15.919925,38.414218],[15.920165,38.414714],[15.920531,38.415582],[15.920979,38.416756],[15.921029,38.416892],[15.921458,38.418018],[15.921577,38.418334],[15.923531,38.423319],[15.924129,38.424652],[15.924377,38.425124],[15.924968,38.426173],[15.925269,38.426648],[15.925793,38.427388],[15.926092,38.427774],[15.926704,38.428502],[15.927587,38.429415],[15.928154,38.429929],[15.929295,38.430943],[15.930444,38.431889],[15.932142,38.43333],[15.934287,38.435105],[15.935279,38.435888],[15.936304,38.436643],[15.937168,38.437195],[15.937884,38.437619],[15.938989,38.438206],[15.939875,38.438619],[15.940978,38.439078],[15.942027,38.439492],[15.944522,38.440407],[15.945393,38.440748],[15.946245,38.441116],[15.946719,38.441345],[15.947863,38.441956],[15.948829,38.442569],[15.949643,38.443125],[15.95054,38.443766],[15.951539,38.444517],[15.953023,38.445563],[15.953799,38.446015],[15.95442,38.446334],[15.955136,38.446659],[15.955989,38.446993],[15.956706,38.447228],[15.957993,38.447573],[15.960047,38.448098],[15.961916,38.448679],[15.962848,38.449025],[15.964171,38.449559],[15.964671,38.449781],[15.965662,38.450271],[15.966991,38.450976],[15.967953,38.451559],[15.968958,38.452212],[15.96993,38.452905],[15.970492,38.453345],[15.971293,38.454028],[15.972513,38.455125],[15.973319,38.455884],[15.977027,38.459397],[15.979926,38.462197],[15.980586,38.462777],[15.981353,38.463417],[15.981977,38.463892],[15.982449,38.464218],[15.983073,38.464614],[15.983801,38.465035],[15.986861,38.466714],[15.989669,38.46823],[15.991655,38.469328],[15.993384,38.470267],[15.994394,38.470866],[15.994975,38.47127],[15.995596,38.471751],[15.996024,38.47214],[15.99641,38.472534],[15.996963,38.473172],[15.99866,38.475391],[15.99915,38.476056],[15.999707,38.476904],[16.000044,38.477488],[16.00032,38.478062],[16.000582,38.478654],[16.000813,38.479253],[16.001057,38.47993],[16.001565,38.481465],[16.00165,38.481696],[16.002107,38.482786],[16.002426,38.483478],[16.002661,38.483908],[16.003113,38.484581],[16.003367,38.484898],[16.003686,38.485246],[16.00431,38.485833],[16.004823,38.486254],[16.005359,38.486644],[16.006436,38.487382],[16.007387,38.488061],[16.007874,38.488461],[16.008343,38.488904],[16.008564,38.489131],[16.009041,38.489684],[16.009523,38.490329],[16.010109,38.49128],[16.010926,38.49262],[16.01146,38.493411],[16.011756,38.493788],[16.012025,38.494138],[16.012726,38.49488],[16.013085,38.495196],[16.013476,38.495508],[16.014102,38.496],[16.014611,38.496353],[16.015949,38.497103],[16.017007,38.497609],[16.018312,38.498153],[16.019967,38.498707],[16.020622,38.498898],[16.022246,38.499293],[16.023159,38.499487],[16.02544,38.499893],[16.027412,38.500287],[16.02817,38.500473],[16.029289,38.500789],[16.030335,38.501167],[16.031638,38.501728],[16.031992,38.50191],[16.033234,38.502612],[16.037813,38.505366],[16.039837,38.506592],[16.042506,38.508275],[16.043809,38.509176],[16.044352,38.509572],[16.04579,38.510682],[16.047117,38.511829],[16.047723,38.512396],[16.048463,38.513178],[16.049444,38.514417],[16.049956,38.515191],[16.050946,38.516841],[16.051575,38.51801],[16.052128,38.519171],[16.052489,38.520026],[16.052752,38.520865],[16.052924,38.521626],[16.053028,38.522472],[16.053091,38.523286],[16.053025,38.524152],[16.052867,38.525168],[16.052575,38.526688],[16.052403,38.527772],[16.052339,38.52875],[16.052444,38.529789],[16.052621,38.530571],[16.052867,38.531303],[16.053259,38.532117],[16.05375,38.532865],[16.054045,38.533259],[16.054298,38.533557],[16.05473,38.533997],[16.055445,38.534671],[16.056789,38.535928],[16.058355,38.537438],[16.059186,38.538312],[16.060021,38.539127],[16.062727,38.54188],[16.063694,38.54288],[16.06459,38.543875],[16.065094,38.544539],[16.065648,38.545304],[16.06648,38.546569],[16.068117,38.549158],[16.068743,38.550178],[16.069201,38.550987],[16.069414,38.551409],[16.069728,38.55219],[16.069927,38.552904],[16.069992,38.553441],[16.070047,38.553839],[16.07012,38.554646],[16.070276,38.555874],[16.070543,38.557019],[16.070677,38.55741],[16.070986,38.558061],[16.071364,38.558738],[16.071597,38.559087],[16.072102,38.559748],[16.073303,38.560903],[16.074031,38.561481],[16.074574,38.561841],[16.075604,38.562385],[16.076457,38.562744],[16.079894,38.563997],[16.081177,38.564517],[16.08358,38.565556],[16.08439,38.565947],[16.085066,38.566308],[16.085811,38.566779],[16.086198,38.567061],[16.086645,38.567415],[16.087266,38.56797],[16.088864,38.569521],[16.089359,38.569983],[16.090376,38.570814],[16.090742,38.571071],[16.091562,38.571591],[16.092541,38.572098],[16.093645,38.572555],[16.094353,38.572797],[16.095148,38.573018],[16.096443,38.573269],[16.097164,38.573368],[16.098851,38.573538],[16.101674,38.57374],[16.104777,38.57398],[16.109601,38.57438],[16.11208,38.574675],[16.115571,38.575355],[16.118133,38.576039],[16.1222,38.57751],[16.125021,38.578806],[16.127819,38.580071],[16.129253,38.580774],[16.129801,38.581062],[16.13099,38.581783],[16.13199,38.582481],[16.132816,38.583171],[16.133458,38.583788],[16.133876,38.584252],[16.134386,38.584878],[16.134951,38.585707],[16.135152,38.586035],[16.135363,38.586428],[16.135737,38.587241],[16.135898,38.587639],[16.136043,38.588058],[16.136306,38.588947],[16.136426,38.589442],[16.13682,38.591445],[16.136966,38.592322],[16.137336,38.593696],[16.137522,38.594203],[16.137732,38.594692],[16.137958,38.595123],[16.138308,38.595725],[16.13869,38.596308],[16.139081,38.596833],[16.140137,38.598161],[16.140868,38.599119],[16.142405,38.601077],[16.143334,38.602091],[16.143732,38.602484],[16.145083,38.603705],[16.146023,38.604626],[16.146521,38.605176],[16.146997,38.605755],[16.147413,38.606297],[16.150051,38.609845],[16.150896,38.610892],[16.15166,38.611768],[16.152479,38.61267],[16.15299,38.613167],[16.153732,38.613841],[16.154528,38.61453],[16.155678,38.615615],[16.156237,38.616159],[16.15658,38.616517],[16.157405,38.617455],[16.158056,38.618333],[16.158591,38.619161],[16.158931,38.619762],[16.159223,38.620377],[16.15967,38.621442],[16.160014,38.622362],[16.160606,38.623971],[16.160978,38.624836],[16.161234,38.625345],[16.161428,38.62569],[16.161768,38.62627],[16.162416,38.627181],[16.163142,38.628072],[16.163957,38.628956],[16.164418,38.629374],[16.165469,38.630245],[16.166491,38.630985],[16.167243,38.631451],[16.167909,38.631839],[16.168298,38.63207],[16.170678,38.633337],[16.172345,38.634265],[16.173294,38.634832],[16.174248,38.63543],[16.175162,38.63604],[16.176964,38.637373],[16.17786,38.638104],[16.178427,38.638603],[16.180659,38.640675],[16.182259,38.642487],[16.182705,38.64301],[16.183395,38.64393],[16.18429,38.645162],[16.18504,38.646247],[16.185085,38.646326],[16.185871,38.647443],[16.187162,38.649378],[16.187695,38.650231],[16.188273,38.651232],[16.188449,38.651589],[16.188676,38.652152],[16.188998,38.653054],[16.189262,38.654139],[16.189447,38.655191],[16.189473,38.655703],[16.189499,38.656214],[16.189432,38.656943],[16.189333,38.657647],[16.188976,38.659025],[16.188811,38.65947],[16.188292,38.66075],[16.187343,38.662713],[16.186732,38.664037],[16.186364,38.6647],[16.186252,38.664968],[16.185545,38.666309],[16.185057,38.667153],[16.184712,38.667658],[16.184287,38.66823],[16.183217,38.669486],[16.182149,38.670605],[16.181788,38.670967],[16.180923,38.671919],[16.179482,38.673461],[16.178357,38.674723],[16.177751,38.675371],[16.177039,38.676114],[16.175826,38.677304],[16.174434,38.678479],[16.173746,38.679013],[16.172592,38.679824],[16.172297,38.680047],[16.171573,38.68047],[16.170064,38.681262],[16.169314,38.681592],[16.166687,38.682679],[16.165355,38.683201],[16.164727,38.683475],[16.164153,38.683818],[16.16379,38.684056],[16.163136,38.684563],[16.162314,38.685337],[16.161361,38.686315],[16.160872,38.686782],[16.160104,38.687536],[16.158508,38.689211],[16.158219,38.689613],[16.157843,38.690187],[16.157507,38.690787],[16.157255,38.691349],[16.156977,38.692196],[16.155828,38.696294],[16.155696,38.696696],[16.155588,38.697178],[16.15547,38.697602],[16.15544,38.697851],[16.155441,38.698102],[16.155459,38.698615],[16.155655,38.699675],[16.155684,38.700201],[16.155667,38.700531],[16.155524,38.701184],[16.155382,38.701604],[16.155239,38.701915],[16.155159,38.702046],[16.154993,38.702307],[16.154868,38.702505],[16.154569,38.702981],[16.154391,38.703329],[16.154197,38.703798],[16.154112,38.704057],[16.154011,38.704444],[16.153941,38.704805],[16.153901,38.705743],[16.153903,38.707602],[16.153864,38.709852],[16.153868,38.711503],[16.153914,38.712578],[16.153983,38.713286],[16.154081,38.713996],[16.1547,38.716711],[16.154977,38.717887],[16.155038,38.718064],[16.15523,38.71849],[16.155369,38.718708],[16.155717,38.719165],[16.156421,38.71977],[16.159008,38.721799],[16.16009,38.722873],[16.163633,38.7268],[16.165166,38.728425],[16.16717,38.730677],[16.167706,38.731214],[16.168394,38.731843],[16.168723,38.732089],[16.169906,38.732816],[16.170494,38.73311],[16.171006,38.733317],[16.171776,38.733591],[16.172382,38.733778],[16.175632,38.734541],[16.176487,38.734762],[16.176833,38.734852],[16.177463,38.735063],[16.178267,38.735385],[16.179119,38.735811],[16.17967,38.736132],[16.180412,38.736657],[16.180786,38.736949],[16.181101,38.737229],[16.18201,38.738158],[16.182391,38.738448],[16.182577,38.738571],[16.182952,38.738773],[16.184213,38.739301],[16.184816,38.739585],[16.185219,38.739831],[16.185627,38.740137],[16.185801,38.740295],[16.186125,38.740659],[16.186719,38.741449],[16.187617,38.742729],[16.188348,38.743915],[16.188917,38.745035],[16.189258,38.745844],[16.189611,38.746794],[16.189911,38.747693],[16.190093,38.748107],[16.190237,38.748346],[16.190403,38.748563],[16.190658,38.74885],[16.190929,38.749106],[16.191021,38.749192],[16.191455,38.749564],[16.191521,38.74962],[16.192051,38.750075],[16.192412,38.750433],[16.192707,38.750831],[16.193499,38.75215],[16.19371,38.752391],[16.193956,38.752632],[16.194475,38.753005],[16.194896,38.75323],[16.196283,38.753802],[16.196382,38.753843],[16.197232,38.754172],[16.197688,38.754365],[16.197902,38.754471],[16.198187,38.754646],[16.198574,38.754922],[16.198797,38.755111],[16.199291,38.755619],[16.199494,38.755914],[16.200136,38.75683],[16.201069,38.757969],[16.201278,38.758243],[16.201542,38.7586],[16.201921,38.759245],[16.202175,38.759787],[16.202805,38.761643],[16.202926,38.761964],[16.203089,38.762257],[16.203272,38.762514],[16.204318,38.763622],[16.204506,38.763891],[16.205423,38.765549],[16.205835,38.76616],[16.207181,38.767775],[16.207552,38.768162],[16.207965,38.768525],[16.20874,38.769117],[16.209311,38.769515],[16.209741,38.769764],[16.210992,38.770427],[16.212294,38.771112],[16.212358,38.771148],[16.212928,38.771506],[16.213237,38.77175],[16.213557,38.772046],[16.213687,38.772188],[16.214113,38.772739],[16.21434,38.773158],[16.214613,38.77382],[16.214752,38.774147],[16.215066,38.775002],[16.218663,38.784034],[16.21891,38.784641],[16.21914,38.78509],[16.219428,38.785623],[16.219788,38.786167],[16.220513,38.787094],[16.22227,38.789168],[16.222653,38.78966],[16.222958,38.790088],[16.223314,38.790687],[16.223615,38.791297],[16.22378,38.791733],[16.223952,38.792272],[16.224272,38.793464],[16.224665,38.794705],[16.22496,38.795335],[16.225261,38.79589],[16.225777,38.796642],[16.226357,38.797361],[16.227821,38.799009],[16.228498,38.799795],[16.228956,38.800421],[16.229237,38.800837],[16.231136,38.804905],[16.234487,38.812291],[16.235584,38.814647],[16.235983,38.815422],[16.236431,38.816187],[16.23687,38.816804],[16.237393,38.817464],[16.237778,38.817901],[16.238154,38.818276],[16.238673,38.818751],[16.239299,38.81926],[16.239964,38.819738],[16.240275,38.819951],[16.240853,38.820308],[16.241629,38.82073],[16.242218,38.821021],[16.243557,38.821602],[16.246412,38.822757],[16.247873,38.823429],[16.248604,38.82381],[16.249156,38.824136],[16.249713,38.824498],[16.250083,38.824752],[16.250483,38.825062],[16.2511,38.825582],[16.251442,38.825891],[16.252405,38.826905],[16.25309,38.82772],[16.253538,38.828284],[16.254091,38.829047],[16.254989,38.830345],[16.258289,38.835235],[16.25886,38.836033],[16.259417,38.836685],[16.259558,38.836859],[16.260541,38.838016],[16.261219,38.83886],[16.261716,38.839533],[16.261809,38.839665],[16.262711,38.841122],[16.264105,38.843894],[16.264399,38.844447],[16.264721,38.844988],[16.265165,38.845669],[16.265812,38.84656],[16.267772,38.848988],[16.268369,38.849752],[16.268783,38.850257],[16.272824,38.855201],[16.272957,38.855365],[16.273656,38.856247],[16.274027,38.856779],[16.274477,38.857568],[16.274802,38.858327],[16.275029,38.859037],[16.27558,38.861019],[16.275786,38.861608],[16.276024,38.862139],[16.276266,38.862621],[16.276488,38.863015],[16.276735,38.863395],[16.277279,38.864101],[16.278249,38.865102],[16.279111,38.86593],[16.280002,38.866868],[16.280443,38.867383],[16.28075,38.867819],[16.281033,38.868281],[16.281293,38.868856],[16.281475,38.869383],[16.281584,38.869788],[16.281645,38.870305],[16.281677,38.870768],[16.281595,38.875487],[16.281537,38.877073],[16.281494,38.878972],[16.281439,38.880169],[16.281323,38.881317],[16.281082,38.883075],[16.280399,38.887476],[16.280361,38.887699],[16.279588,38.892802],[16.279432,38.893668],[16.279393,38.894031],[16.279183,38.895375],[16.278377,38.900623],[16.278275,38.901256],[16.278209,38.901615],[16.278097,38.902047],[16.277988,38.902415],[16.277751,38.903068],[16.277545,38.903505],[16.277258,38.904026],[16.27683,38.904688],[16.275004,38.906848],[16.274549,38.907336],[16.271621,38.910737],[16.270709,38.911759],[16.270171,38.912402],[16.268557,38.914245],[16.268016,38.91484],[16.266718,38.916312],[16.265098,38.918189],[16.264872,38.918457],[16.263837,38.919668],[16.263808,38.919699],[16.263536,38.920019],[16.262733,38.920913],[16.262178,38.921461],[16.261717,38.921866],[16.261398,38.922115],[16.260742,38.922545],[16.259485,38.923283],[16.258295,38.923807],[16.257568,38.924078],[16.250071,38.926204],[16.249789,38.926283],[16.245329,38.927546],[16.245077,38.927618],[16.24405,38.927908],[16.243066,38.928187],[16.241665,38.928581],[16.240185,38.928964],[16.239934,38.92903],[16.239176,38.929224],[16.238669,38.929347],[16.237766,38.929564],[16.233262,38.930507],[16.23088,38.93101],[16.23005,38.931212],[16.227723,38.931822],[16.226238,38.932239],[16.224082,38.932889],[16.222403,38.933444],[16.22199,38.933584],[16.220138,38.934223],[16.219678,38.934393],[16.205758,38.939144],[16.205537,38.939221],[16.202579,38.940226],[16.200985,38.940732],[16.20018,38.940972],[16.197375,38.941777],[16.197254,38.941811],[16.195603,38.942283],[16.194926,38.942495],[16.193744,38.94291],[16.192744,38.943319],[16.192196,38.943565],[16.191375,38.943966],[16.190507,38.944429],[16.18965,38.944945],[16.188575,38.945625],[16.186177,38.947223],[16.185479,38.947665],[16.185322,38.947759],[16.184706,38.948104],[16.184229,38.948352],[16.183288,38.948788],[16.182139,38.949236],[16.18129,38.949521],[16.180879,38.949639],[16.180127,38.949845],[16.178946,38.950094],[16.17841,38.950187],[16.177783,38.950279],[16.17625,38.950438],[16.174718,38.950529],[16.169987,38.950767],[16.167195,38.950882],[16.165098,38.950987],[16.16436,38.951036],[16.16352,38.951116],[16.163115,38.951167],[16.162671,38.951247],[16.161822,38.951441],[16.161378,38.951579],[16.160663,38.951854],[16.159892,38.952234],[16.159435,38.952514],[16.158806,38.952996],[16.158288,38.95345],[16.157946,38.953817],[16.157313,38.954612],[16.156979,38.955116],[16.156713,38.955612],[16.156315,38.956492],[16.156127,38.956996],[16.155985,38.95744],[16.155796,38.958196],[16.155658,38.959099],[16.155596,38.959627],[16.155556,38.960223],[16.155475,38.963772],[16.155391,38.96495],[16.155274,38.965622],[16.155093,38.966394],[16.154923,38.966984],[16.154701,38.967632],[16.15444,38.968314],[16.154183,38.96893],[16.153053,38.971628],[16.152756,38.972228],[16.152392,38.972844],[16.152066,38.973241],[16.151729,38.973612],[16.151306,38.974013],[16.150945,38.974305],[16.150756,38.974446],[16.150018,38.974915],[16.149189,38.975354],[16.148184,38.975847],[16.147482,38.976264],[16.146758,38.976827],[16.146568,38.976988],[16.146188,38.977359],[16.145528,38.9782],[16.145177,38.978853],[16.145006,38.979248],[16.144848,38.97969],[16.14477,38.980034],[16.144702,38.980441],[16.144546,38.981832],[16.144437,38.982498],[16.144352,38.982838],[16.144018,38.983776],[16.143715,38.984376],[16.143387,38.98493],[16.143002,38.985455],[16.142618,38.985915],[16.142094,38.986431],[16.141588,38.986898],[16.140266,38.988253],[16.140045,38.988523],[16.139618,38.989146],[16.139423,38.989514],[16.138002,38.992324],[16.137513,38.99337],[16.137404,38.993584],[16.136887,38.99464],[16.136701,38.995065],[16.136399,38.995921],[16.136245,38.996486],[16.135843,38.998219],[16.135417,38.999954],[16.135288,39.000545],[16.134827,39.002352],[16.13426,39.0047],[16.134144,39.005067],[16.133954,39.005571],[16.133605,39.006231],[16.133305,39.006669],[16.133017,39.007038],[16.132781,39.0073],[16.132404,39.007664],[16.131563,39.008321],[16.131396,39.008437],[16.130858,39.008758],[16.129675,39.009305],[16.128919,39.009597],[16.127982,39.010035],[16.127408,39.010376],[16.126864,39.010748],[16.126598,39.010949],[16.12616,39.011334],[16.125581,39.011907],[16.125007,39.012565],[16.124838,39.012796],[16.124522,39.013343],[16.124355,39.013682],[16.123917,39.014713],[16.123547,39.015408],[16.12331,39.015785],[16.122897,39.016439],[16.122423,39.017274],[16.1223,39.017599],[16.122105,39.018214],[16.122029,39.018591],[16.121965,39.019157],[16.121951,39.019576],[16.121981,39.02004],[16.122101,39.020719],[16.122181,39.020998],[16.122251,39.021158],[16.122502,39.021793],[16.122576,39.021939],[16.122975,39.02257],[16.123111,39.02278],[16.124795,39.025595],[16.125194,39.026194],[16.125591,39.026721],[16.126151,39.027358],[16.126551,39.027769],[16.126965,39.028162],[16.127594,39.028702],[16.129275,39.029817],[16.129747,39.030078],[16.131448,39.030923],[16.13236,39.031472],[16.132656,39.031659],[16.132798,39.031775],[16.133347,39.032206],[16.133844,39.032706],[16.134194,39.033131],[16.134637,39.03379],[16.135418,39.035144],[16.136383,39.036696],[16.136472,39.036838],[16.136603,39.037033],[16.13706,39.037661],[16.137363,39.038007],[16.137682,39.038334],[16.13816,39.038768],[16.138533,39.039055],[16.139125,39.039468],[16.139621,39.039784],[16.140013,39.039997],[16.142431,39.041304],[16.143956,39.042121],[16.14451,39.042441],[16.145039,39.042797],[16.145342,39.043036],[16.145906,39.04356],[16.146179,39.04392],[16.146402,39.044285],[16.146562,39.044537],[16.147453,39.046145],[16.147673,39.046475],[16.147898,39.046792],[16.148273,39.047263],[16.148522,39.04755],[16.151265,39.050216],[16.151564,39.050527],[16.152143,39.051213],[16.152737,39.052141],[16.153161,39.052752],[16.154448,39.054725],[16.155104,39.055781],[16.155496,39.056313],[16.155701,39.056561],[16.155944,39.056788],[16.156599,39.05734],[16.15679,39.057482],[16.157265,39.057792],[16.15769,39.058003],[16.158507,39.058325],[16.159024,39.058509],[16.160645,39.059022],[16.161701,39.059338],[16.16408,39.060097],[16.164681,39.060271],[16.165286,39.060478],[16.165963,39.060743],[16.166909,39.061153],[16.167477,39.06136],[16.167766,39.061448],[16.168634,39.061667],[16.170914,39.062082],[16.171468,39.062216],[16.171854,39.062327],[16.17233,39.062499],[16.173917,39.063102],[16.174431,39.063282],[16.175134,39.063508],[16.177132,39.064107],[16.177639,39.064278],[16.178345,39.064585],[16.179028,39.064915],[16.179387,39.065151],[16.179983,39.065509],[16.180079,39.065586],[16.180666,39.066053],[16.181032,39.06642],[16.181337,39.066726],[16.181664,39.066998],[16.182042,39.067233],[16.182487,39.067451],[16.182813,39.067562],[16.1838,39.067804],[16.184797,39.068111],[16.185088,39.068214],[16.185473,39.068437],[16.185688,39.068612],[16.185904,39.068826],[16.186179,39.069185],[16.186359,39.069473],[16.186467,39.069707],[16.18671,39.070491],[16.18694,39.071069],[16.187196,39.071424],[16.187325,39.071567],[16.187712,39.071907],[16.188122,39.072167],[16.188556,39.072429],[16.189175,39.072833],[16.18952,39.073121],[16.189758,39.073338],[16.190181,39.074022],[16.190336,39.074303],[16.190877,39.07515],[16.191137,39.075499],[16.192102,39.076598],[16.192706,39.077298],[16.193654,39.078279],[16.194088,39.078662],[16.194671,39.079114],[16.195779,39.079749],[16.196497,39.080029],[16.197394,39.080303],[16.197904,39.080421],[16.19846,39.080523],[16.199316,39.080599],[16.199956,39.080615],[16.200354,39.080598],[16.200934,39.080541],[16.202241,39.080315],[16.203397,39.080092],[16.203819,39.080044],[16.205057,39.079963],[16.20596,39.079979],[16.206433,39.08002],[16.207148,39.08014],[16.209165,39.080549],[16.209765,39.08067],[16.210712,39.080865],[16.211569,39.081064],[16.212933,39.081436],[16.213411,39.081591],[16.214156,39.081877],[16.214809,39.082176],[16.216368,39.082956],[16.216695,39.083134],[16.217644,39.083727],[16.218313,39.084216],[16.219381,39.085053],[16.220449,39.085992],[16.22091,39.0864],[16.221592,39.086933],[16.222942,39.087975],[16.223416,39.088286],[16.223995,39.088606],[16.224829,39.088987],[16.225656,39.089275],[16.226329,39.089464],[16.227295,39.089703],[16.228804,39.09013],[16.229609,39.090404],[16.229945,39.090556],[16.230477,39.090828],[16.230895,39.091084],[16.231656,39.091599],[16.23238,39.092211],[16.232938,39.092851],[16.233465,39.09349],[16.233839,39.09395],[16.234603,39.0948],[16.235028,39.095193],[16.235622,39.09566],[16.236769,39.096462],[16.237766,39.0971],[16.238329,39.097537],[16.239436,39.098526],[16.23999,39.09909],[16.240561,39.099618],[16.241325,39.100247],[16.243488,39.101825],[16.243766,39.102044],[16.245159,39.103183],[16.246025,39.103768],[16.247237,39.104407],[16.247605,39.104652],[16.248068,39.104963],[16.248619,39.105362],[16.248865,39.105611],[16.249295,39.106051],[16.249658,39.106542],[16.250254,39.107503],[16.250735,39.108444],[16.251257,39.109407],[16.251416,39.109678],[16.251569,39.109881],[16.25173,39.11005],[16.252774,39.110929],[16.25308,39.111147],[16.253394,39.111398],[16.253812,39.111816],[16.25475,39.113091],[16.254925,39.113346],[16.255052,39.113601],[16.255213,39.114011],[16.255341,39.114526],[16.255371,39.11496],[16.255431,39.117008],[16.255461,39.117543],[16.255534,39.117795],[16.255697,39.118189],[16.256006,39.11892],[16.256195,39.119459],[16.256238,39.119772],[16.256215,39.12089],[16.256217,39.121098],[16.256316,39.121617],[16.25647,39.122079],[16.256727,39.122576],[16.257144,39.123118],[16.257409,39.123391],[16.257688,39.123641],[16.25798,39.123844],[16.25862,39.124222],[16.259114,39.124484],[16.260204,39.125053],[16.260496,39.125198],[16.260708,39.125285],[16.260868,39.125357],[16.261596,39.125527],[16.262885,39.125735],[16.26318,39.125785],[16.263492,39.125866],[16.263764,39.12596],[16.264021,39.12607],[16.264324,39.126221],[16.264618,39.12641],[16.264871,39.126616],[16.265091,39.126846],[16.265262,39.127057],[16.265396,39.12726],[16.265646,39.127751],[16.266193,39.129011],[16.266366,39.129331],[16.266716,39.129773],[16.266916,39.129951],[16.26732,39.130246],[16.26824,39.130823],[16.268421,39.130945],[16.268585,39.13108],[16.268728,39.13121],[16.26905,39.131571],[16.269298,39.131965],[16.269632,39.132602],[16.269807,39.132852],[16.269991,39.133058],[16.27022,39.133269],[16.27048,39.133478],[16.270705,39.133653],[16.271241,39.134063],[16.271416,39.134194],[16.271762,39.134524],[16.27201,39.134827],[16.27233,39.135327],[16.273505,39.137365],[16.273986,39.138192],[16.274433,39.139],[16.274548,39.139294],[16.27464,39.139608],[16.274682,39.140086],[16.274655,39.140519],[16.274565,39.141153],[16.274532,39.141586],[16.274546,39.142019],[16.274576,39.142208],[16.274719,39.142783],[16.274912,39.143152],[16.275191,39.143594],[16.275242,39.14365],[16.275886,39.144294],[16.27669,39.144835],[16.278518,39.145669],[16.280615,39.146635],[16.280954,39.146822],[16.281169,39.146963],[16.281365,39.147117],[16.281553,39.147298],[16.281734,39.147505],[16.281891,39.147717],[16.282091,39.148069],[16.283309,39.150594],[16.283742,39.1514],[16.283862,39.151572],[16.284095,39.15183],[16.284311,39.152034],[16.284566,39.152242],[16.285126,39.152579],[16.28654,39.153172],[16.287025,39.153435],[16.287176,39.153517],[16.287481,39.153718],[16.287695,39.153931],[16.287879,39.154184],[16.288051,39.154496],[16.288166,39.154698],[16.288331,39.155131],[16.288401,39.155359],[16.288428,39.155808],[16.288383,39.156207],[16.288217,39.156713],[16.287996,39.157114],[16.287267,39.158149],[16.287071,39.158486],[16.286941,39.158801],[16.28689,39.158986],[16.286825,39.159388],[16.286828,39.15972],[16.286877,39.160041],[16.287179,39.161388],[16.287256,39.161647],[16.287408,39.161978],[16.287691,39.162417],[16.287868,39.162609],[16.288308,39.162983],[16.288683,39.163235],[16.289916,39.163884],[16.290225,39.164054],[16.291546,39.164924],[16.29229,39.165406],[16.292579,39.165631],[16.292834,39.165908],[16.292976,39.166095],[16.293106,39.166302],[16.293252,39.166595],[16.293329,39.166796],[16.29338,39.167031],[16.293428,39.167463],[16.293417,39.167732],[16.293385,39.167933],[16.293343,39.168101],[16.293222,39.168431],[16.292768,39.169388],[16.292675,39.169637],[16.29263,39.169841],[16.292605,39.170117],[16.292638,39.170518],[16.292721,39.170863],[16.292802,39.171038],[16.293252,39.171808],[16.293697,39.172609],[16.293827,39.173004],[16.293874,39.173385],[16.293878,39.174117],[16.293917,39.174504],[16.293978,39.17481],[16.29411,39.175226],[16.294162,39.175363],[16.294432,39.175828],[16.29467,39.176105],[16.295083,39.176471],[16.295445,39.176724],[16.297283,39.177782],[16.299443,39.1794],[16.300146,39.179898],[16.301135,39.180725],[16.301911,39.181454],[16.302406,39.181961],[16.303299,39.182977],[16.30378,39.183587],[16.305078,39.185416],[16.305525,39.186011],[16.306128,39.186813],[16.306189,39.18691],[16.306914,39.187898],[16.308811,39.190419],[16.309329,39.191151],[16.309713,39.191713],[16.31064,39.192908],[16.31117,39.193614],[16.311783,39.194472],[16.312046,39.194882],[16.312299,39.195355],[16.312618,39.196135],[16.312693,39.196372],[16.312798,39.196868],[16.312817,39.197267],[16.312816,39.197604],[16.312759,39.198108],[16.312693,39.198466],[16.311462,39.201758],[16.31006,39.205108],[16.308263,39.209535],[16.306504,39.213818],[16.306063,39.214844],[16.30579,39.215544],[16.305536,39.216263],[16.305249,39.217388],[16.305067,39.218283],[16.303901,39.227954],[16.303762,39.22853],[16.303543,39.229051],[16.303349,39.229384],[16.303122,39.229712],[16.302875,39.230008],[16.302605,39.230273],[16.302337,39.230504],[16.300709,39.231741],[16.291386,39.238511],[16.290978,39.238856],[16.289907,39.2399],[16.289159,39.240618],[16.288736,39.240952],[16.28806,39.241448],[16.285068,39.243472],[16.284061,39.244325],[16.282485,39.246061],[16.282125,39.246454],[16.280708,39.247901],[16.280461,39.248174],[16.280207,39.248483],[16.278987,39.250187],[16.278621,39.250636],[16.278096,39.251172],[16.277825,39.251422],[16.277,39.252074],[16.276472,39.252443],[16.276081,39.252688],[16.274963,39.253278],[16.274241,39.253585],[16.273148,39.254109],[16.271415,39.254941],[16.269747,39.255702],[16.269257,39.255889],[16.268727,39.256062],[16.267807,39.256368],[16.266015,39.256843],[16.26487,39.257093],[16.263429,39.257275],[16.262874,39.257318],[16.259279,39.257542],[16.258814,39.257599],[16.258237,39.25772],[16.257844,39.257846],[16.25704,39.258162],[16.254911,39.259142],[16.254451,39.2594],[16.253481,39.260051],[16.252654,39.260775],[16.252322,39.261183],[16.252129,39.261416],[16.251621,39.262104],[16.251359,39.262586],[16.250718,39.26412],[16.250645,39.264268],[16.250448,39.264718],[16.250225,39.265149],[16.249727,39.265969],[16.24925,39.266617],[16.248746,39.26719],[16.247851,39.268081],[16.247123,39.26889],[16.246923,39.269188],[16.246814,39.269399],[16.246693,39.269691],[16.246638,39.269971],[16.246611,39.270305],[16.246641,39.270638],[16.246824,39.271243],[16.24705,39.271978],[16.247599,39.273637],[16.247788,39.2742],[16.247921,39.274603],[16.248061,39.274947],[16.248284,39.275377],[16.248767,39.276168],[16.249133,39.276711],[16.249472,39.277285],[16.249602,39.277686],[16.249635,39.277976],[16.24963,39.278207],[16.249597,39.278445],[16.249558,39.278651],[16.249474,39.27892],[16.249171,39.279439],[16.248922,39.279732],[16.248702,39.279935],[16.248327,39.280244],[16.247539,39.280805],[16.246785,39.281367],[16.245037,39.28266],[16.244948,39.282723],[16.244615,39.282999],[16.244353,39.283252],[16.243903,39.283717],[16.241571,39.286251],[16.240874,39.286968],[16.240599,39.287289],[16.240164,39.287804],[16.239797,39.288332],[16.239526,39.288809],[16.239359,39.289239],[16.239228,39.289621],[16.239058,39.290297],[16.238907,39.291104],[16.238653,39.292021],[16.237623,39.295478],[16.236861,39.297901],[16.236326,39.299723],[16.236188,39.30043],[16.236146,39.3007],[16.236111,39.301095],[16.23614,39.301881],[16.236187,39.302177],[16.236378,39.302974],[16.236496,39.303356],[16.237985,39.308138],[16.238807,39.310658],[16.239017,39.311238],[16.239203,39.311702],[16.239434,39.312138],[16.240754,39.314203],[16.241155,39.315089],[16.241438,39.315984],[16.241491,39.316373],[16.241521,39.316796],[16.241523,39.317185],[16.241456,39.317845],[16.24116,39.319039],[16.240501,39.320639],[16.240299,39.321182],[16.2401,39.321813],[16.239939,39.322511],[16.239863,39.322975],[16.239768,39.323856],[16.239789,39.325498],[16.239783,39.326703],[16.239684,39.327556],[16.239603,39.327946],[16.239415,39.328605],[16.239139,39.329354],[16.238222,39.331521],[16.237673,39.332883],[16.237544,39.333201],[16.235911,39.337125],[16.235564,39.337913],[16.235076,39.339163],[16.234905,39.339672],[16.234819,39.34],[16.234736,39.340423],[16.23468,39.340855],[16.234648,39.341496],[16.234707,39.3421],[16.234901,39.343571],[16.235187,39.34517],[16.235226,39.345669],[16.235241,39.346066],[16.235224,39.346448],[16.23513,39.347175],[16.235009,39.347808],[16.234876,39.34833],[16.234522,39.349667],[16.234328,39.350423],[16.234215,39.350936],[16.23418,39.351088],[16.233974,39.351956],[16.233853,39.352711],[16.233818,39.352946],[16.233727,39.353756],[16.233683,39.354613],[16.233606,39.356755],[16.233588,39.358071],[16.233597,39.3588],[16.233672,39.359606],[16.233819,39.360404],[16.234081,39.361339],[16.235951,39.365954],[16.236142,39.366472],[16.236391,39.367293],[16.236466,39.367682],[16.236521,39.368155],[16.23655,39.368665],[16.236561,39.369656],[16.236494,39.374301],[16.236477,39.376876],[16.236418,39.379753],[16.236464,39.382739],[16.236514,39.383174],[16.236608,39.383745],[16.236721,39.38421],[16.236914,39.384791],[16.237191,39.385426],[16.237521,39.386012],[16.237906,39.386592],[16.238346,39.387165],[16.240077,39.388977],[16.240495,39.389432],[16.2409,39.389912],[16.241297,39.390437],[16.24182,39.391254],[16.242002,39.391613],[16.242266,39.392262],[16.242497,39.392965],[16.242673,39.393735],[16.242842,39.394926],[16.243661,39.401327],[16.243778,39.402168],[16.243889,39.403256],[16.244921,39.411501],[16.244964,39.412732],[16.244869,39.413789],[16.244711,39.414664],[16.244387,39.415823],[16.243531,39.418093],[16.243181,39.419125],[16.24295,39.42001],[16.242691,39.421218],[16.242379,39.422815],[16.241777,39.426144],[16.241323,39.428463],[16.241152,39.429622],[16.240985,39.434721],[16.240934,39.435237],[16.24078,39.43599],[16.240557,39.436735],[16.240181,39.437625],[16.239354,39.439316],[16.238711,39.440575],[16.238397,39.441269],[16.238079,39.442153],[16.237953,39.442648],[16.237886,39.443228],[16.237839,39.443961],[16.237845,39.444418],[16.237894,39.445158],[16.237968,39.446328],[16.23797,39.446777],[16.237939,39.447606],[16.237884,39.448064],[16.237709,39.448896],[16.237555,39.449474],[16.237443,39.449809],[16.237284,39.450215],[16.236823,39.45118],[16.236632,39.451507],[16.236168,39.452208],[16.235514,39.453022],[16.234988,39.453571],[16.234411,39.454095],[16.233927,39.454491],[16.233333,39.454947],[16.232514,39.455522],[16.229874,39.457347],[16.226599,39.459647],[16.224948,39.460845],[16.224394,39.461289],[16.223865,39.461753],[16.22336,39.462228],[16.222894,39.4627],[16.22244,39.46321],[16.221799,39.463993],[16.221285,39.464723],[16.220968,39.465204],[16.220477,39.46608],[16.220187,39.466647],[16.219208,39.468919],[16.218959,39.469461],[16.218517,39.470537],[16.216908,39.474281],[16.216636,39.474979],[16.216287,39.475996],[16.215505,39.478947],[16.215019,39.48106],[16.214781,39.481982],[16.214202,39.484227],[16.21218,39.492352],[16.211943,39.493507],[16.2118,39.494706],[16.211587,39.495868],[16.211304,39.497051],[16.211187,39.49754],[16.210407,39.500466],[16.210135,39.501584],[16.21003,39.502139],[16.209953,39.502753],[16.209881,39.503606],[16.209875,39.50417],[16.209889,39.505442],[16.209935,39.507139],[16.209939,39.507303],[16.210001,39.509349],[16.210003,39.509531],[16.210006,39.510115],[16.210054,39.511233],[16.210063,39.511469],[16.210102,39.512236],[16.210186,39.512779],[16.210312,39.513331],[16.210461,39.513851],[16.212824,39.520009],[16.213503,39.521701],[16.213777,39.52221],[16.214165,39.522847],[16.214513,39.523307],[16.21565,39.524636],[16.216541,39.525608],[16.217367,39.52655],[16.217766,39.527071],[16.218118,39.527567],[16.218694,39.528483],[16.221095,39.532643],[16.221396,39.533154],[16.222215,39.534568],[16.222814,39.535647],[16.224057,39.538211],[16.224174,39.538457],[16.228656,39.547774],[16.23049,39.551636],[16.230826,39.552313],[16.232904,39.556651],[16.23344,39.557695],[16.234435,39.559877],[16.234905,39.560989],[16.23532,39.562114],[16.236047,39.564365],[16.238082,39.57133],[16.238387,39.57218],[16.238724,39.572911],[16.239068,39.573508],[16.239546,39.57421],[16.23987,39.574627],[16.240324,39.575154],[16.240808,39.575678],[16.242493,39.577515],[16.243713,39.579056],[16.244066,39.579582],[16.244394,39.580167],[16.244763,39.580958],[16.245099,39.581745],[16.245183,39.58197],[16.245446,39.582899],[16.245621,39.583784],[16.245691,39.584273],[16.245741,39.58468],[16.245824,39.585752],[16.245907,39.587653],[16.245921,39.587935],[16.245998,39.590769],[16.245957,39.591758],[16.245884,39.592114],[16.245778,39.592555],[16.24531,39.594041],[16.244971,39.594824],[16.244419,39.595736],[16.244079,39.596211],[16.243282,39.597042],[16.242778,39.597487],[16.242143,39.598006],[16.241473,39.598494],[16.240797,39.598943],[16.238812,39.60017],[16.237865,39.600789],[16.237055,39.601368],[16.236476,39.601819],[16.235363,39.602824],[16.23495,39.603291],[16.234627,39.603719],[16.234252,39.604262],[16.233963,39.604746],[16.233786,39.605089],[16.232917,39.607116],[16.231621,39.61071],[16.231293,39.61168],[16.230905,39.612679],[16.230578,39.613643],[16.230292,39.614662],[16.230177,39.615238],[16.230146,39.615678],[16.230129,39.616415],[16.230158,39.618722],[16.230095,39.619276],[16.229443,39.622052],[16.229162,39.62317],[16.229034,39.623743],[16.228946,39.624442],[16.228939,39.624925],[16.22898,39.625544],[16.229133,39.626307],[16.229187,39.626618],[16.229475,39.627759],[16.229975,39.629307],[16.230146,39.629684],[16.230433,39.630246],[16.230759,39.63084],[16.231072,39.631437],[16.231479,39.632315],[16.231661,39.632823],[16.231828,39.633415],[16.23193,39.633954],[16.231965,39.634252],[16.231985,39.634749],[16.231935,39.635539],[16.231757,39.636482],[16.231623,39.636912],[16.231499,39.637222],[16.230587,39.639437],[16.230091,39.640529],[16.22956,39.641573],[16.22923,39.642075],[16.228844,39.642525],[16.228415,39.642981],[16.228038,39.643339],[16.227687,39.643634],[16.227101,39.644068],[16.226501,39.644474],[16.226027,39.644746],[16.225212,39.645132],[16.2247,39.645344],[16.221486,39.646639],[16.220768,39.646984],[16.220199,39.647298],[16.219606,39.647693],[16.219083,39.64809],[16.218544,39.648565],[16.218292,39.64882],[16.217674,39.64952],[16.217305,39.650053],[16.21699,39.650586],[16.21685,39.650867],[16.216588,39.651488],[16.216452,39.651872],[16.215748,39.654764],[16.215078,39.657762],[16.214461,39.660445],[16.214123,39.662399],[16.21408,39.66305],[16.214087,39.663617],[16.214128,39.664093],[16.214182,39.664625],[16.214286,39.665118],[16.21459,39.666233],[16.217801,39.675923],[16.217885,39.676167],[16.218233,39.677188],[16.218661,39.678556],[16.218966,39.679276],[16.219021,39.679402],[16.219664,39.680691],[16.219913,39.681085],[16.220182,39.681459],[16.220814,39.68225],[16.221296,39.68276],[16.221964,39.683341],[16.225207,39.686007],[16.226228,39.686818],[16.227299,39.687625],[16.234185,39.692542],[16.234776,39.692997],[16.235243,39.693404],[16.235845,39.694008],[16.236421,39.694659],[16.236943,39.695324],[16.237442,39.696073],[16.238678,39.698118],[16.239338,39.699163],[16.239922,39.700189],[16.242338,39.704185],[16.24298,39.705316],[16.24325,39.70586],[16.243513,39.706491],[16.243708,39.707068],[16.24397,39.708123],[16.244051,39.708724],[16.244111,39.709494],[16.244082,39.71061],[16.243957,39.71149],[16.243616,39.712836],[16.2434,39.713389],[16.243018,39.714218],[16.24067,39.718662],[16.240412,39.719179],[16.239962,39.720079],[16.239488,39.720945],[16.23893,39.722116],[16.238568,39.722732],[16.237764,39.724264],[16.235107,39.729262],[16.233838,39.731601],[16.233633,39.731979],[16.232999,39.73317],[16.23274,39.733799],[16.232512,39.734587],[16.23215,39.736304],[16.231906,39.737264],[16.231769,39.737635],[16.231493,39.738276],[16.231251,39.738739],[16.230969,39.739178],[16.230476,39.739863],[16.229522,39.740977],[16.227262,39.743488],[16.226867,39.744008],[16.226543,39.7445],[16.226284,39.744957],[16.226067,39.745386],[16.225875,39.745827],[16.225685,39.746349],[16.225388,39.747525],[16.225375,39.747611],[16.224519,39.750914],[16.224175,39.752241],[16.224042,39.75257],[16.223855,39.752921],[16.223677,39.753162],[16.223481,39.753386],[16.22324,39.753622],[16.222731,39.754014],[16.221995,39.754534],[16.221456,39.755002],[16.221132,39.755448],[16.220983,39.755678],[16.220876,39.755895],[16.220774,39.756316],[16.22075,39.756611],[16.220657,39.759021],[16.220531,39.760435],[16.220495,39.761221],[16.22052,39.761472],[16.220576,39.761745],[16.220667,39.762035],[16.220769,39.762298],[16.221034,39.762831],[16.221455,39.763725],[16.222553,39.765904],[16.222888,39.76661],[16.223276,39.767365],[16.223609,39.768102],[16.22379,39.768533],[16.223947,39.769004],[16.224113,39.769594],[16.224197,39.770163],[16.224247,39.770772],[16.224245,39.771388],[16.224208,39.77191],[16.224141,39.772338],[16.224017,39.772869],[16.223609,39.77419],[16.223173,39.775599],[16.223057,39.776135],[16.222972,39.776884],[16.222954,39.777282],[16.222989,39.777582],[16.22316,39.778385],[16.223937,39.780606],[16.225279,39.784084],[16.226381,39.787137],[16.227958,39.791409],[16.228199,39.791952],[16.228437,39.792411],[16.228792,39.792943],[16.229374,39.793671],[16.229984,39.794317],[16.230432,39.794729],[16.231227,39.795344],[16.231752,39.795674],[16.232872,39.796275],[16.23381,39.796662],[16.23473,39.796954],[16.235842,39.797284],[16.23622,39.797389],[16.236647,39.797524],[16.237007,39.797658],[16.23762,39.79795],[16.238163,39.798259],[16.238472,39.798472],[16.238993,39.798894],[16.243101,39.802385],[16.250848,39.808891],[16.251365,39.80937],[16.25155,39.809577],[16.25195,39.810069],[16.252117,39.810351],[16.252256,39.810631],[16.253315,39.813507],[16.255093,39.818331],[16.255268,39.818766],[16.255449,39.819148],[16.255723,39.819651],[16.256202,39.820404],[16.256604,39.820931],[16.25851,39.823274],[16.259015,39.824024],[16.259279,39.824572],[16.259484,39.825107],[16.259624,39.825707],[16.259701,39.826301],[16.259687,39.826878],[16.259641,39.827474],[16.259531,39.828053],[16.259454,39.828334],[16.259237,39.828932],[16.257598,39.832329],[16.257483,39.832529],[16.257343,39.832842],[16.257268,39.833003],[16.256355,39.834771],[16.256118,39.835191],[16.256043,39.835306],[16.255682,39.835819],[16.255126,39.836475],[16.25426,39.837291],[16.253746,39.837701],[16.253232,39.838076],[16.252562,39.838482],[16.248098,39.841027],[16.246883,39.841696],[16.245988,39.842134],[16.245101,39.842533],[16.242735,39.843545],[16.238157,39.845453],[16.236425,39.846216],[16.234694,39.846821],[16.233665,39.847081],[16.232782,39.847247],[16.231859,39.84739],[16.231187,39.847471],[16.230349,39.847522],[16.224302,39.847794],[16.222297,39.847929],[16.22159,39.848001],[16.21624,39.848761],[16.213641,39.849137],[16.21291,39.849238],[16.211288,39.84953],[16.209746,39.850005],[16.208174,39.85073],[16.205312,39.852047],[16.204061,39.852687],[16.203289,39.853165],[16.199746,39.855554],[16.197386,39.857176],[16.193384,39.859894],[16.192638,39.860422],[16.192084,39.860761],[16.191644,39.861014],[16.190925,39.861385],[16.186698,39.863405],[16.18445,39.864457],[16.183601,39.864916],[16.182698,39.865494],[16.180026,39.867231],[16.176899,39.869317],[16.17498,39.870537],[16.171844,39.87259],[16.171541,39.872789],[16.171482,39.872827],[16.17,39.873761],[16.168984,39.874448],[16.168593,39.874744],[16.168345,39.874939],[16.16808,39.875169],[16.16748,39.875712],[16.166582,39.876673],[16.16628,39.876992],[16.165723,39.877614],[16.165148,39.878212],[16.163049,39.880494],[16.162708,39.880852],[16.161014,39.882663],[16.160463,39.88326],[16.159259,39.88453],[16.15881,39.884929],[16.158384,39.88526],[16.158015,39.885522],[16.157292,39.885967],[16.156923,39.886168],[16.155884,39.886765],[16.155182,39.887164],[16.154097,39.887771],[16.153357,39.888155],[16.152446,39.888532],[16.15047,39.889176],[16.150111,39.889278],[16.149601,39.889412],[16.148333,39.889643],[16.147593,39.889745],[16.146967,39.889814],[16.146388,39.889848],[16.145666,39.889862],[16.144719,39.889827],[16.144012,39.889774],[16.143428,39.889719],[16.142733,39.889622],[16.142284,39.889539],[16.141149,39.889292],[16.140534,39.889098],[16.139794,39.888786],[16.139179,39.888527],[16.137755,39.887882],[16.136737,39.887207],[16.135992,39.886615],[16.135288,39.885967],[16.133905,39.884502],[16.133044,39.883518],[16.132181,39.8826],[16.131815,39.882242],[16.13048,39.881091],[16.12976,39.880471],[16.129303,39.880001],[16.12879,39.879382],[16.127411,39.877646],[16.127066,39.877221],[16.126914,39.877035],[16.124392,39.874012],[16.123024,39.872427],[16.122552,39.87197],[16.122045,39.871553],[16.121369,39.87107],[16.120827,39.870733],[16.119987,39.870275],[16.119693,39.870131],[16.118681,39.869759],[16.117917,39.869539],[16.114694,39.868877],[16.113202,39.868602],[16.111218,39.868331],[16.110627,39.868282],[16.109964,39.868203],[16.108234,39.867994],[16.106576,39.867843],[16.104502,39.867759],[16.103934,39.867735],[16.103375,39.867712],[16.102655,39.867695],[16.101425,39.867639],[16.100136,39.867549],[16.099595,39.867512],[16.099034,39.867444],[16.09849,39.867355],[16.098394,39.867335],[16.097884,39.867246],[16.097267,39.867114],[16.096231,39.866789],[16.094984,39.866294],[16.092911,39.865386],[16.091719,39.864905],[16.090811,39.864569],[16.090696,39.864526],[16.089655,39.864267],[16.088944,39.86413],[16.088282,39.864065],[16.087466,39.864024],[16.086118,39.864097],[16.085208,39.864217],[16.083504,39.864714],[16.08293,39.864929],[16.081799,39.865482],[16.08097,39.866017],[16.080219,39.866692],[16.079382,39.867574],[16.078499,39.868577],[16.077909,39.869191],[16.077358,39.86972],[16.076552,39.870353],[16.075977,39.870757],[16.07545,39.871066],[16.074747,39.871489],[16.07311,39.872418],[16.072206,39.87297],[16.07039,39.874196],[16.069739,39.874653],[16.069229,39.875045],[16.068058,39.875791],[16.067519,39.876107],[16.066836,39.876445],[16.065912,39.876835],[16.06528,39.877058],[16.062618,39.877821],[16.061428,39.878216],[16.060438,39.878659],[16.059799,39.879004],[16.05933,39.879284],[16.058308,39.880033],[16.057258,39.880922],[16.051701,39.88587],[16.050456,39.886879],[16.049539,39.887463],[16.048402,39.888073],[16.047426,39.888464],[16.046432,39.888817],[16.045414,39.889069],[16.0444,39.889266],[16.043601,39.889373],[16.042147,39.889472],[16.041395,39.889484],[16.040382,39.88945],[16.039415,39.889385],[16.038435,39.889317],[16.031871,39.888823],[16.031302,39.888768],[16.030669,39.888682],[16.029967,39.888556],[16.029176,39.888351],[16.028333,39.888084],[16.027739,39.88785],[16.025411,39.886785],[16.024791,39.886537],[16.024234,39.886334],[16.022665,39.88586],[16.020703,39.885306],[16.020105,39.88515],[16.019503,39.885016],[16.015311,39.884262],[16.014849,39.884163],[16.01418,39.883968],[16.013724,39.883814],[16.012904,39.883455],[16.012341,39.883133],[16.011792,39.882772],[16.011482,39.882528],[16.010562,39.881722],[16.009515,39.880768],[16.008658,39.880135],[16.007901,39.879706],[16.007149,39.879374],[16.006563,39.87916],[16.006133,39.879031],[16.004954,39.87876],[16.003285,39.878432],[15.99954,39.877755],[15.998613,39.877585],[15.99694,39.877294],[15.996537,39.877222],[15.995957,39.877138],[15.995404,39.877077],[15.994819,39.877048],[15.994305,39.877044],[15.99366,39.877089],[15.993204,39.877162],[15.992818,39.877234],[15.992074,39.87744],[15.99166,39.877582],[15.991303,39.877746],[15.990916,39.877937],[15.988615,39.879231],[15.986816,39.880273],[15.986666,39.88036],[15.984897,39.881411],[15.98422,39.881856],[15.983816,39.88215],[15.983147,39.88268],[15.982482,39.883285],[15.982117,39.883672],[15.981768,39.884075],[15.981304,39.884674],[15.980966,39.885154],[15.980542,39.885895],[15.980076,39.886924],[15.979893,39.887476],[15.979765,39.887924],[15.979534,39.889151],[15.979491,39.889929],[15.979496,39.890637],[15.979716,39.892777],[15.979754,39.893732],[15.979716,39.894469],[15.979582,39.895247],[15.979319,39.895971],[15.979013,39.89665],[15.978714,39.897184],[15.978353,39.897647],[15.977939,39.898088],[15.977202,39.898768],[15.976511,39.899279],[15.975889,39.899659],[15.97507,39.900077],[15.974808,39.900198],[15.974651,39.90026],[15.973485,39.900736],[15.972363,39.901208],[15.967029,39.903412],[15.966273,39.903737],[15.965045,39.904341],[15.964819,39.904462],[15.964604,39.904601],[15.964196,39.9049],[15.963838,39.905208],[15.963677,39.90539],[15.96348,39.905599],[15.962999,39.90625],[15.962763,39.906689],[15.962574,39.907127],[15.962494,39.907369],[15.962336,39.908211],[15.962312,39.908757],[15.962324,39.90914],[15.962357,39.909414],[15.962431,39.90979],[15.962559,39.910189],[15.962943,39.911067],[15.964043,39.912849],[15.964775,39.913975],[15.96509,39.914461],[15.966616,39.916901],[15.967102,39.917792],[15.967357,39.918389],[15.967484,39.918762],[15.967614,39.919196],[15.967701,39.919617],[15.967762,39.920312],[15.967755,39.920782],[15.967726,39.921233],[15.967617,39.921844],[15.967438,39.922493],[15.967316,39.92283],[15.966446,39.925057],[15.965442,39.927605],[15.964913,39.928878],[15.964265,39.930165],[15.963931,39.930694],[15.963556,39.931248],[15.963138,39.931836],[15.962612,39.932426],[15.962057,39.933032],[15.961537,39.933708],[15.961277,39.934058],[15.96105,39.934439],[15.960844,39.93485],[15.960675,39.935266],[15.960507,39.935783],[15.959341,39.939841],[15.959224,39.940384],[15.959171,39.940926],[15.959184,39.941272],[15.959239,39.94186],[15.959326,39.94242],[15.959347,39.942724],[15.95935,39.94314],[15.959323,39.943536],[15.959311,39.943635],[15.959212,39.944207],[15.959081,39.944679],[15.958888,39.945139],[15.958688,39.945531],[15.958328,39.946071],[15.95784,39.946649],[15.957202,39.947216],[15.956408,39.947804],[15.955544,39.948269],[15.954434,39.948709],[15.953908,39.948857],[15.952503,39.949141],[15.94621,39.950288],[15.945046,39.950531],[15.944105,39.950773],[15.943396,39.950985],[15.942474,39.95131],[15.941178,39.951879],[15.940328,39.95232],[15.93958,39.952776],[15.938939,39.953257],[15.938468,39.953576],[15.937965,39.954002],[15.937534,39.954341],[15.936998,39.954859],[15.936358,39.955576],[15.935737,39.956406],[15.935303,39.957095],[15.934461,39.958543],[15.933798,39.959758],[15.933657,39.960127],[15.933536,39.960377],[15.933457,39.96061],[15.933267,39.961225],[15.932883,39.963324],[15.932736,39.96403],[15.932705,39.964492],[15.932575,39.967665],[15.932558,39.968043],[15.932572,39.968366],[15.932614,39.968676],[15.932669,39.968912],[15.932735,39.969118],[15.932869,39.969419],[15.933174,39.969929],[15.93347,39.970273],[15.935381,39.971874],[15.935772,39.972306],[15.935935,39.972545],[15.936077,39.972799],[15.936269,39.973243],[15.936364,39.973589],[15.936409,39.974026],[15.9364,39.974419],[15.936352,39.97472],[15.935465,39.97866],[15.935228,39.979826],[15.93508,39.981148],[15.934967,39.982125],[15.934775,39.983847],[15.934591,39.98557],[15.93442,39.986907],[15.934288,39.987656],[15.934154,39.988069],[15.934069,39.988273],[15.933955,39.988546],[15.933776,39.988899],[15.933354,39.989603],[15.933092,39.989956],[15.9324,39.990693],[15.932111,39.990949],[15.931537,39.991399],[15.931219,39.991623],[15.930921,39.991805],[15.929687,39.992558],[15.929339,39.99277],[15.914646,40.001721],[15.914033,40.002104],[15.913534,40.002445],[15.911781,40.003833],[15.910412,40.004942],[15.909908,40.005329],[15.90912,40.005889],[15.907959,40.0066],[15.907359,40.00693],[15.904651,40.008547],[15.903747,40.009178],[15.903249,40.009558],[15.900907,40.011537],[15.899995,40.012304],[15.899422,40.012727],[15.8991,40.012945],[15.898343,40.013404],[15.89732,40.013966],[15.893648,40.015923],[15.892435,40.016563],[15.892028,40.016761],[15.891391,40.01704],[15.890696,40.017294],[15.888888,40.017798],[15.887969,40.01808],[15.887242,40.018334],[15.884742,40.019395],[15.883001,40.020138],[15.882346,40.020433],[15.882056,40.020543],[15.881573,40.020778],[15.881221,40.020977],[15.880829,40.021224],[15.88026,40.021679],[15.880003,40.021921],[15.879709,40.02224],[15.879523,40.022474],[15.879145,40.02303],[15.878641,40.023879],[15.878104,40.024748],[15.877768,40.025262],[15.877154,40.026297],[15.876006,40.028105],[15.875494,40.029014],[15.875108,40.029822],[15.874882,40.030653],[15.874737,40.031387],[15.874336,40.034163],[15.874176,40.034782],[15.8736,40.03622],[15.872972,40.037632],[15.87283,40.037936],[15.871911,40.039768],[15.871658,40.040205],[15.871386,40.040618],[15.871027,40.041096],[15.869637,40.042797],[15.869058,40.04356],[15.868443,40.044431],[15.867924,40.045296],[15.867433,40.046257],[15.867081,40.047141],[15.866816,40.048002],[15.866501,40.049425],[15.866414,40.050128],[15.866379,40.050768],[15.866375,40.051363],[15.866483,40.052432],[15.869356,40.066897],[15.869401,40.067333],[15.869387,40.06782],[15.869288,40.068292],[15.869147,40.06873],[15.86898,40.069159],[15.868809,40.069481],[15.86841,40.070022],[15.868197,40.070261],[15.867699,40.070758],[15.86735,40.071045],[15.866701,40.071515],[15.865842,40.072035],[15.864872,40.072514],[15.863906,40.072959],[15.862742,40.07349],[15.860589,40.07448],[15.859559,40.074958],[15.858926,40.075285],[15.858388,40.075591],[15.857913,40.075916],[15.857578,40.0762],[15.857397,40.076386],[15.857048,40.07677],[15.856797,40.07709],[15.856576,40.077428],[15.85643,40.077717],[15.856182,40.078209],[15.855614,40.07949],[15.855418,40.079898],[15.855172,40.080307],[15.85504,40.080494],[15.854681,40.080931],[15.854351,40.081259],[15.853944,40.081616],[15.853458,40.082009],[15.85305,40.082287],[15.852171,40.082855],[15.851549,40.083228],[15.85048,40.083838],[15.849935,40.084113],[15.849394,40.084335],[15.848108,40.084869],[15.846099,40.085684],[15.84237,40.08721],[15.841646,40.087508],[15.840418,40.08808],[15.840134,40.088233],[15.839286,40.088694],[15.838375,40.08923],[15.837766,40.089627],[15.836642,40.090399],[15.834476,40.092039],[15.833791,40.092516],[15.833421,40.09275],[15.833089,40.092944],[15.832516,40.09322],[15.832113,40.093384],[15.831651,40.093548],[15.831132,40.093691],[15.830637,40.093797],[15.829972,40.093895],[15.82933,40.093943],[15.828684,40.093957],[15.828273,40.093951],[15.827862,40.093911],[15.827057,40.093797],[15.825997,40.093594],[15.82409,40.093243],[15.823008,40.093196],[15.821943,40.093191],[15.821491,40.093232],[15.820865,40.093327],[15.820338,40.093437],[15.819527,40.093629],[15.817317,40.094272],[15.816264,40.094588],[15.81543,40.094855],[15.814513,40.095222],[15.812189,40.096259],[15.810618,40.097031],[15.809888,40.097387],[15.802902,40.100415],[15.80042,40.101429],[15.799472,40.101854],[15.798803,40.102206],[15.798023,40.102689],[15.797287,40.103257],[15.796995,40.103529],[15.796476,40.104053],[15.796189,40.104395],[15.795683,40.105114],[15.795338,40.105722],[15.794547,40.107439],[15.794203,40.108105],[15.793913,40.10859],[15.793572,40.10906],[15.79336,40.109317],[15.79294,40.109814],[15.792481,40.110202],[15.792176,40.110444],[15.791719,40.110762],[15.791469,40.110938],[15.788012,40.112935],[15.787691,40.113144],[15.787357,40.113404],[15.786285,40.114476],[15.785829,40.115049],[15.785546,40.115502],[15.785471,40.115612],[15.785256,40.116018],[15.784981,40.116712],[15.784755,40.117526],[15.78429,40.119987],[15.784074,40.120743],[15.783927,40.121124],[15.783759,40.121477],[15.783461,40.121957],[15.783036,40.122488],[15.782609,40.122915],[15.782337,40.123159],[15.78196,40.123439],[15.781018,40.124073],[15.778736,40.125545],[15.778418,40.125744],[15.776714,40.126818],[15.77474,40.128109],[15.774305,40.128364],[15.773794,40.128627],[15.773523,40.128741],[15.772827,40.128975],[15.772237,40.129117],[15.771514,40.129227],[15.770263,40.12939],[15.769376,40.129561],[15.768344,40.129787],[15.766588,40.130166],[15.764683,40.130601],[15.764265,40.130716],[15.763987,40.130813],[15.763654,40.13096],[15.763049,40.131278],[15.76258,40.131612],[15.762335,40.13182],[15.762039,40.132132],[15.761748,40.132513],[15.761711,40.132566],[15.760037,40.136125],[15.759706,40.136774],[15.758887,40.138265],[15.758416,40.139024],[15.758237,40.1393],[15.7581,40.139522],[15.751204,40.149234],[15.751162,40.149284],[15.750199,40.150667],[15.749774,40.151236],[15.749222,40.151926],[15.748929,40.152253],[15.748325,40.15281],[15.747783,40.153196],[15.747147,40.153587],[15.745044,40.154697],[15.739668,40.157529],[15.73912,40.157845],[15.73812,40.158545],[15.734953,40.161024],[15.734406,40.161441],[15.731249,40.163851],[15.729944,40.164959],[15.728803,40.165831],[15.728291,40.166239],[15.727846,40.166621],[15.727476,40.166965],[15.727061,40.167381],[15.726059,40.168525],[15.725394,40.169284],[15.724774,40.16999],[15.724501,40.170271],[15.723886,40.170826],[15.723562,40.171071],[15.721098,40.172622],[15.72068,40.172875],[15.719638,40.17357],[15.718607,40.174477],[15.718101,40.174957],[15.717737,40.175375],[15.716972,40.17634],[15.716639,40.176758],[15.716339,40.177094],[15.715546,40.178031],[15.714785,40.178968],[15.713371,40.180641],[15.712519,40.181682],[15.711877,40.182451],[15.709929,40.184765],[15.708765,40.18621],[15.70813,40.187147],[15.706766,40.189639],[15.706219,40.19054],[15.705473,40.191545],[15.704817,40.192199],[15.704359,40.192583],[15.704038,40.192844],[15.703208,40.193434],[15.701934,40.194175],[15.701519,40.194392],[15.700714,40.194714],[15.699879,40.195002],[15.697934,40.195674],[15.692494,40.197601],[15.691567,40.197918],[15.690955,40.198155],[15.690203,40.198474],[15.689565,40.19879],[15.688906,40.199187],[15.688213,40.199651],[15.686262,40.201347],[15.675814,40.210601],[15.674574,40.211878],[15.673952,40.212671],[15.673557,40.213328],[15.673447,40.213489],[15.673111,40.214037],[15.672821,40.21469],[15.67254,40.215398],[15.672258,40.216275],[15.672095,40.217207],[15.672027,40.217809],[15.672022,40.218627],[15.672142,40.220803],[15.67214,40.22238],[15.672107,40.222868],[15.67204,40.223287],[15.671732,40.224219],[15.671376,40.225213],[15.671124,40.225864],[15.670482,40.227259],[15.670061,40.227886],[15.669481,40.228642],[15.668692,40.229503],[15.667909,40.230261],[15.666897,40.231352],[15.66663,40.231634],[15.664937,40.233365],[15.664122,40.234217],[15.662826,40.235536],[15.661915,40.236481],[15.660995,40.237503],[15.660575,40.238064],[15.660298,40.23857],[15.660035,40.23921],[15.659871,40.239735],[15.65982,40.239994],[15.659773,40.240374],[15.659731,40.241362],[15.659891,40.244505],[15.660104,40.24833],[15.660417,40.251785],[15.660491,40.252943],[15.660474,40.253787],[15.659593,40.259768],[15.659505,40.260239],[15.659029,40.262491],[15.65892,40.262925],[15.658445,40.264512],[15.658241,40.265418],[15.657928,40.267013],[15.657758,40.267725],[15.657615,40.268279],[15.657343,40.269088],[15.655584,40.27362],[15.649376,40.289837],[15.649198,40.29042],[15.649055,40.291003],[15.648454,40.293875],[15.648164,40.295321],[15.648015,40.296071],[15.647959,40.296357],[15.647849,40.296796],[15.647508,40.298374],[15.647427,40.298685],[15.64733,40.299018],[15.646937,40.3002],[15.646716,40.300809],[15.644817,40.306031],[15.644476,40.30688],[15.644107,40.307717],[15.64379,40.308523],[15.640661,40.315652],[15.639664,40.317975],[15.637819,40.322158],[15.637376,40.323117],[15.637215,40.323426],[15.636483,40.324663],[15.633495,40.329331],[15.63263,40.330632],[15.63225,40.331139],[15.631683,40.331824],[15.631165,40.332398],[15.630499,40.333077],[15.627433,40.33611],[15.627138,40.336426],[15.626682,40.336958],[15.62632,40.337416],[15.62593,40.337931],[15.625392,40.338697],[15.624955,40.339336],[15.623985,40.340763],[15.623467,40.341585],[15.622935,40.342518],[15.622469,40.343389],[15.622387,40.343538],[15.621856,40.34446],[15.621268,40.345343],[15.621079,40.345578],[15.618629,40.348795],[15.617581,40.350202],[15.617361,40.350483],[15.613778,40.355183],[15.610556,40.359449],[15.609726,40.360488],[15.608963,40.361355],[15.608614,40.361709],[15.607532,40.36275],[15.604537,40.365565],[15.603841,40.366282],[15.603085,40.367145],[15.602712,40.367634],[15.602381,40.368079],[15.601792,40.369016],[15.601456,40.369592],[15.60122,40.370005],[15.601004,40.37045],[15.600573,40.371375],[15.600045,40.372579],[15.599566,40.373571],[15.599002,40.37459],[15.598365,40.375543],[15.597967,40.376094],[15.596321,40.378353],[15.594684,40.38055],[15.594567,40.380722],[15.593756,40.381834],[15.59313,40.382655],[15.592538,40.383385],[15.592389,40.383568],[15.588218,40.388699],[15.585599,40.391951],[15.583986,40.394081],[15.583803,40.394323],[15.582773,40.395705],[15.579867,40.399578],[15.579366,40.400234],[15.578664,40.40109],[15.57817,40.401624],[15.577725,40.402062],[15.577258,40.402485],[15.57624,40.403284],[15.57329,40.405411],[15.572245,40.406142],[15.571665,40.406529],[15.57107,40.406894],[15.570546,40.407193],[15.568042,40.408464],[15.565954,40.409549],[15.565213,40.409999],[15.564704,40.410357],[15.564256,40.410716],[15.56377,40.41118],[15.562904,40.412223],[15.562646,40.412602],[15.561985,40.413672],[15.561689,40.414243],[15.561502,40.414707],[15.560626,40.417236],[15.560504,40.41763],[15.559755,40.41986],[15.559638,40.420209],[15.559412,40.420914],[15.559269,40.42143],[15.559167,40.421888],[15.559074,40.422462],[15.558991,40.42332],[15.558986,40.424128],[15.559137,40.426609],[15.559157,40.427434],[15.559101,40.428118],[15.559005,40.428784],[15.558806,40.429482],[15.558563,40.430141],[15.556763,40.434051],[15.555866,40.435937],[15.555501,40.436604],[15.554679,40.437704],[15.554411,40.438003],[15.554095,40.438319],[15.552642,40.439658],[15.552296,40.439999],[15.551969,40.440369],[15.551686,40.440727],[15.551398,40.441131],[15.55108,40.441639],[15.54956,40.444405],[15.548856,40.445505],[15.548507,40.445973],[15.544947,40.450234],[15.544604,40.450704],[15.544277,40.451214],[15.543934,40.45188],[15.543658,40.452575],[15.543506,40.453127],[15.543403,40.453724],[15.543349,40.454192],[15.543278,40.456322],[15.543197,40.457245],[15.542713,40.458958],[15.542355,40.459748],[15.540885,40.462485],[15.54033,40.463619],[15.539891,40.464757],[15.539396,40.466309],[15.538648,40.468747],[15.53842,40.469675],[15.538208,40.471024],[15.538098,40.471775],[15.537827,40.473176],[15.537429,40.474447],[15.536367,40.476656],[15.53578,40.477821],[15.534903,40.479477],[15.534644,40.480009],[15.533437,40.482075],[15.532809,40.48311],[15.532182,40.484127],[15.531717,40.484821],[15.531237,40.48545],[15.530677,40.486093],[15.530057,40.486653],[15.529095,40.487416],[15.526505,40.489228],[15.525625,40.48991],[15.525137,40.490335],[15.524824,40.490638],[15.524144,40.491423],[15.523846,40.49185],[15.523661,40.492188],[15.523298,40.492973],[15.523072,40.493708],[15.522907,40.494437],[15.522774,40.495411],[15.522643,40.497327],[15.522491,40.498634],[15.522387,40.499268],[15.522132,40.500428],[15.521969,40.50104],[15.521783,40.501642],[15.520939,40.503821],[15.520459,40.50488],[15.520042,40.505689],[15.519587,40.506484],[15.519193,40.507116],[15.51876,40.507737],[15.517994,40.508716],[15.517157,40.509666],[15.516235,40.510594],[15.515271,40.511496],[15.51242,40.514029],[15.511007,40.515283],[15.51038,40.515786],[15.509455,40.516649],[15.507796,40.518097],[15.506438,40.519244],[15.504698,40.52049],[15.504051,40.52092],[15.501849,40.522363],[15.500473,40.523291],[15.499746,40.523731],[15.499238,40.523995],[15.498094,40.524501],[15.496871,40.524901],[15.493875,40.525717],[15.493583,40.525809],[15.492687,40.52612],[15.491813,40.526503],[15.491214,40.526832],[15.490535,40.527246],[15.488426,40.528835],[15.486635,40.530236],[15.48615,40.53056],[15.485497,40.530923],[15.484997,40.531182],[15.484511,40.531393],[15.484082,40.531557],[15.483519,40.531734],[15.482731,40.531947],[15.482427,40.532007],[15.482108,40.532071],[15.48067,40.532214],[15.479115,40.532289],[15.477213,40.53234],[15.476596,40.53235],[15.47592,40.53239],[15.475019,40.532508],[15.471626,40.533145],[15.470895,40.533235],[15.4696,40.533325],[15.468085,40.533387],[15.465591,40.533517],[15.461997,40.533655],[15.460904,40.533643],[15.460277,40.533583],[15.459595,40.53347],[15.45883,40.533297],[15.458475,40.533197],[15.457026,40.532686],[15.455507,40.532102],[15.454822,40.531862],[15.454143,40.531664],[15.453621,40.531546],[15.452735,40.531435],[15.451736,40.531321],[15.450816,40.531267],[15.450445,40.531266],[15.449936,40.531271],[15.447166,40.531364],[15.44492,40.531442],[15.443052,40.531515],[15.442191,40.531513],[15.44153,40.531493],[15.440779,40.531436],[15.440169,40.531356],[15.439572,40.531241],[15.438159,40.530916],[15.437235,40.530653],[15.436411,40.530471],[15.435856,40.530348],[15.434828,40.530155],[15.434024,40.530052],[15.433233,40.529988],[15.432385,40.529983],[15.43166,40.530044],[15.430721,40.530196],[15.42974,40.530448],[15.428931,40.530715],[15.427891,40.53118],[15.426718,40.531786],[15.425759,40.532311],[15.425232,40.532637],[15.424532,40.533128],[15.424353,40.533284],[15.424151,40.53346],[15.423471,40.534124],[15.420872,40.536749],[15.419074,40.538587],[15.418506,40.539205],[15.417937,40.539913],[15.417341,40.540797],[15.415531,40.544097],[15.415214,40.544604],[15.414589,40.545416],[15.413913,40.546135],[15.413028,40.546896],[15.412178,40.547482],[15.409884,40.548966],[15.409483,40.549223],[15.408201,40.54996],[15.407349,40.550388],[15.406242,40.550859],[15.403821,40.551828],[15.401516,40.552671],[15.398867,40.553645],[15.398126,40.553942],[15.397521,40.554214],[15.396835,40.554575],[15.396109,40.555019],[15.395523,40.555436],[15.39462,40.556175],[15.393844,40.556891],[15.392963,40.55759],[15.392172,40.558119],[15.391666,40.558405],[15.391348,40.558563],[15.391265,40.558608],[15.39061,40.558887],[15.389886,40.559157],[15.388773,40.559509],[15.387822,40.559766],[15.385927,40.560259],[15.38513,40.560512],[15.384451,40.560804],[15.383883,40.561105],[15.383309,40.561527],[15.382852,40.561935],[15.381657,40.563129],[15.380845,40.563819],[15.380333,40.56418],[15.379821,40.564497],[15.379483,40.56469],[15.379025,40.564912],[15.378403,40.565164],[15.377704,40.565377],[15.377011,40.565549],[15.376055,40.56573],[15.374972,40.565892],[15.363829,40.567511],[15.356062,40.568522],[15.354345,40.569002],[15.353838,40.569178],[15.352929,40.569556],[15.352455,40.569795],[15.35196,40.570073],[15.35114,40.570616],[15.350162,40.571433],[15.349225,40.572264],[15.34792,40.573378],[15.347327,40.573914],[15.346967,40.57432],[15.346699,40.574671],[15.346461,40.575038],[15.346091,40.575787],[15.345446,40.577082],[15.345358,40.577278],[15.342915,40.582076],[15.342335,40.582908],[15.341806,40.583498],[15.341507,40.583791],[15.340763,40.584404],[15.340338,40.584724],[15.33926,40.585417],[15.338782,40.585697],[15.336784,40.586904],[15.335758,40.58753],[15.335691,40.58757],[15.335396,40.58775],[15.334476,40.588392],[15.333736,40.588924],[15.33322,40.589297],[15.332853,40.589528],[15.332354,40.589821],[15.331662,40.590176],[15.330799,40.590553],[15.330103,40.590813],[15.327327,40.591791],[15.326744,40.592004],[15.326286,40.592192],[15.32574,40.592456],[15.325215,40.592753],[15.324768,40.593039],[15.32424,40.59343],[15.322279,40.595089],[15.321447,40.595696],[15.321011,40.595976],[15.320119,40.596478],[15.318005,40.597493],[15.316957,40.597979],[15.316402,40.598183],[15.315933,40.598336],[15.314,40.598865],[15.313182,40.599167],[15.310878,40.600163],[15.310384,40.600339],[15.310141,40.600423],[15.308826,40.600855],[15.307088,40.601364],[15.30645,40.601572],[15.305261,40.602012],[15.304473,40.602388],[15.303344,40.603038],[15.302885,40.603344],[15.302452,40.60366],[15.301949,40.604066],[15.301021,40.604895],[15.300985,40.604927],[15.300216,40.605679],[15.298054,40.607677],[15.297723,40.607935],[15.297118,40.608359],[15.296562,40.608717],[15.295941,40.609053],[15.295358,40.609313],[15.294768,40.609534],[15.294095,40.609728],[15.293558,40.609858],[15.292879,40.609969],[15.292036,40.610049],[15.29139,40.610082],[15.289924,40.610118],[15.289192,40.610158],[15.288472,40.610223],[15.287907,40.610298],[15.28724,40.61042],[15.28644,40.610605],[15.285829,40.61078],[15.285201,40.611008],[15.284425,40.611315],[15.283761,40.6116],[15.282297,40.612315],[15.280955,40.612943],[15.280005,40.613344],[15.279288,40.613595],[15.278682,40.613794],[15.277438,40.614134],[15.276425,40.614338],[15.275801,40.614443],[15.275024,40.614533],[15.273689,40.614616],[15.272901,40.614636],[15.271956,40.61461],[15.271043,40.614559],[15.269971,40.614455],[15.266189,40.61396],[15.265143,40.613798],[15.260822,40.613197],[15.258683,40.612923],[15.257917,40.612808],[15.257159,40.612737],[15.256445,40.612698],[15.25569,40.612681],[15.255316,40.612686],[15.254043,40.612746],[15.25321,40.612844],[15.251928,40.613089],[15.250633,40.61347],[15.248985,40.614107],[15.247612,40.614978],[15.245963,40.616526],[15.245609,40.616939],[15.244773,40.618092],[15.24431,40.618749],[15.243908,40.619277],[15.239883,40.624598],[15.239217,40.625403],[15.238533,40.626002],[15.238051,40.626336],[15.237253,40.626835],[15.236343,40.627298],[15.234961,40.627843],[15.234253,40.628057],[15.233408,40.628269],[15.232807,40.628388],[15.231857,40.628519],[15.23118,40.628588],[15.230253,40.62865],[15.22893,40.62869],[15.228396,40.628698],[15.227184,40.628729],[15.225505,40.628755],[15.223288,40.628808],[15.221749,40.628824],[15.218253,40.628941],[15.217218,40.628949],[15.216258,40.628932],[15.213828,40.628818],[15.212728,40.628733],[15.211875,40.628639],[15.210915,40.628505],[15.209246,40.628198],[15.207812,40.62788],[15.205807,40.627437],[15.203335,40.626826],[15.201093,40.626402],[15.199604,40.626325],[15.198859,40.626329],[15.197315,40.626379],[15.195441,40.626576],[15.192944,40.626925],[15.191631,40.627076],[15.190638,40.627165],[15.189739,40.627214],[15.188796,40.627225],[15.188014,40.627199],[15.187386,40.627148],[15.186453,40.627042],[15.18581,40.626936],[15.185045,40.626779],[15.184057,40.626529],[15.183064,40.626207],[15.182192,40.625876],[15.181554,40.62558],[15.180606,40.625104],[15.171341,40.61948],[15.169346,40.618749],[15.168387,40.618441],[15.163868,40.617202],[15.151924,40.614028],[15.150772,40.613771],[15.15006,40.613666],[15.148897,40.613545],[15.147805,40.61352],[15.14644,40.613582],[15.144984,40.613617],[15.143835,40.61358],[15.142688,40.613443],[15.142062,40.613346],[15.141565,40.613248],[15.140952,40.613094],[15.139884,40.612763],[15.139219,40.612525],[15.135722,40.611067],[15.134644,40.610565],[15.13337,40.610036],[15.131426,40.609186],[15.131118,40.609062],[15.129093,40.608368],[15.128296,40.608137],[15.127094,40.607878],[15.12628,40.607739],[15.125399,40.607616],[15.123885,40.607463],[15.122123,40.607306],[15.117988,40.606934],[15.115143,40.606738],[15.105346,40.606144],[15.104492,40.606116],[15.103653,40.606121],[15.102409,40.606222],[15.101114,40.606404],[15.098377,40.606915],[15.097519,40.607104],[15.096112,40.607476],[15.094227,40.608075],[15.092215,40.608758],[15.091491,40.608985],[15.09088,40.609147],[15.090303,40.609269],[15.089836,40.609356],[15.089077,40.609464],[15.088206,40.609542],[15.087017,40.609622],[15.08417,40.609784],[15.083213,40.609813],[15.082108,40.609807],[15.080715,40.609752],[15.079791,40.609677],[15.078821,40.60956],[15.078037,40.609441],[15.076726,40.609202],[15.073913,40.60866],[15.071309,40.608186],[15.070218,40.608041],[15.068987,40.607934],[15.068052,40.607876],[15.066633,40.607838],[15.051709,40.607862],[15.050469,40.60785],[15.049485,40.607808],[15.048774,40.607752],[15.048061,40.607667],[15.047707,40.607618],[15.046164,40.607407],[15.045716,40.607343],[15.044165,40.607129],[15.043468,40.607039],[15.041829,40.606748],[15.041007,40.606553],[15.039821,40.606174],[15.034516,40.604197],[15.033405,40.603838],[15.032689,40.60367],[15.032237,40.603587],[15.031421,40.603454],[15.030723,40.603373],[15.027056,40.603172],[15.025369,40.603024],[15.014477,40.60129],[15.013673,40.601174],[15.012807,40.601098],[15.010361,40.600938],[15.009517,40.600912],[15.008655,40.600937],[15.007938,40.600993],[15.00754,40.601049],[15.006749,40.601201],[15.005981,40.601421],[15.005233,40.60171],[15.004534,40.602041],[15.003882,40.602432],[15.003275,40.602867],[15.002696,40.603325],[15.002148,40.603805],[14.999611,40.606116],[14.999069,40.606606],[14.99851,40.60715],[14.998269,40.607417],[14.997832,40.607976],[14.996276,40.610273],[14.996067,40.610552],[14.995613,40.611086],[14.995364,40.611342],[14.993368,40.613177],[14.992648,40.613774],[14.992029,40.614226],[14.991379,40.614652],[14.990568,40.615116],[14.988991,40.61598],[14.988186,40.616383],[14.987567,40.616655],[14.986759,40.616931],[14.986053,40.61713],[14.985197,40.617293],[14.984528,40.617395],[14.982979,40.617572],[14.982383,40.617662],[14.981807,40.617775],[14.981254,40.617908],[14.980719,40.618072],[14.979975,40.618345],[14.979299,40.618633],[14.977588,40.619417],[14.97712,40.619602],[14.976235,40.619902],[14.975605,40.620077],[14.975307,40.620158],[14.974341,40.62036],[14.97366,40.620464],[14.972471,40.620557],[14.968695,40.62071],[14.967168,40.620778],[14.966357,40.620845],[14.96546,40.620954],[14.964637,40.621098],[14.963336,40.621365],[14.958891,40.622538],[14.957776,40.622851],[14.956516,40.623234],[14.955368,40.623618],[14.953169,40.624449],[14.949747,40.625801],[14.949403,40.625941],[14.947675,40.626618],[14.945945,40.627255],[14.945401,40.62742],[14.944212,40.62774],[14.94346,40.627905],[14.942723,40.628024],[14.941962,40.628126],[14.94117,40.628208],[14.940161,40.628291],[14.937149,40.628431],[14.93621,40.628497],[14.935313,40.628591],[14.934412,40.628723],[14.933825,40.628827],[14.933236,40.628953],[14.932342,40.629173],[14.931496,40.629404],[14.926791,40.630952],[14.92259,40.632372],[14.920835,40.632947],[14.918317,40.6338],[14.915108,40.634848],[14.913581,40.635366],[14.912964,40.635572],[14.908685,40.637003],[14.907952,40.637279],[14.906893,40.637708],[14.905835,40.63817],[14.894228,40.643474],[14.891166,40.644853],[14.889018,40.64579],[14.877104,40.651082],[14.873451,40.652691],[14.872419,40.653127],[14.871824,40.653375],[14.867354,40.655199],[14.866591,40.655515],[14.866506,40.655549],[14.865866,40.655829],[14.865185,40.656164],[14.864894,40.656322],[14.864279,40.656704],[14.863655,40.657143],[14.863192,40.657514],[14.862959,40.657724],[14.86254,40.658134],[14.862252,40.658452],[14.861298,40.659608],[14.860681,40.660393],[14.860115,40.6612],[14.85956,40.662211],[14.859252,40.662986],[14.858855,40.664808],[14.858489,40.667945],[14.85844,40.669598],[14.85839,40.670157],[14.857702,40.677487],[14.857582,40.678516],[14.857477,40.67922],[14.857234,40.680252],[14.857001,40.680881],[14.856826,40.681288],[14.856589,40.681742],[14.856306,40.682191],[14.855702,40.68296],[14.855215,40.683447],[14.854715,40.683891],[14.853997,40.684418],[14.853526,40.684717],[14.852676,40.68516],[14.851811,40.68552],[14.851103,40.685785],[14.850659,40.685932],[14.849752,40.686187],[14.847643,40.686727],[14.846076,40.687123],[14.843547,40.687816],[14.842358,40.688207],[14.841022,40.688718],[14.839741,40.689326],[14.838574,40.689967],[14.838014,40.690304],[14.837466,40.69066],[14.83721,40.690843],[14.836892,40.691048],[14.833343,40.693715],[14.831537,40.695024],[14.830349,40.695763],[14.829671,40.696136],[14.828628,40.696648],[14.827726,40.697041],[14.826518,40.697488],[14.824954,40.697956],[14.823908,40.698214],[14.82333,40.698329],[14.822524,40.69846],[14.821302,40.698611],[14.819236,40.698814],[14.816189,40.699079],[14.814705,40.699191],[14.811851,40.699491],[14.809961,40.699455],[14.80895,40.699396],[14.808086,40.699271],[14.807128,40.699114],[14.806227,40.698931],[14.803496,40.698283],[14.80236,40.698029],[14.80102,40.697734],[14.799768,40.697492],[14.79876,40.697339],[14.798104,40.697249],[14.797241,40.697164],[14.796584,40.697122],[14.796125,40.697107],[14.794931,40.697118],[14.793698,40.697181],[14.791761,40.697339],[14.790411,40.697427],[14.789746,40.697462],[14.789261,40.697453],[14.788209,40.69736],[14.787556,40.697261],[14.785005,40.696793],[14.783619,40.696532],[14.783268,40.69648],[14.782703,40.696433],[14.782377,40.696447],[14.782017,40.696501],[14.781801,40.696554],[14.781306,40.696714],[14.781007,40.696858],[14.780745,40.697025],[14.780437,40.697266],[14.779875,40.697846],[14.779461,40.698439],[14.779292,40.698785],[14.779017,40.699815],[14.77892,40.69999],[14.778466,40.704425],[14.778518,40.705213],[14.778643,40.705644],[14.778851,40.706105],[14.779788,40.707735],[14.780005,40.708128],[14.780142,40.708432],[14.780218,40.708686],[14.780306,40.709166],[14.78034,40.709614],[14.7803,40.710183],[14.780191,40.710608],[14.780082,40.710915],[14.779444,40.712341],[14.779349,40.712609],[14.779292,40.712838],[14.778805,40.715386],[14.778401,40.717984],[14.778053,40.719799],[14.77784,40.720678],[14.777744,40.720948],[14.777663,40.721114],[14.777357,40.721667],[14.776451,40.723163],[14.776248,40.723494],[14.776056,40.723943],[14.775979,40.724174],[14.775917,40.724407],[14.775842,40.724851],[14.775793,40.725333],[14.775401,40.731175],[14.775424,40.732139],[14.775529,40.732887],[14.775657,40.733341],[14.775808,40.733769],[14.776171,40.734676],[14.776571,40.735383],[14.776862,40.735832],[14.777337,40.736434],[14.777724,40.736853],[14.778143,40.737267],[14.77909,40.738101],[14.781807,40.740469],[14.782357,40.741014],[14.783118,40.741866],[14.783464,40.742298],[14.783918,40.742909],[14.784224,40.743392],[14.78474,40.744312],[14.784985,40.744802],[14.785347,40.745699],[14.785439,40.745945],[14.785709,40.746915],[14.785894,40.747689],[14.78693,40.752809],[14.787413,40.755227],[14.78748,40.755582],[14.787627,40.756261],[14.788296,40.759607],[14.7887,40.761679],[14.788853,40.762595],[14.788927,40.7636],[14.788927,40.764251],[14.78883,40.765395],[14.788721,40.766023],[14.788486,40.767005],[14.788334,40.767488],[14.788323,40.767518],[14.788192,40.767874],[14.788066,40.768154],[14.787924,40.768432],[14.787559,40.769014],[14.787156,40.769516],[14.786512,40.770116],[14.78616,40.77038],[14.785765,40.770633],[14.785192,40.770932],[14.784864,40.771092],[14.784387,40.771282],[14.783737,40.77148],[14.783271,40.771598],[14.78258,40.771728],[14.781829,40.771829],[14.778323,40.772226],[14.777991,40.772263],[14.771511,40.772981],[14.769337,40.773225],[14.76778,40.773442],[14.76651,40.773651],[14.76562,40.773808],[14.762663,40.774316],[14.762075,40.774372],[14.761314,40.774411],[14.760563,40.77441],[14.759758,40.774345],[14.758905,40.774226],[14.758312,40.774107],[14.757746,40.773965],[14.756765,40.773647],[14.751365,40.771519],[14.750155,40.771112],[14.749031,40.770825],[14.748321,40.7707],[14.747688,40.77059],[14.747036,40.77051],[14.745968,40.770444],[14.744981,40.770444],[14.743729,40.770534],[14.743044,40.770602],[14.73988,40.770962],[14.738702,40.771102],[14.737387,40.771309],[14.736223,40.771596],[14.734452,40.77215],[14.733719,40.772351],[14.73298,40.772494],[14.73215,40.772596],[14.731386,40.772658],[14.72863,40.772655],[14.728264,40.772706],[14.727674,40.772831],[14.727357,40.772857],[14.726813,40.772856],[14.726621,40.77284],[14.726215,40.772733],[14.725859,40.772672],[14.722318,40.772645],[14.721664,40.772645],[14.719051,40.772686],[14.717236,40.772692],[14.716972,40.772669],[14.716466,40.772589],[14.715757,40.772406],[14.715099,40.772191],[14.714787,40.772069],[14.713852,40.771637],[14.7134,40.771396],[14.712938,40.771165],[14.709732,40.769297],[14.707496,40.767887],[14.706873,40.767584],[14.706524,40.767439],[14.706207,40.767345],[14.705798,40.767255],[14.705424,40.767195],[14.704773,40.767131],[14.704104,40.767096],[14.70341,40.767107],[14.702869,40.76716],[14.702289,40.767251],[14.701757,40.767332],[14.70094,40.767476],[14.700179,40.767603],[14.699213,40.767726],[14.698517,40.767777],[14.69803,40.767792],[14.697286,40.767776],[14.695359,40.767642],[14.694963,40.767614],[14.690177,40.767263],[14.689983,40.767248],[14.687483,40.767055],[14.686643,40.767002],[14.685267,40.76691],[14.684378,40.766911],[14.684166,40.766917],[14.683407,40.766948],[14.681745,40.767111],[14.681578,40.767132],[14.678529,40.767521],[14.677208,40.767754],[14.67593,40.768052],[14.675037,40.768332],[14.674787,40.768417],[14.674311,40.768599],[14.67242,40.769468],[14.672148,40.769601],[14.671672,40.769834],[14.670413,40.770354],[14.669576,40.770646],[14.668828,40.770862],[14.667914,40.771102],[14.666336,40.771452],[14.664746,40.771763],[14.664188,40.771873],[14.660628,40.772594],[14.659932,40.772717],[14.650123,40.774608],[14.647078,40.775152],[14.646881,40.775186],[14.645539,40.77539],[14.644891,40.775474],[14.644095,40.77556],[14.643272,40.775619],[14.64211,40.775643],[14.64132,40.775635],[14.638894,40.77551],[14.638109,40.775493],[14.637264,40.775512],[14.636615,40.775561],[14.635614,40.775688],[14.634544,40.775895],[14.633793,40.776097],[14.633044,40.776345],[14.632275,40.776645],[14.631693,40.776914],[14.630928,40.777317],[14.625473,40.780509],[14.625076,40.780734],[14.623921,40.781402],[14.623628,40.781567],[14.620739,40.783271],[14.620187,40.783622],[14.619702,40.783982],[14.619487,40.784142],[14.618742,40.784788],[14.617978,40.785552],[14.615855,40.787866],[14.615192,40.788508],[14.614479,40.789018],[14.613995,40.789337],[14.613588,40.789583],[14.612685,40.790076],[14.611853,40.790582],[14.611456,40.790853],[14.610848,40.791337],[14.610573,40.791585],[14.610175,40.791982],[14.609807,40.792396],[14.609577,40.792701],[14.609188,40.793252],[14.609007,40.793567],[14.608725,40.794129],[14.607592,40.797005],[14.607204,40.797852],[14.60673,40.798718],[14.606094,40.799657],[14.605559,40.800343],[14.604946,40.801027],[14.604629,40.80135],[14.595627,40.809505],[14.591659,40.813061],[14.590691,40.813821],[14.589729,40.814517],[14.588385,40.815405],[14.586959,40.816292],[14.572482,40.825259],[14.562853,40.83127],[14.561179,40.832501],[14.559555,40.83382],[14.555543,40.837387],[14.553495,40.839124],[14.549439,40.842682],[14.547488,40.844423],[14.546393,40.845504],[14.545289,40.846716],[14.543424,40.849206],[14.542865,40.850104],[14.541769,40.852134],[14.540907,40.854171],[14.540831,40.854388],[14.535362,40.869581],[14.534792,40.871926],[14.534597,40.873229],[14.53445,40.874944],[14.533781,40.886092],[14.533232,40.895614],[14.533023,40.897383],[14.532671,40.899116],[14.532349,40.900271],[14.531168,40.903727],[14.529553,40.908322],[14.529145,40.909172],[14.528667,40.909983],[14.528351,40.910456],[14.528007,40.910923],[14.527724,40.911267],[14.527239,40.911812],[14.526057,40.912963],[14.524062,40.914445],[14.522935,40.915116],[14.521863,40.915637],[14.519549,40.916579],[14.517796,40.917097],[14.516822,40.91739],[14.51383,40.91827],[14.511138,40.919122],[14.509647,40.919641],[14.508244,40.920223],[14.507196,40.920742],[14.50654,40.921095],[14.506084,40.921361],[14.505284,40.921861],[14.504784,40.922199],[14.504108,40.922691],[14.503662,40.923044],[14.503047,40.923566],[14.502203,40.924364],[14.501346,40.925296],[14.500808,40.925965],[14.500025,40.927069],[14.499858,40.927306],[14.499032,40.928479],[14.498973,40.92855],[14.498645,40.929014],[14.49856,40.929164],[14.497725,40.930365],[14.497551,40.930605],[14.496423,40.932198],[14.49596,40.932838],[14.495625,40.933311],[14.493963,40.93571],[14.49311,40.936922],[14.492726,40.937467],[14.491837,40.93873],[14.491341,40.93936],[14.490995,40.939786],[14.490503,40.940382],[14.489308,40.941597],[14.488465,40.942356],[14.487392,40.943197],[14.484585,40.944967],[14.47968,40.947632],[14.478104,40.948526],[14.477099,40.949041],[14.473333,40.951102],[14.469447,40.953208],[14.468499,40.953743],[14.467587,40.954296],[14.466208,40.955217],[14.465046,40.956143],[14.464018,40.957073],[14.462437,40.958686],[14.461852,40.959241],[14.460898,40.960041],[14.459744,40.960885],[14.458963,40.96139],[14.452864,40.964917],[14.451639,40.965537],[14.450435,40.966087],[14.448502,40.966831],[14.44767,40.967152],[14.428463,40.974538],[14.426458,40.975359],[14.425753,40.975683],[14.42454,40.97631],[14.422647,40.977526],[14.422114,40.977868],[14.421695,40.978137],[14.419408,40.979778],[14.416858,40.981609],[14.415548,40.982545],[14.415335,40.982692],[14.414928,40.983016],[14.414252,40.983581],[14.413593,40.984195],[14.413054,40.984772],[14.4127,40.985181],[14.411958,40.986189],[14.411417,40.987062],[14.411207,40.987467],[14.41086,40.988223],[14.410596,40.988914],[14.40656,41.001099],[14.40607,41.00222],[14.405769,41.002775],[14.405442,41.003323],[14.40507,41.003862],[14.40467,41.004388],[14.404283,41.004848],[14.403509,41.005666],[14.403094,41.006058],[14.40267,41.006437],[14.401762,41.007148],[14.401028,41.007657],[14.400272,41.008122],[14.39976,41.008417],[14.398676,41.008957],[14.397513,41.009454],[14.396907,41.009678],[14.396308,41.00988],[14.395221,41.010195],[14.394677,41.010332],[14.393553,41.010565],[14.392996,41.010661],[14.391872,41.010823],[14.391574,41.010865],[14.385486,41.011721],[14.384627,41.011864],[14.383204,41.012138],[14.381794,41.012459],[14.380394,41.012826],[14.379701,41.013026],[14.378334,41.01346],[14.376326,41.014194],[14.375014,41.014741],[14.373739,41.015321],[14.372346,41.016019],[14.370984,41.01678],[14.360006,41.023626],[14.3597,41.02382],[14.355109,41.026698],[14.354472,41.027082],[14.353105,41.027844],[14.352332,41.028244],[14.350707,41.029016],[14.349947,41.02935],[14.34865,41.029867],[14.347402,41.030319],[14.346484,41.030625],[14.345139,41.031032],[14.341697,41.031942],[14.341555,41.031978],[14.335969,41.033436],[14.332839,41.034251],[14.329395,41.035147],[14.328531,41.035371],[14.327266,41.0357],[14.326193,41.036011],[14.325112,41.036303],[14.324475,41.036486],[14.324201,41.036601],[14.32395,41.036733],[14.323682,41.03691],[14.323469,41.037093],[14.323288,41.037288],[14.323005,41.037703],[14.322901,41.037948],[14.322753,41.038547],[14.32267,41.03927],[14.322548,41.039607],[14.322557,41.040142],[14.322574,41.041419],[14.322584,41.042733],[14.322654,41.045417],[14.322637,41.046198],[14.322606,41.048144],[14.3225,41.048931],[14.322312,41.049634],[14.322045,41.050303],[14.321732,41.05091],[14.321298,41.051601],[14.321142,41.051849],[14.320587,41.052492],[14.320292,41.052808],[14.318458,41.054589],[14.315108,41.057638],[14.312011,41.060569],[14.311101,41.061557],[14.310325,41.062436],[14.308725,41.064473],[14.308214,41.065218],[14.30767,41.065933],[14.305043,41.069485],[14.304673,41.069972],[14.304086,41.070739],[14.303649,41.071254],[14.303031,41.071882],[14.302295,41.072591],[14.300885,41.073947],[14.298625,41.0761],[14.295888,41.078744],[14.291273,41.083199],[14.287938,41.086369],[14.287025,41.087153],[14.286025,41.087894],[14.284303,41.088905],[14.278456,41.092262],[14.268425,41.097969],[14.26121,41.102101],[14.259578,41.103018],[14.257633,41.10405],[14.251827,41.106774],[14.24662,41.109138],[14.238439,41.112928],[14.236956,41.113712],[14.236114,41.114221],[14.235302,41.114786],[14.234447,41.115477],[14.233051,41.11677],[14.231813,41.117942],[14.230651,41.119083],[14.229407,41.120232],[14.228328,41.121144],[14.2274,41.121817],[14.22531,41.123253],[14.218402,41.127796],[14.214608,41.130309],[14.212175,41.131941],[14.210007,41.133324],[14.203992,41.137349],[14.202234,41.138646],[14.201362,41.139391],[14.200564,41.140162],[14.198045,41.142845],[14.197285,41.143696],[14.19313,41.148234],[14.190038,41.151558],[14.189617,41.152017],[14.185231,41.156804],[14.184776,41.157297],[14.183068,41.159136],[14.180536,41.161921],[14.170131,41.173258],[14.169753,41.173669],[14.163875,41.18007],[14.163493,41.180488],[14.16322,41.180792],[14.158018,41.186429],[14.157612,41.186869],[14.153566,41.191267],[14.152819,41.191965],[14.152254,41.192425],[14.151519,41.192978],[14.150321,41.193743],[14.149306,41.194311],[14.145484,41.196098],[14.144814,41.196402],[14.139616,41.198798],[14.13713,41.199949],[14.135564,41.20068],[14.134502,41.201177],[14.132783,41.201966],[14.131512,41.202563],[14.124375,41.205913],[14.102763,41.215937],[14.101873,41.216524],[14.100887,41.217234],[14.099955,41.218033],[14.099227,41.218966],[14.098768,41.219709],[14.098204,41.220875],[14.09765,41.222216],[14.096893,41.224056],[14.096545,41.224825],[14.093843,41.231298],[14.093482,41.232231],[14.09329,41.23283],[14.093054,41.233729],[14.09289,41.234513],[14.092723,41.235644],[14.092653,41.236503],[14.092645,41.237141],[14.092649,41.237255],[14.092639,41.23792],[14.09126,41.295694],[14.091239,41.296605],[14.09121,41.29784],[14.091113,41.299837],[14.09106,41.300387],[14.090926,41.301447],[14.090793,41.302225],[14.090623,41.303003],[14.090329,41.304139],[14.090123,41.304828],[14.089995,41.305183],[14.0894,41.306773],[14.087579,41.31149],[14.085267,41.317632],[14.084958,41.318377],[14.084517,41.319219],[14.08384,41.320352],[14.083465,41.320867],[14.08292,41.321532],[14.08248,41.322015],[14.08217,41.322328],[14.081353,41.323088],[14.080997,41.323373],[14.06022,41.338864],[14.060026,41.339015],[14.059027,41.339794],[14.054921,41.342871],[14.053617,41.343859],[14.050584,41.346117],[14.049049,41.347228],[14.047879,41.348134],[14.011992,41.374927],[14.009283,41.376964],[14.004987,41.380135],[13.990862,41.39065],[13.989566,41.391612],[13.980821,41.39813],[13.979855,41.39885],[13.976294,41.40148],[13.975396,41.402089],[13.973607,41.40315],[13.972928,41.403488],[13.972025,41.403867],[13.963596,41.407196],[13.921296,41.423687],[13.920453,41.424003],[13.909978,41.428074],[13.909655,41.428199],[13.901274,41.431476],[13.894763,41.434012],[13.888013,41.436658],[13.885786,41.437496],[13.880816,41.439444],[13.879301,41.44002],[13.876949,41.4408],[13.875954,41.441106],[13.874328,41.441568],[13.872361,41.442065],[13.871389,41.442288],[13.870985,41.442373],[13.870395,41.442506],[13.870246,41.44254],[13.837044,41.449879],[13.836681,41.44996],[13.801508,41.457738],[13.799962,41.458079],[13.794088,41.459377],[13.793688,41.459465],[13.79139,41.459973],[13.779014,41.462706],[13.778564,41.462805],[13.75917,41.467107],[13.750068,41.469104],[13.748799,41.469421],[13.746369,41.47021],[13.745471,41.470573],[13.722172,41.480587],[13.717107,41.482771],[13.712522,41.484772],[13.700238,41.490025],[13.699059,41.490511],[13.697188,41.491319],[13.696827,41.49148],[13.686585,41.495883],[13.680508,41.498475],[13.678968,41.499154],[13.674119,41.501229],[13.635261,41.517884],[13.626842,41.521465],[13.625356,41.522094],[13.612058,41.527731],[13.611093,41.528138],[13.605583,41.530489],[13.585784,41.538872],[13.584054,41.539545],[13.58167,41.540387],[13.580607,41.540737],[13.578643,41.541326],[13.576788,41.541821],[13.575243,41.54221],[13.572716,41.542756],[13.571018,41.543087],[13.567611,41.543585],[13.565677,41.54381],[13.563425,41.544016],[13.562166,41.5441],[13.560776,41.544172],[13.55849,41.544239],[13.556184,41.544249],[13.555028,41.544228],[13.551303,41.544098],[13.543516,41.543881],[13.530471,41.543469],[13.528218,41.543401],[13.52581,41.543332],[13.525622,41.543325],[13.518904,41.543108],[13.517636,41.543068],[13.51553,41.543002],[13.512608,41.54291],[13.512233,41.542898],[13.50651,41.542718],[13.504444,41.542666],[13.502461,41.542689],[13.501418,41.54273],[13.500179,41.542805],[13.499321,41.542882],[13.497713,41.54306],[13.496399,41.543247],[13.494198,41.543642],[13.487778,41.544781],[13.441006,41.55305],[13.438485,41.55351],[13.426192,41.555651],[13.415923,41.557477],[13.413812,41.557959],[13.411832,41.558532],[13.410933,41.558828],[13.40974,41.559252],[13.408262,41.559821],[13.407433,41.56017],[13.40716,41.560288],[13.39578,41.565085],[13.392567,41.566415],[13.38861,41.56808],[13.385321,41.569498],[13.381663,41.57104],[13.380157,41.571676],[13.373469,41.57447],[13.370178,41.575795],[13.368293,41.576588],[13.366685,41.577233],[13.365162,41.577883],[13.363832,41.578415],[13.361937,41.579253],[13.360003,41.580142],[13.358818,41.580749],[13.356883,41.581807],[13.356137,41.582256],[13.351591,41.585067],[13.350696,41.585587],[13.348996,41.586624],[13.340586,41.591792],[13.339992,41.592192],[13.339266,41.592756],[13.338714,41.593216],[13.337799,41.594128],[13.337388,41.594606],[13.337042,41.595071],[13.336542,41.595803],[13.336216,41.596393],[13.335378,41.598253],[13.335294,41.598481],[13.334937,41.599369],[13.334233,41.600974],[13.33005,41.610897],[13.329524,41.611662],[13.329205,41.61209],[13.328459,41.61291],[13.327846,41.613449],[13.327198,41.613939],[13.326681,41.614282],[13.326119,41.61462],[13.325687,41.614853],[13.324909,41.615205],[13.324226,41.615471],[13.322684,41.616033],[13.316555,41.618186],[13.315084,41.618704],[13.310739,41.620234],[13.308497,41.621024],[13.306427,41.621757],[13.305925,41.621937],[13.284512,41.629458],[13.284419,41.629493],[13.275669,41.632595],[13.274973,41.632868],[13.274333,41.633142],[13.273691,41.633445],[13.273067,41.633768],[13.272014,41.634388],[13.271596,41.634656],[13.271032,41.635046],[13.264177,41.640335],[13.263462,41.64086],[13.261795,41.641875],[13.260852,41.642393],[13.26078,41.642429],[13.259212,41.643161],[13.258065,41.643636],[13.256891,41.644101],[13.255825,41.644531],[13.249957,41.646902],[13.249441,41.647106],[13.246939,41.648125],[13.245047,41.648911],[13.243976,41.649387],[13.243264,41.649738],[13.242035,41.650401],[13.241525,41.650702],[13.240821,41.651157],[13.237438,41.653406],[13.237115,41.653621],[13.230795,41.657815],[13.230429,41.65806],[13.191951,41.683682],[13.186644,41.687182],[13.183865,41.688784],[13.183027,41.68923],[13.176732,41.692322],[13.176627,41.692373],[13.171213,41.695015],[13.171087,41.695077],[13.161108,41.699938],[13.127579,41.716319],[13.127216,41.716496],[13.125564,41.717303],[13.125472,41.717347],[13.116519,41.721718],[13.113983,41.722952],[13.113843,41.72302],[13.112257,41.723794],[13.112116,41.723864],[13.110505,41.724652],[13.097276,41.731073],[13.091412,41.73395],[13.090215,41.734511],[13.086187,41.736493],[13.079487,41.739755],[13.078519,41.740211],[13.069388,41.744697],[13.064088,41.747248],[13.06342,41.747537],[13.062593,41.747852],[13.061648,41.748135],[13.061,41.748288],[13.060007,41.748468],[13.0592,41.748568],[13.058742,41.748608],[13.057394,41.74865],[13.047781,41.748728],[13.028894,41.748846],[13.004788,41.749021],[13.004707,41.749021],[12.995941,41.749083],[12.99421,41.749182],[12.993258,41.749279],[12.992135,41.749457],[12.991497,41.749586],[12.990668,41.749777],[12.989637,41.750043],[12.988461,41.750363],[12.986824,41.750834],[12.964593,41.757281],[12.963598,41.757552],[12.962638,41.757793],[12.960673,41.758264],[12.9494,41.760777],[12.926442,41.765834],[12.920808,41.767114],[12.920306,41.767225],[12.919199,41.767462],[12.873033,41.777638],[12.870413,41.778188],[12.867452,41.778832],[12.866051,41.779175],[12.864905,41.779506],[12.863972,41.779802],[12.862583,41.780285],[12.861382,41.780764],[12.860212,41.781286],[12.858716,41.782033],[12.856317,41.783402],[12.852892,41.785305],[12.84407,41.790306],[12.836374,41.79463],[12.835172,41.795269],[12.834621,41.795556],[12.827222,41.799396],[12.823807,41.801161],[12.821073,41.802579],[12.820861,41.802685],[12.815747,41.805349],[12.815127,41.805668],[12.81423,41.80616],[12.813251,41.806769],[12.812418,41.807334],[12.811718,41.807892],[12.811172,41.808395],[12.810797,41.808785],[12.810495,41.809129],[12.810133,41.809578],[12.809723,41.810164],[12.80945,41.810604],[12.80909,41.81126],[12.808771,41.812006],[12.808591,41.812523],[12.808382,41.81321],[12.808269,41.813736],[12.808086,41.81492],[12.808001,41.81559],[12.807914,41.816174],[12.807848,41.816622],[12.807817,41.816825],[12.807514,41.818257],[12.807394,41.818703],[12.806988,41.819944],[12.806644,41.820791],[12.806296,41.821558],[12.805723,41.822689],[12.805169,41.823575],[12.803864,41.825684],[12.802401,41.828064],[12.801973,41.828837],[12.801809,41.829133],[12.801017,41.83064],[12.80044,41.831967],[12.798583,41.835903],[12.797483,41.838093],[12.796623,41.839698],[12.795397,41.84183],[12.79454,41.84324],[12.793505,41.844855],[12.791999,41.846865],[12.791713,41.847298],[12.790793,41.848345],[12.790213,41.848953],[12.789405,41.849738],[12.786927,41.85203],[12.786357,41.852608],[12.785627,41.853388],[12.785283,41.853787],[12.784632,41.854595],[12.784173,41.85521],[12.781593,41.858886],[12.780693,41.860094],[12.7798,41.86119],[12.778944,41.862145],[12.777676,41.863371],[12.776667,41.864247],[12.77488,41.865623],[12.771896,41.867715],[12.770606,41.868658],[12.76952,41.869553],[12.768652,41.870374],[12.767944,41.871189],[12.767546,41.871694],[12.767073,41.872366],[12.766514,41.873312],[12.766125,41.874146],[12.765747,41.875161],[12.765388,41.876586],[12.764972,41.878956],[12.764739,41.880261],[12.764306,41.882035],[12.764007,41.882902],[12.763568,41.883936],[12.763063,41.884929],[12.762188,41.886318],[12.761006,41.887907],[12.757892,41.891861],[12.75664,41.893572],[12.755919,41.894747],[12.755456,41.895603],[12.755074,41.896376],[12.754471,41.897762],[12.750686,41.907707],[12.749259,41.910851],[12.748744,41.911932],[12.748599,41.91221],[12.745686,41.91802],[12.745355,41.918854],[12.743827,41.92231],[12.743173,41.923839],[12.742941,41.924506],[12.74279,41.925132],[12.742743,41.92558],[12.742729,41.925807],[12.742771,41.927216],[12.742745,41.927728],[12.742676,41.928039],[12.742599,41.928232],[12.742449,41.928507],[12.742274,41.928739],[12.742047,41.928953],[12.741836,41.929099],[12.741444,41.929296],[12.741071,41.929408],[12.740657,41.929495],[12.740222,41.929524],[12.739889,41.929503],[12.739525,41.929442],[12.73901,41.929259],[12.738773,41.929145],[12.738505,41.928986],[12.73776,41.928446],[12.737214,41.928095],[12.737013,41.927985],[12.736708,41.927844],[12.736284,41.927676],[12.735676,41.927514],[12.735458,41.927481],[12.735035,41.927435],[12.73423,41.927403],[12.728997,41.927237],[12.720057,41.926923],[12.718573,41.926867],[12.716454,41.926796],[12.714178,41.926727],[12.713249,41.92669],[12.711082,41.926615],[12.70962,41.926569],[12.70778,41.926498],[12.706594,41.926415],[12.703541,41.926284],[12.70044,41.926128],[12.698837,41.926044],[12.697248,41.925941],[12.696582,41.925891],[12.69533,41.925768],[12.693597,41.925552],[12.692374,41.925374],[12.690935,41.92513],[12.68809,41.924514],[12.686372,41.924099],[12.67788,41.921904],[12.674637,41.921065],[12.671028,41.920141],[12.668658,41.919528],[12.665649,41.91876],[12.664322,41.918507],[12.663536,41.918408],[12.662909,41.918357],[12.662387,41.918331],[12.661826,41.918327],[12.660811,41.918359],[12.660362,41.918388],[12.659756,41.918454],[12.658879,41.918592],[12.658359,41.918695],[12.65731,41.918948],[12.656789,41.919105],[12.655922,41.919414],[12.655369,41.919639],[12.654708,41.919946],[12.654072,41.920275],[12.653273,41.92079],[12.652484,41.921301],[12.651448,41.921879],[12.65088,41.922183],[12.650238,41.922473],[12.649341,41.922827],[12.648732,41.923028],[12.648154,41.92319],[12.646891,41.923484],[12.646094,41.923608],[12.645457,41.923682],[12.644811,41.923725],[12.644205,41.923733],[12.64312,41.923693],[12.636058,41.923191],[12.634719,41.923113],[12.633854,41.923077],[12.632518,41.923055],[12.631419,41.923079],[12.630837,41.923093],[12.628783,41.923195],[12.626958,41.923361],[12.624694,41.923594],[12.623577,41.923693],[12.622594,41.92375],[12.62169,41.923768],[12.620872,41.923751],[12.620182,41.923706],[12.619536,41.923644],[12.618622,41.923519],[12.618012,41.923415],[12.616752,41.923121],[12.615932,41.922876],[12.615338,41.922675],[12.614727,41.922443],[12.61364,41.92194],[12.613117,41.921674],[12.61168,41.920836],[12.611047,41.92044],[12.610208,41.919907],[12.608386,41.918804],[12.607322,41.918181],[12.606544,41.917745],[12.605953,41.917441],[12.604681,41.916784],[12.603631,41.916284],[12.602587,41.915839],[12.601671,41.915479],[12.600712,41.915135],[12.598737,41.91446],[12.597897,41.914199],[12.59528,41.913445],[12.594666,41.913281],[12.592539,41.912712],[12.59037,41.912191],[12.589281,41.911949],[12.586376,41.911346],[12.584656,41.910952],[12.582937,41.910589],[12.581815,41.910362],[12.580306,41.910042],[12.579223,41.909775],[12.577907,41.909425],[12.57633,41.908982],[12.575258,41.908646],[12.574377,41.908315],[12.573543,41.907981],[12.571458,41.90711],[12.569381,41.906266],[12.568591,41.905962],[12.567352,41.90552],[12.566174,41.905124],[12.565833,41.905013],[12.564664,41.904658],[12.563833,41.904424],[12.561829,41.903893],[12.560633,41.903584],[12.55933,41.903338],[12.557311,41.902949],[12.555298,41.902593],[12.553141,41.902183],[12.551886,41.901888],[12.55093,41.901606],[12.547818,41.900588],[12.546548,41.900261],[12.545334,41.900038],[12.544552,41.899947],[12.542599,41.899815],[12.541926,41.899742],[12.541444,41.899663],[12.541039,41.899578],[12.539745,41.899266],[12.539306,41.899202],[12.538942,41.899191],[12.538686,41.899196],[12.538467,41.89922],[12.538213,41.899268],[12.537986,41.899332],[12.537688,41.899448],[12.536249,41.90016],[12.53454,41.900642],[12.53299,41.90106],[12.532686,41.901147],[12.532436,41.901223],[12.532218,41.901322],[12.532056,41.901435],[12.531855,41.901646],[12.531445,41.902096],[12.531331,41.902168],[12.531209,41.902198],[12.531092,41.902196],[12.530993,41.902167],[12.530881,41.902108],[12.530723,41.901855],[12.530651,41.901742],[12.530543,41.901548],[12.530443,41.901437],[12.530224,41.901131],[12.529306,41.900434],[12.528954,41.900134],[12.528745,41.899933],[12.528117,41.899465],[12.527369,41.898944],[12.526458,41.898374],[12.525929,41.898106],[12.525547,41.89794],[12.525085,41.897768],[12.524647,41.897631],[12.524366,41.8976],[12.522471,41.897337],[12.52203,41.897331],[12.521866,41.8973],[12.521733,41.897308],[12.521663,41.897327],[12.521464,41.897456],[12.521085,41.897793],[12.521006,41.897863],[12.520727,41.89799],[12.520616,41.898014],[12.520459,41.898017],[12.520324,41.897985],[12.520229,41.897932],[12.520088,41.897779],[12.519827,41.897231],[12.51974,41.89709],[12.519593,41.896957],[12.519398,41.896835],[12.519171,41.896729],[12.518962,41.896654],[12.518782,41.896467],[12.517952,41.895512],[12.517581,41.895109],[12.517278,41.89474],[12.516857,41.894258],[12.516323,41.89364],[12.516204,41.89351],[12.515771,41.893008],[12.515713,41.892941],[12.515673,41.892894],[12.515255,41.892432],[12.515109,41.892346],[12.515078,41.892333],[12.514867,41.892233],[12.514497,41.892058],[12.514232,41.891874],[12.51414,41.891803],[12.514111,41.891759],[12.514103,41.891621],[12.514108,41.891389],[12.514083,41.891295],[12.513957,41.891188],[12.513415,41.890998],[12.512641,41.890731],[12.511795,41.890435],[12.510954,41.890143],[12.510599,41.890019],[12.51033,41.889922],[12.508821,41.889393],[12.507538,41.888958],[12.50738,41.888914],[12.507815,41.888056],[12.506924,41.887729],[12.50663,41.887643],[12.506512,41.887611],[12.505911,41.887452],[12.50582,41.887426],[12.505456,41.88731],[12.505233,41.887224],[12.504626,41.887081],[12.50449,41.887028],[12.504405,41.886976],[12.504103,41.886647],[12.504052,41.886566],[12.503976,41.886389],[12.503822,41.886264],[12.503302,41.885902],[12.503065,41.88573],[12.502941,41.885643],[12.502646,41.885445],[12.502043,41.885031],[12.500771,41.88414],[12.499404,41.883187],[12.499101,41.882971],[12.498849,41.882826],[12.498515,41.882589],[12.498386,41.88244],[12.498216,41.882308],[12.497976,41.882224],[12.497811,41.882201],[12.49781,41.881983],[12.496978,41.880824],[12.496612,41.880323],[12.49628,41.880061],[12.496252,41.880041],[12.495816,41.88026],[12.495476,41.880521],[12.495091,41.880769],[12.494715,41.881009],[12.493499,41.881757],[12.493366,41.881844],[12.492661,41.882276],[12.490987,41.883295],[12.490828,41.883376],[12.490629,41.883447],[12.49034,41.883612],[12.49019,41.88365],[12.489654,41.884026],[12.489572,41.884099],[12.489541,41.884162],[12.489526,41.884256],[12.489544,41.884588],[12.489481,41.884677],[12.489375,41.884761],[12.48932,41.884809],[12.489205,41.884907],[12.488838,41.885117],[12.487585,41.88581],[12.483451,41.888078],[12.483261,41.888186],[12.48296,41.888355],[12.482133,41.88891],[12.482082,41.888939],[12.481674,41.889105],[12.481366,41.889228],[12.481306,41.889251],[12.48124,41.889281],[12.48112,41.889538],[12.481092,41.8896],[12.480982,41.889833],[12.480546,41.890897],[12.480576,41.890984],[12.480434,41.891321],[12.480425,41.891411],[12.480299,41.891597],[12.480281,41.89175],[12.480301,41.891867],[12.480513,41.892406],[12.480605,41.89257],[12.480709,41.892698],[12.481021,41.892945],[12.481278,41.893132],[12.481609,41.893411],[12.481791,41.893597]],"type":"LineString"}}],"metadata":{"attribution":"openrouteservice.org | OpenStreetMap contributors","service":"routing","timestamp":1772229835354,"query":{"coordinates":[[13.36126,38.11566],[12.48278,41.89306]],"profile":"driving-car","profileName":"driving-car","format":"json"},"engine":{"version":"9.5.0","build_date":"2025-10-31T12:33:09Z","graph_date":"2026-02-22T11:23:10Z","osm_date":"2026-02-09T01:00:01Z"}}}
  geojsonuse: 'true'
  id: "7"

----

Text: «Now I am in a reception centre in the Laurentina area. I took an Italian language course, and now I am trying to get my driving license. I have been playing with (link: https://www.liberinantes.org/ text: Liberi Nantes) for a year. My dream is to continue playing football and also to work as a mechanic here.»

----

Notes:

Nome intero: Abdou
---
@Silvia: ho fatto a mano il tracciato  meglio che potevo da Bamako a Algeri. Spero di averci azzeccato
@Alex dal tracciato in Africa sembra che Abdou abbia percorso la costa, ma lui ha fatto la rotta interna. Dal Mali non si passa per la costa, attraversano il deserto.
La lon di Ziguinchor era sbagliata, mancava il "-"
La città del Gambia giusta è Banjul (13.45604	-16.59689): l'ho modificata

----

Storyimages: 

----

Blocks: [{"content":{"contentblocks":"[{\"content\":{\"text\":\"<!-- Map -->\\n<iframe title=\\\"Abdou\\\" aria-label=\\\"Symbol map\\\" id=\\\"datawrapper-chart-17Rbo\\\" src=\\\"https://datawrapper.dwcdn.net/17Rbo/1/\\\" scrolling=\\\"no\\\" frameborder=\\\"0\\\" style=\\\"width: 0; min-width: 100% !important; border: none;\\\" height=\\\"1126\\\" data-external=\\\"1\\\"></iframe><script type=\\\"text/javascript\\\">window.addEventListener(\\\"message\\\",function(a){if(void 0!==a.data[\\\"datawrapper-height\\\"]){var e=document.querySelectorAll(\\\"iframe\\\");for(var t in a.data[\\\"datawrapper-height\\\"])for(var r,i=0;r=e[i];i++)if(r.contentWindow===a.source){var d=a.data[\\\"datawrapper-height\\\"][t]+\\\"px\\\";r.style.height=d}}});</script>\\n\\n<!-- Timeline -->\\n<iframe title=\\\"Abdou\\\" aria-label=\\\"Line chart\\\" id=\\\"datawrapper-chart-ygU12\\\" src=\\\"https://datawrapper.dwcdn.net/ygU12/1/\\\" scrolling=\\\"no\\\" frameborder=\\\"0\\\" style=\\\"width: 0; min-width: 100% !important; border: none;\\\" height=\\\"377\\\" data-external=\\\"1\\\"></iframe><script type=\\\"text/javascript\\\">window.addEventListener(\\\"message\\\",function(a){if(void 0!==a.data[\\\"datawrapper-height\\\"]){var e=document.querySelectorAll(\\\"iframe\\\");for(var t in a.data[\\\"datawrapper-height\\\"])for(var r,i=0;r=e[i];i++)if(r.contentWindow===a.source){var d=a.data[\\\"datawrapper-height\\\"][t]+\\\"px\\\";r.style.height=d}}});</script>\"},\"id\":\"3c07da8f-2a0f-4c5c-8e17-f39aa7a64378\",\"isHidden\":false,\"type\":\"markdown\"}]","grid":"containertexts","bgcolor":"none","bordertop":"false","borderbottom":"false","paddingtop":"three","paddingbottom":"three"},"id":"6e4b222b-594b-424b-b239-337da585c441","isHidden":false,"type":"blocks_wrapper"}]

----

Cachedsvg: <svg xmlns="http://www.w3.org/2000/svg" id="svg-map-target" viewBox="0 0 772.6627197265625 800" preserveAspectRatio="xMidYMid meet" width="800" height="800" x="0" y="0" class="geojson2svg-test" style="display: block;"><path d="M9.117194789988934,786.9684255166026 10.307001101458136,781.2004218743006 1.8128887205153408,774.8310692892501 0,766.4026075109522 1.8405526425109326,765.4261906142432" style="stroke:#6c4c87; fill: none;stroke-width:1.5px;" vector-effect="non-scaling-stroke"></path><path d="M1.8405526425109326,765.4261906142432 8.743954372479932,763.5405872302232 27.969536890005834,763.0108446976138 31.493442699572423,759.4060323105591 39.44629322992041,757.5915878878243 45.51818445777227,752.2651044923143 70.03980348313425,757.8208069610205 108.6081361200676,739.5784011937031 115.41842685094043,738.6644388204018 125.55204238879861,741.1565530830868 135.8983257910076,737.1663363057694 149.71688817460503,735.4075340935933 158.31498036057627,740.1261907106768 171.14464537339566,738.7704429504397 190.7494648910139,739.9109917774238 198.52124673632702,743.8118587674901 202.17419619218816,748.70458483162 202.08096807233844,764.6324696947967 204.74968156341404,771.6187423772357 200.68385802703241,781.3716673347687 203.00755720221184,784.9878583792016" style="stroke:#6c4c87; fill: none;stroke-width:1.5px;" vector-effect="non-scaling-stroke"></path><path d="M203.00833792915518,784.9874110259015 243.5266836361904,765.6361220755406 255.78836683490948,777.126855934665 275.9802056182256,769.2844581389487 321.0879829435878,795.4796057452438 346.96067630167954,795.8577901592662 361.2703138950256,789.1324364782848 379.01736450180186,795.7717757929763 403.4765544394267,800 408.7117940332706,799.1836838606943 412.2637902577603,796.8830823842768 415.90913945832847,790.8260077471416 425.6808213203568,788.9417939799167 432.5065840973762,773.453731428909 439.1182541162099,763.7276788590219 448.2404481294853,762.2327728793456 454.9742387082953,766.5406114910925 498.23480890702916,756.8943893288929 513.6396118297192,757.3178495523895 515.4991400149306,754.6486742664015 516.4149971823538,743.1580474559871 516.0460246861518,733.6819842123543 514.3686300973309,731.4090422547328 520.7674889667081,728.712345908168 526.7927457618537,722.5083405447373 532.1796703304626,721.9257717047634 533.5705896170871,718.2983119628051 537.7783144299556,717.0391982396169 541.2170124252726,712.8941084230423 555.446656219327,704.1938284626855 563.931168606844,686.4068865542503 575.4585836841858,682.6467755175746 577.5260269209327,680.1624456339239 571.2737156590463,677.7148204995194 572.7214014355056,671.6573032760522 566.8792856553763,651.6159256819359 568.393942839538,649.7983654478536 567.52292891482,642.919696779041 564.7966610132582,640.537304401727 562.9062365154973,633.6841794100394 534.8184264212998,619.3837861943715 525.7362469702935,621.5454434029823 525.8185639138051,606.9064097689774 527.2260442376096,604.7322907389579 524.5173783748028,595.7849364492876 525.7807850506946,582.7737402032863 522.4240339159245,575.6276680607257 521.1927680777831,566.9477393142695 522.8783782043637,555.3203645761312 519.6232185996533,547.2661242519824 518.8153591391971,539.8787750804576 520.2886711564329,536.1771935774707 513.5638734675592,532.2353079936912 510.1727128582872,519.0573955388402 509.51605279958943,503.3098920278429 505.25883134268986,491.1625950216483 491.74353443978083,478.28069713587155 484.8319025244395,476.2826051103018 478.18337581200433,471.0837980513825 475.6446765278618,473.1227841358344 467.93747061092387,465.0114070152714 465.2064924411461,457.4998091955116 463.85243414728484,443.400336462326 449.29662985368344,421.47396164479255 452.7302671005072,400.2955711269808 449.477749951132,375.66718751992863 452.2000872953112,363.2379853917442 456.5257588340378,359.47504115062316 460.28054533976893,342.19038250072225 458.2240244441579,331.43808367826944 469.06776755207966,321.63025601375784 479.2174589980535,294.5400973528213 479.9297592640267,283.6982329962679 476.31496821311157,277.2447730789664 477.8651200072512,273.63269788683897 477.2363485122348,265.30079366096885 462.27963960651573,253.3343563828833 457.5267058601953,241.71824860014158 467.1203108052263,216.74670377088043 462.32642191115775,210.4683382559727 459.62514485648916,192.66424258670682 458.06656201750616,188.54489669651306 455.23946649815304,187.880491652879 454.51235833424175,182.25396201353738 458.50873609339635,178.81847407936655 458.9907205284156,175.22500990693663 455.64096323798464,170.91316895397463 454.6723972497483,165.27998926680112 462.5031827486761,158.88062869289826 462.3876520934352,155.86618334461156" style="stroke:#6c4c87; fill: none;stroke-width:1.5px;" vector-effect="non-scaling-stroke"></path><path d="M461.7045745432899,155.9128940310005 470.0719366285493,162.01055018231997 476.8947188285436,163.2499504696706 480.09301734153894,167.91123218983444 487.24991489738625,169.318139133842 499.3236306171541,176.5608339370837 504.6970534453853,177.21108417388464 514.385169388864,173.76796678706535 532.6434370653997,174.92023944384906 546.1766995926218,170.0545043892664 557.7637078505475,174.04107779369335 563.7508380238588,184.18916062050934 567.7995007279945,184.84414608927548 570.118625863289,188.9216509240331 578.9345189738577,195.17702354698972 581.8367881957723,194.78658053639973 591.0509317466854,205.29055035108573 589.9737230224888,215.32939205942606 596.6709175853433,224.69983200070857 605.0202821659204,229.1547820614114 612.1217824318231,227.8273376455007 619.9659490804648,231.94668576476354 629.0208861467748,246.5901809377597 638.7717860711151,255.52806703820679 653.0929793432967,262.08453578590724 661.3132380098215,259.73650651454074 678.7861813680834,269.6730277861681 688.3743412564332,270.982264195875 699.2777070945932,266.96106840094774" style="stroke:#6c4c87; fill: none;stroke-width:1.5px;" vector-effect="non-scaling-stroke"></path><path d="M699.2884293617664,266.8867110548048 687.9743028122459,270.7960716874106 684.1283927409715,269.9929108403451" style="stroke:#6c4c87; fill: none;stroke-width:1.5px;" vector-effect="non-scaling-stroke"></path><path d="M684.1282521960673,269.9862239816637 682.1030938217634,269.1258648323468" style="stroke:#6c4c87; fill: none;stroke-width:1.5px;" vector-effect="non-scaling-stroke"></path><path d="M682.1019694625292,269.1231891548432 685.3324870387328,184.98696285606877 673.1763962822827,140.7779070419445 677.4320621197124,116.2163774138964 691.1411215167819,109.83163720475507 703.5296798130182,116.55312855922143" style="stroke:#6c4c87; fill: none;stroke-width:1.5px;" vector-effect="non-scaling-stroke"></path><path d="M703.539845894429,116.59022501485393 712.4211126384062,121.05352776664124 725.6485197303837,120.03785046392255 736.9642116099749,115.65181171646151 743.847796508438,116.60588512636782 761.1596493366163,111.53940014159383 769.442944361115,101.0043395482406 771.7305937683425,94.42214350994377 768.3680803572092,89.16326471943745 772.6627344219356,84.14220115145342 770.3251447253815,74.33035665178932 770.938131325469,65.84474578711676 764.9210291861418,63.25840051533023 753.5545537477983,43.591651422408816 747.0039197276126,40.38279047171871 741.9066605627526,41.08739233681108 733.4571711889238,35.85432629257423 717.6388890587001,16.221008780791202 692.0933769813903,4.61853366070384 689.0460823664425,0 682.9288654069552,0.9728718453602967" style="stroke:#6c4c87; fill: none;stroke-width:1.5px;" vector-effect="non-scaling-stroke"></path></svg>

----

Metatitle: 

----

Metatemplate: 

----

Usetitletemplate: true

----

Metadescription: 

----

Ogtemplate: 

----

Useogtemplate: true

----

Ogdescription: 

----

Ogimage: 

----

Twittercardtype: 

----

Twitterauthor: 

----

Metainherit: 

----

Robotsindex: true

----

Robotsfollow: true

----

Robotsarchive: true

----

Robotsimageindex: true

----

Robotssnippet: true

----

Uuid: Txwt0dYdPBA8HKdo

----

Updated: 2026-04-17 15:55:14